$MeshFormat
4.1 0 8
$EndMeshFormat
$PhysicalNames
3
1 1 "Top"
1 2 "Bottom"
2 3 "Domain"
$EndPhysicalNames
$Entities
8 8 1 0
1 0 0 0 0 
2 0.001 0 0 0 
3 0.001 0.001 0 0 
4 0 0.001 0 0 
5 0 0.000501 0 0 
6 0.0005 0.000501 0 0 
7 0.0005 0.000499 0 0 
8 0 0.000499 0 0 
1 0 0 0 0.001 0 0 1 2 2 1 -2 
2 0.001 0 0 0.001 0.001 0 0 2 2 -3 
3 0 0.001 0 0.001 0.001 0 1 1 2 3 -4 
4 0 0.000501 0 0 0.001 0 0 2 4 -5 
5 0 0.000501 0 0.0005 0.000501 0 0 2 5 -6 
6 0.0005 0.000499 0 0.0005 0.000501 0 0 2 6 -7 
7 0 0.000499 0 0.0005 0.000499 0 0 2 7 -8 
8 0 0 0 0 0.000499 0 0 2 8 -1 
1 0 0 0 0.001 0.001 0 1 3 8 1 2 3 4 5 6 7 8 
$EndEntities
$Nodes
16 10659 1 10659
0 1 0 1
1
0 0 0
0 2 0 1
2
0.001 0 0
0 3 0 1
3
0.001 0.001 0
0 4 0 1
4
0 0.001 0
0 5 0 1
5
0 0.000501 0
0 6 0 1
6
0.0005 0.000501 0
0 7 0 1
7
0.0005 0.000499 0
0 8 0 1
8
0 0.000499 0
1 1 0 19
9
10
11
12
13
14
15
16
17
18
19
20
21
22
23
24
25
26
27
6.247487002132436e-05 0 0
0.0001213585275732487 0 0
0.0001771893766651724 0 0
0.0002304802810081922 0 0
0.0002817232326555587 0 0
0.0003313935652445716 0 0
0.0003799539535596972 0 0
0.0004278582133734859 0 0
0.0004755435233634295 0 0
0.0005232213848757125 0 0
0.0005708992463880746 0 0
0.0006185771079005276 0 0
0.0006662549694130352 0 0
0.0007139328309253429 0 0
0.0007616106924378564 0 0
0.0008092885539502815 0 0
0.0008569664154626718 0 0
0.000904644276975185 0 0
0.0009523221384875122 0 0
1 2 0 77
28
29
30
31
32
33
34
35
36
37
38
39
40
41
42
43
44
45
46
47
48
49
50
51
52
53
54
55
56
57
58
59
60
61
62
63
64
65
66
67
68
69
70
71
72
73
74
75
76
77
78
79
80
81
82
83
84
85
86
87
88
89
90
91
92
93
94
95
96
97
98
99
100
101
102
103
104
0.001 4.649199232845304e-05 0
0.001 8.87092019641437e-05 0
0.001 0.0001270446824983639 0
0.001 0.0001618553462989088 0
0.001 0.0001934652833547752 0
0.001 0.0002221687963394555 0
0.001 0.000248233115297867 0
0.001 0.0002719009073970467 0
0.001 0.0002933925268582289 0
0.001 0.0003129080618050882 0
0.001 0.0003306292120510606 0
0.001 0.0003467209581101041 0
0.001 0.0003613331257617582 0
0.001 0.0003746017530129866 0
0.001 0.000386650373518589 0
0.001 0.0003975911641751553 0
0.001 0.0004075259860849091 0
0.001 0.0004165473338027988 0
0.001 0.0004247391999277078 0
0.001 0.0004321778501413469 0
0.001 0.0004389325432808366 0
0.001 0.0004450661643208493 0
0.001 0.0004506358193645641 0
0.001 0.0004556933630568078 0
0.001 0.0004602858827942305 0
0.001 0.0004644561356318421 0
0.001 0.0004682429479737552 0
0.001 0.0004716815756881123 0
0.001 0.0004748040331545456 0
0.001 0.0004776393911361532 0
0.001 0.0004802149459318541 0
0.001 0.0004826880776903388 0
0.001 0.0004851612094488219 0
0.001 0.0004876343412073027 0
0.001 0.0004901074729657836 0
0.001 0.0004925806047242649 0
0.001 0.000495053736482749 0
0.001 0.0004975268682412332 0
0.001 0.0004999999999997174 0
0.001 0.0005024731317582149 0
0.001 0.0005049462635167126 0
0.001 0.0005074193952752101 0
0.001 0.0005098925270337134 0
0.001 0.0005123656587922176 0
0.001 0.0005148387905507219 0
0.001 0.0005173119223092262 0
0.001 0.0005197850540677297 0
0.001 0.0005223606088634073 0
0.001 0.0005251959668449867 0
0.001 0.0005283184243113906 0
0.001 0.0005317570520257173 0
0.001 0.0005355438643675991 0
0.001 0.0005397141172051785 0
0.001 0.0005443066369425683 0
0.001 0.0005493641806347777 0
0.001 0.0005549338356784583 0
0.001 0.0005610674567184369 0
0.001 0.0005678221498578921 0
0.001 0.0005752608000714965 0
0.001 0.0005834526661963733 0
0.001 0.0005924740139142316 0
0.001 0.0006024088358239566 0
0.001 0.0006133496264804964 0
0.001 0.000625398246986077 0
0.001 0.0006386668742372875 0
0.001 0.0006532790418889306 0
0.001 0.0006693707879479693 0
0.001 0.0006870919381939471 0
0.001 0.0007066074731408214 0
0.001 0.0007280990926020306 0
0.001 0.0007517668847012525 0
0.001 0.0007778312036597261 0
0.001 0.0008065347166444882 0
0.001 0.0008381446537004653 0
0.001 0.0008729553175011488 0
0.001 0.0009112907980354932 0
0.001 0.0009535080076713401 0
1 3 0 19
105
106
107
108
109
110
111
112
113
114
115
116
117
118
119
120
121
122
123
0.0009523221384875991 0.001 0
0.0009046442769753464 0.001 0
0.0008569664154632551 0.001 0
0.0008092885539510952 0.001 0
0.0007616106924388426 0.001 0
0.0007139328309265054 0.001 0
0.0006662549694143043 0.001 0
0.0006185771079023103 0.001 0
0.0005708992463902963 0.001 0
0.0005232213848780452 0.001 0
0.0004755435233657235 0.001 0
0.0004278582133754953 0.001 0
0.0003799539535614587 0.001 0
0.0003313935652460972 0.001 0
0.0002817232326568491 0.001 0
0.0002304802810092454 0.001 0
0.0001771893766659763 0.001 0
0.0001213585275737745 0.001 0
6.247487002160801e-05 0.001 0
1 4 0 9
124
125
126
127
128
129
130
131
132
0 0.0009389167437323551 0
0 0.0008815564641919793 0
0 0.000827417812189257 0
0 0.0007760252200629248 0
0 0.000726925031558088 0
0 0.0006796815500184059 0
0 0.0006338734836177394 0
0 0.0005890905425402465 0
0 0.0005449302100952771 0
1 5 0 49
133
134
135
136
137
138
139
140
141
142
143
144
145
146
147
148
149
150
151
152
153
154
155
156
157
158
159
160
161
162
163
164
165
166
167
168
169
170
171
172
173
174
175
176
177
178
179
180
181
4.41468401599445e-05 0.000501 0
8.419617439524663e-05 0.000501 0
0.0001205283094864189 0.000501 0
0.000153488260895264 0.000501 0
0.0001833890192525823 0.000501 0
0.0002105145298923627 0.000501 0
0.0002351223685393066 0.000501 0
0.0002574462213988892 0.000501 0
0.0002776980726158683 0.000501 0
0.0002960702399883025 0.000501 0
0.00031273718650079 0.000501 0
0.0003278571803199562 0.000501 0
0.0003415738063117854 0.000501 0
0.0003540173198318046 0.000501 0
0.0003653058808368671 0.000501 0
0.0003755466893444081 0.000501 0
0.0003848369910858471 0.000501 0
0.0003932650095493475 0.000501 0
0.0004009107789025794 0.000501 0
0.0004078469002834212 0.000501 0
0.0004141392450101062 0.000501 0
0.0004198475613398225 0.000501 0
0.0004250260574345802 0.000501 0
0.0004297239092632575 0.000501 0
0.00043398572779177 0.000501 0
0.0004378519840320346 0.000501 0
0.0004413593914823427 0.000501 0
0.0004445412574885251 0.000501 0
0.0004474277968785425 0.000501 0
0.0004500464631398925 0.000501 0
0.000452544139982903 0.000501 0
0.0004550418168259137 0.000501 0
0.000457539493668923 0.000501 0
0.0004600371705119269 0.000501 0
0.0004625348473549265 0.000501 0
0.0004650325241979236 0.000501 0
0.0004675302010409207 0.000501 0
0.0004700278778839179 0.000501 0
0.000472525554726915 0.000501 0
0.0004750232315699122 0.000501 0
0.0004775209084129119 0.000501 0
0.0004800185852559158 0.000501 0
0.0004825162620989252 0.000501 0
0.000485013938941936 0.000501 0
0.0004875116157849466 0.000501 0
0.0004900092926279573 0.000501 0
0.000492506969470968 0.000501 0
0.0004950046463139786 0.000501 0
0.0004975023231569894 0.000501 0
1 7 0 49
182
183
184
185
186
187
188
189
190
191
192
193
194
195
196
197
198
199
200
201
202
203
204
205
206
207
208
209
210
211
212
213
214
215
216
217
218
219
220
221
222
223
224
225
226
227
228
229
230
0.0004975023231569836 0.000499 0
0.0004950046463139672 0.000499 0
0.0004925069694709509 0.000499 0
0.0004900092926279345 0.000499 0
0.0004875116157849203 0.000499 0
0.0004850139389419107 0.000499 0
0.0004825162620989061 0.000499 0
0.0004800185852559033 0.000499 0
0.0004775209084129005 0.000499 0
0.0004750232315698976 0.000499 0
0.0004725255547268948 0.000499 0
0.0004700278778838919 0.000499 0
0.0004675302010408891 0.000499 0
0.0004650325241978863 0.000499 0
0.0004625348473548834 0.000499 0
0.0004600371705118806 0.000499 0
0.0004575394936688778 0.000499 0
0.0004550418168258749 0.000499 0
0.0004525441399828721 0.000499 0
0.0004500464631398693 0.000499 0
0.0004474277968785224 0.000499 0
0.0004445412574885087 0.000499 0
0.000441359391482331 0.000499 0
0.0004378519840320287 0.000499 0
0.0004339857277917762 0.000499 0
0.0004297239092632793 0.000499 0
0.0004250260574346204 0.000499 0
0.0004198475613398845 0.000499 0
0.0004141392450101939 0.000499 0
0.0004078469002835396 0.000499 0
0.0004009107789027339 0.000499 0
0.000393265009549544 0.000499 0
0.0003848369910860923 0.000499 0
0.0003755466893447107 0.000499 0
0.0003653058808372353 0.000499 0
0.0003540173198322496 0.000499 0
0.0003415738063123189 0.000499 0
0.0003278571803205908 0.000499 0
0.0003127371865015417 0.000499 0
0.0002960702399891885 0.000499 0
0.0002776980726169075 0.000499 0
0.0002574462214001043 0.000499 0
0.0002351223685405523 0.000499 0
0.0002105145298935346 0.000499 0
0.0001833890192536524 0.000499 0
0.0001534882608961974 0.000499 0
0.0001205283094871768 0.000499 0
8.419617439578555e-05 0.000499 0
4.414684016023441e-05 0.000499 0
1 8 0 9
231
232
233
234
235
236
237
238
239
0 0.0004550697899048935 0
0 0.0004109094574601286 0
0 0.0003661265163828719 0
0 0.000320318449982452 0
0 0.0002730749684430455 0
0 0.0002239747799382262 0
0 0.0001725821878116396 0
0 0.0001184435358086135 0
0 6.108325626792867e-05 0
2 1 0 10420
240
241
242
243
244
245
246
247
248
249
250
251
252
253
254
255
256
257
258
259
260
261
262
263
264
265
266
267
268
269
270
271
272
273
274
275
276
277
278
279
280
281
282
283
284
285
286
287
288
289
290
291
292
293
294
295
296
297
298
299
300
301
302
303
304
305
306
307
308
309
310
311
312
313
314
315
316
317
318
319
320
321
322
323
324
325
326
327
328
329
330
331
332
333
334
335
336
337
338
339
340
341
342
343
344
345
346
347
348
349
350
351
352
353
354
355
356
357
358
359
360
361
362
363
364
365
366
367
368
369
370
371
372
373
374
375
376
377
378
379
380
381
382
383
384
385
386
387
388
389
390
391
392
393
394
395
396
397
398
399
400
401
402
403
404
405
406
407
408
409
410
411
412
413
414
415
416
417
418
419
420
421
422
423
424
425
426
427
428
429
430
431
432
433
434
435
436
437
438
439
440
441
442
443
444
445
446
447
448
449
450
451
452
453
454
455
456
457
458
459
460
461
462
463
464
465
466
467
468
469
470
471
472
473
474
475
476
477
478
479
480
481
482
483
484
485
486
487
488
489
490
491
492
493
494
495
496
497
498
499
500
501
502
503
504
505
506
507
508
509
510
511
512
513
514
515
516
517
518
519
520
521
522
523
524
525
526
527
528
529
530
531
532
533
534
535
536
537
538
539
540
541
542
543
544
545
546
547
548
549
550
551
552
553
554
555
556
557
558
559
560
561
562
563
564
565
566
567
568
569
570
571
572
573
574
575
576
577
578
579
580
581
582
583
584
585
586
587
588
589
590
591
592
593
594
595
596
597
598
599
600
601
602
603
604
605
606
607
608
609
610
611
612
613
614
615
616
617
618
619
620
621
622
623
624
625
626
627
628
629
630
631
632
633
634
635
636
637
638
639
640
641
642
643
644
645
646
647
648
649
650
651
652
653
654
655
656
657
658
659
660
661
662
663
664
665
666
667
668
669
670
671
672
673
674
675
676
677
678
679
680
681
682
683
684
685
686
687
688
689
690
691
692
693
694
695
696
697
698
699
700
701
702
703
704
705
706
707
708
709
710
711
712
713
714
715
716
717
718
719
720
721
722
723
724
725
726
727
728
729
730
731
732
733
734
735
736
737
738
739
740
741
742
743
744
745
746
747
748
749
750
751
752
753
754
755
756
757
758
759
760
761
762
763
764
765
766
767
768
769
770
771
772
773
774
775
776
777
778
779
780
781
782
783
784
785
786
787
788
789
790
791
792
793
794
795
796
797
798
799
800
801
802
803
804
805
806
807
808
809
810
811
812
813
814
815
816
817
818
819
820
821
822
823
824
825
826
827
828
829
830
831
832
833
834
835
836
837
838
839
840
841
842
843
844
845
846
847
848
849
850
851
852
853
854
855
856
857
858
859
860
861
862
863
864
865
866
867
868
869
870
871
872
873
874
875
876
877
878
879
880
881
882
883
884
885
886
887
888
889
890
891
892
893
894
895
896
897
898
899
900
901
902
903
904
905
906
907
908
909
910
911
912
913
914
915
916
917
918
919
920
921
922
923
924
925
926
927
928
929
930
931
932
933
934
935
936
937
938
939
940
941
942
943
944
945
946
947
948
949
950
951
952
953
954
955
956
957
958
959
960
961
962
963
964
965
966
967
968
969
970
971
972
973
974
975
976
977
978
979
980
981
982
983
984
985
986
987
988
989
990
991
992
993
994
995
996
997
998
999
1000
1001
1002
1003
1004
1005
1006
1007
1008
1009
1010
1011
1012
1013
1014
1015
1016
1017
1018
1019
1020
1021
1022
1023
1024
1025
1026
1027
1028
1029
1030
1031
1032
1033
1034
1035
1036
1037
1038
1039
1040
1041
1042
1043
1044
1045
1046
1047
1048
1049
1050
1051
1052
1053
1054
1055
1056
1057
1058
1059
1060
1061
1062
1063
1064
1065
1066
1067
1068
1069
1070
1071
1072
1073
1074
1075
1076
1077
1078
1079
1080
1081
1082
1083
1084
1085
1086
1087
1088
1089
1090
1091
1092
1093
1094
1095
1096
1097
1098
1099
1100
1101
1102
1103
1104
1105
1106
1107
1108
1109
1110
1111
1112
1113
1114
1115
1116
1117
1118
1119
1120
1121
1122
1123
1124
1125
1126
1127
1128
1129
1130
1131
1132
1133
1134
1135
1136
1137
1138
1139
1140
1141
1142
1143
1144
1145
1146
1147
1148
1149
1150
1151
1152
1153
1154
1155
1156
1157
1158
1159
1160
1161
1162
1163
1164
1165
1166
1167
1168
1169
1170
1171
1172
1173
1174
1175
1176
1177
1178
1179
1180
1181
1182
1183
1184
1185
1186
1187
1188
1189
1190
1191
1192
1193
1194
1195
1196
1197
1198
1199
1200
1201
1202
1203
1204
1205
1206
1207
1208
1209
1210
1211
1212
1213
1214
1215
1216
1217
1218
1219
1220
1221
1222
1223
1224
1225
1226
1227
1228
1229
1230
1231
1232
1233
1234
1235
1236
1237
1238
1239
1240
1241
1242
1243
1244
1245
1246
1247
1248
1249
1250
1251
1252
1253
1254
1255
1256
1257
1258
1259
1260
1261
1262
1263
1264
1265
1266
1267
1268
1269
1270
1271
1272
1273
1274
1275
1276
1277
1278
1279
1280
1281
1282
1283
1284
1285
1286
1287
1288
1289
1290
1291
1292
1293
1294
1295
1296
1297
1298
1299
1300
1301
1302
1303
1304
1305
1306
1307
1308
1309
1310
1311
1312
1313
1314
1315
1316
1317
1318
1319
1320
1321
1322
1323
1324
1325
1326
1327
1328
1329
1330
1331
1332
1333
1334
1335
1336
1337
1338
1339
1340
1341
1342
1343
1344
1345
1346
1347
1348
1349
1350
1351
1352
1353
1354
1355
1356
1357
1358
1359
1360
1361
1362
1363
1364
1365
1366
1367
1368
1369
1370
1371
1372
1373
1374
1375
1376
1377
1378
1379
1380
1381
1382
1383
1384
1385
1386
1387
1388
1389
1390
1391
1392
1393
1394
1395
1396
1397
1398
1399
1400
1401
1402
1403
1404
1405
1406
1407
1408
1409
1410
1411
1412
1413
1414
1415
1416
1417
1418
1419
1420
1421
1422
1423
1424
1425
1426
1427
1428
1429
1430
1431
1432
1433
1434
1435
1436
1437
1438
1439
1440
1441
1442
1443
1444
1445
1446
1447
1448
1449
1450
1451
1452
1453
1454
1455
1456
1457
1458
1459
1460
1461
1462
1463
1464
1465
1466
1467
1468
1469
1470
1471
1472
1473
1474
1475
1476
1477
1478
1479
1480
1481
1482
1483
1484
1485
1486
1487
1488
1489
1490
1491
1492
1493
1494
1495
1496
1497
1498
1499
1500
1501
1502
1503
1504
1505
1506
1507
1508
1509
1510
1511
1512
1513
1514
1515
1516
1517
1518
1519
1520
1521
1522
1523
1524
1525
1526
1527
1528
1529
1530
1531
1532
1533
1534
1535
1536
1537
1538
1539
1540
1541
1542
1543
1544
1545
1546
1547
1548
1549
1550
1551
1552
1553
1554
1555
1556
1557
1558
1559
1560
1561
1562
1563
1564
1565
1566
1567
1568
1569
1570
1571
1572
1573
1574
1575
1576
1577
1578
1579
1580
1581
1582
1583
1584
1585
1586
1587
1588
1589
1590
1591
1592
1593
1594
1595
1596
1597
1598
1599
1600
1601
1602
1603
1604
1605
1606
1607
1608
1609
1610
1611
1612
1613
1614
1615
1616
1617
1618
1619
1620
1621
1622
1623
1624
1625
1626
1627
1628
1629
1630
1631
1632
1633
1634
1635
1636
1637
1638
1639
1640
1641
1642
1643
1644
1645
1646
1647
1648
1649
1650
1651
1652
1653
1654
1655
1656
1657
1658
1659
1660
1661
1662
1663
1664
1665
1666
1667
1668
1669
1670
1671
1672
1673
1674
1675
1676
1677
1678
1679
1680
1681
1682
1683
1684
1685
1686
1687
1688
1689
1690
1691
1692
1693
1694
1695
1696
1697
1698
1699
1700
1701
1702
1703
1704
1705
1706
1707
1708
1709
1710
1711
1712
1713
1714
1715
1716
1717
1718
1719
1720
1721
1722
1723
1724
1725
1726
1727
1728
1729
1730
1731
1732
1733
1734
1735
1736
1737
1738
1739
1740
1741
1742
1743
1744
1745
1746
1747
1748
1749
1750
1751
1752
1753
1754
1755
1756
1757
1758
1759
1760
1761
1762
1763
1764
1765
1766
1767
1768
1769
1770
1771
1772
1773
1774
1775
1776
1777
1778
1779
1780
1781
1782
1783
1784
1785
1786
1787
1788
1789
1790
1791
1792
1793
1794
1795
1796
1797
1798
1799
1800
1801
1802
1803
1804
1805
1806
1807
1808
1809
1810
1811
1812
1813
1814
1815
1816
1817
1818
1819
1820
1821
1822
1823
1824
1825
1826
1827
1828
1829
1830
1831
1832
1833
1834
1835
1836
1837
1838
1839
1840
1841
1842
1843
1844
1845
1846
1847
1848
1849
1850
1851
1852
1853
1854
1855
1856
1857
1858
1859
1860
1861
1862
1863
1864
1865
1866
1867
1868
1869
1870
1871
1872
1873
1874
1875
1876
1877
1878
1879
1880
1881
1882
1883
1884
1885
1886
1887
1888
1889
1890
1891
1892
1893
1894
1895
1896
1897
1898
1899
1900
1901
1902
1903
1904
1905
1906
1907
1908
1909
1910
1911
1912
1913
1914
1915
1916
1917
1918
1919
1920
1921
1922
1923
1924
1925
1926
1927
1928
1929
1930
1931
1932
1933
1934
1935
1936
1937
1938
1939
1940
1941
1942
1943
1944
1945
1946
1947
1948
1949
1950
1951
1952
1953
1954
1955
1956
1957
1958
1959
1960
1961
1962
1963
1964
1965
1966
1967
1968
1969
1970
1971
1972
1973
1974
1975
1976
1977
1978
1979
1980
1981
1982
1983
1984
1985
1986
1987
1988
1989
1990
1991
1992
1993
1994
1995
1996
1997
1998
1999
2000
2001
2002
2003
2004
2005
2006
2007
2008
2009
2010
2011
2012
2013
2014
2015
2016
2017
2018
2019
2020
2021
2022
2023
2024
2025
2026
2027
2028
2029
2030
2031
2032
2033
2034
2035
2036
2037
2038
2039
2040
2041
2042
2043
2044
2045
2046
2047
2048
2049
2050
2051
2052
2053
2054
2055
2056
2057
2058
2059
2060
2061
2062
2063
2064
2065
2066
2067
2068
2069
2070
2071
2072
2073
2074
2075
2076
2077
2078
2079
2080
2081
2082
2083
2084
2085
2086
2087
2088
2089
2090
2091
2092
2093
2094
2095
2096
2097
2098
2099
2100
2101
2102
2103
2104
2105
2106
2107
2108
2109
2110
2111
2112
2113
2114
2115
2116
2117
2118
2119
2120
2121
2122
2123
2124
2125
2126
2127
2128
2129
2130
2131
2132
2133
2134
2135
2136
2137
2138
2139
2140
2141
2142
2143
2144
2145
2146
2147
2148
2149
2150
2151
2152
2153
2154
2155
2156
2157
2158
2159
2160
2161
2162
2163
2164
2165
2166
2167
2168
2169
2170
2171
2172
2173
2174
2175
2176
2177
2178
2179
2180
2181
2182
2183
2184
2185
2186
2187
2188
2189
2190
2191
2192
2193
2194
2195
2196
2197
2198
2199
2200
2201
2202
2203
2204
2205
2206
2207
2208
2209
2210
2211
2212
2213
2214
2215
2216
2217
2218
2219
2220
2221
2222
2223
2224
2225
2226
2227
2228
2229
2230
2231
2232
2233
2234
2235
2236
2237
2238
2239
2240
2241
2242
2243
2244
2245
2246
2247
2248
2249
2250
2251
2252
2253
2254
2255
2256
2257
2258
2259
2260
2261
2262
2263
2264
2265
2266
2267
2268
2269
2270
2271
2272
2273
2274
2275
2276
2277
2278
2279
2280
2281
2282
2283
2284
2285
2286
2287
2288
2289
2290
2291
2292
2293
2294
2295
2296
2297
2298
2299
2300
2301
2302
2303
2304
2305
2306
2307
2308
2309
2310
2311
2312
2313
2314
2315
2316
2317
2318
2319
2320
2321
2322
2323
2324
2325
2326
2327
2328
2329
2330
2331
2332
2333
2334
2335
2336
2337
2338
2339
2340
2341
2342
2343
2344
2345
2346
2347
2348
2349
2350
2351
2352
2353
2354
2355
2356
2357
2358
2359
2360
2361
2362
2363
2364
2365
2366
2367
2368
2369
2370
2371
2372
2373
2374
2375
2376
2377
2378
2379
2380
2381
2382
2383
2384
2385
2386
2387
2388
2389
2390
2391
2392
2393
2394
2395
2396
2397
2398
2399
2400
2401
2402
2403
2404
2405
2406
2407
2408
2409
2410
2411
2412
2413
2414
2415
2416
2417
2418
2419
2420
2421
2422
2423
2424
2425
2426
2427
2428
2429
2430
2431
2432
2433
2434
2435
2436
2437
2438
2439
2440
2441
2442
2443
2444
2445
2446
2447
2448
2449
2450
2451
2452
2453
2454
2455
2456
2457
2458
2459
2460
2461
2462
2463
2464
2465
2466
2467
2468
2469
2470
2471
2472
2473
2474
2475
2476
2477
2478
2479
2480
2481
2482
2483
2484
2485
2486
2487
2488
2489
2490
2491
2492
2493
2494
2495
2496
2497
2498
2499
2500
2501
2502
2503
2504
2505
2506
2507
2508
2509
2510
2511
2512
2513
2514
2515
2516
2517
2518
2519
2520
2521
2522
2523
2524
2525
2526
2527
2528
2529
2530
2531
2532
2533
2534
2535
2536
2537
2538
2539
2540
2541
2542
2543
2544
2545
2546
2547
2548
2549
2550
2551
2552
2553
2554
2555
2556
2557
2558
2559
2560
2561
2562
2563
2564
2565
2566
2567
2568
2569
2570
2571
2572
2573
2574
2575
2576
2577
2578
2579
2580
2581
2582
2583
2584
2585
2586
2587
2588
2589
2590
2591
2592
2593
2594
2595
2596
2597
2598
2599
2600
2601
2602
2603
2604
2605
2606
2607
2608
2609
2610
2611
2612
2613
2614
2615
2616
2617
2618
2619
2620
2621
2622
2623
2624
2625
2626
2627
2628
2629
2630
2631
2632
2633
2634
2635
2636
2637
2638
2639
2640
2641
2642
2643
2644
2645
2646
2647
2648
2649
2650
2651
2652
2653
2654
2655
2656
2657
2658
2659
2660
2661
2662
2663
2664
2665
2666
2667
2668
2669
2670
2671
2672
2673
2674
2675
2676
2677
2678
2679
2680
2681
2682
2683
2684
2685
2686
2687
2688
2689
2690
2691
2692
2693
2694
2695
2696
2697
2698
2699
2700
2701
2702
2703
2704
2705
2706
2707
2708
2709
2710
2711
2712
2713
2714
2715
2716
2717
2718
2719
2720
2721
2722
2723
2724
2725
2726
2727
2728
2729
2730
2731
2732
2733
2734
2735
2736
2737
2738
2739
2740
2741
2742
2743
2744
2745
2746
2747
2748
2749
2750
2751
2752
2753
2754
2755
2756
2757
2758
2759
2760
2761
2762
2763
2764
2765
2766
2767
2768
2769
2770
2771
2772
2773
2774
2775
2776
2777
2778
2779
2780
2781
2782
2783
2784
2785
2786
2787
2788
2789
2790
2791
2792
2793
2794
2795
2796
2797
2798
2799
2800
2801
2802
2803
2804
2805
2806
2807
2808
2809
2810
2811
2812
2813
2814
2815
2816
2817
2818
2819
2820
2821
2822
2823
2824
2825
2826
2827
2828
2829
2830
2831
2832
2833
2834
2835
2836
2837
2838
2839
2840
2841
2842
2843
2844
2845
2846
2847
2848
2849
2850
2851
2852
2853
2854
2855
2856
2857
2858
2859
2860
2861
2862
2863
2864
2865
2866
2867
2868
2869
2870
2871
2872
2873
2874
2875
2876
2877
2878
2879
2880
2881
2882
2883
2884
2885
2886
2887
2888
2889
2890
2891
2892
2893
2894
2895
2896
2897
2898
2899
2900
2901
2902
2903
2904
2905
2906
2907
2908
2909
2910
2911
2912
2913
2914
2915
2916
2917
2918
2919
2920
2921
2922
2923
2924
2925
2926
2927
2928
2929
2930
2931
2932
2933
2934
2935
2936
2937
2938
2939
2940
2941
2942
2943
2944
2945
2946
2947
2948
2949
2950
2951
2952
2953
2954
2955
2956
2957
2958
2959
2960
2961
2962
2963
2964
2965
2966
2967
2968
2969
2970
2971
2972
2973
2974
2975
2976
2977
2978
2979
2980
2981
2982
2983
2984
2985
2986
2987
2988
2989
2990
2991
2992
2993
2994
2995
2996
2997
2998
2999
3000
3001
3002
3003
3004
3005
3006
3007
3008
3009
3010
3011
3012
3013
3014
3015
3016
3017
3018
3019
3020
3021
3022
3023
3024
3025
3026
3027
3028
3029
3030
3031
3032
3033
3034
3035
3036
3037
3038
3039
3040
3041
3042
3043
3044
3045
3046
3047
3048
3049
3050
3051
3052
3053
3054
3055
3056
3057
3058
3059
3060
3061
3062
3063
3064
3065
3066
3067
3068
3069
3070
3071
3072
3073
3074
3075
3076
3077
3078
3079
3080
3081
3082
3083
3084
3085
3086
3087
3088
3089
3090
3091
3092
3093
3094
3095
3096
3097
3098
3099
3100
3101
3102
3103
3104
3105
3106
3107
3108
3109
3110
3111
3112
3113
3114
3115
3116
3117
3118
3119
3120
3121
3122
3123
3124
3125
3126
3127
3128
3129
3130
3131
3132
3133
3134
3135
3136
3137
3138
3139
3140
3141
3142
3143
3144
3145
3146
3147
3148
3149
3150
3151
3152
3153
3154
3155
3156
3157
3158
3159
3160
3161
3162
3163
3164
3165
3166
3167
3168
3169
3170
3171
3172
3173
3174
3175
3176
3177
3178
3179
3180
3181
3182
3183
3184
3185
3186
3187
3188
3189
3190
3191
3192
3193
3194
3195
3196
3197
3198
3199
3200
3201
3202
3203
3204
3205
3206
3207
3208
3209
3210
3211
3212
3213
3214
3215
3216
3217
3218
3219
3220
3221
3222
3223
3224
3225
3226
3227
3228
3229
3230
3231
3232
3233
3234
3235
3236
3237
3238
3239
3240
3241
3242
3243
3244
3245
3246
3247
3248
3249
3250
3251
3252
3253
3254
3255
3256
3257
3258
3259
3260
3261
3262
3263
3264
3265
3266
3267
3268
3269
3270
3271
3272
3273
3274
3275
3276
3277
3278
3279
3280
3281
3282
3283
3284
3285
3286
3287
3288
3289
3290
3291
3292
3293
3294
3295
3296
3297
3298
3299
3300
3301
3302
3303
3304
3305
3306
3307
3308
3309
3310
3311
3312
3313
3314
3315
3316
3317
3318
3319
3320
3321
3322
3323
3324
3325
3326
3327
3328
3329
3330
3331
3332
3333
3334
3335
3336
3337
3338
3339
3340
3341
3342
3343
3344
3345
3346
3347
3348
3349
3350
3351
3352
3353
3354
3355
3356
3357
3358
3359
3360
3361
3362
3363
3364
3365
3366
3367
3368
3369
3370
3371
3372
3373
3374
3375
3376
3377
3378
3379
3380
3381
3382
3383
3384
3385
3386
3387
3388
3389
3390
3391
3392
3393
3394
3395
3396
3397
3398
3399
3400
3401
3402
3403
3404
3405
3406
3407
3408
3409
3410
3411
3412
3413
3414
3415
3416
3417
3418
3419
3420
3421
3422
3423
3424
3425
3426
3427
3428
3429
3430
3431
3432
3433
3434
3435
3436
3437
3438
3439
3440
3441
3442
3443
3444
3445
3446
3447
3448
3449
3450
3451
3452
3453
3454
3455
3456
3457
3458
3459
3460
3461
3462
3463
3464
3465
3466
3467
3468
3469
3470
3471
3472
3473
3474
3475
3476
3477
3478
3479
3480
3481
3482
3483
3484
3485
3486
3487
3488
3489
3490
3491
3492
3493
3494
3495
3496
3497
3498
3499
3500
3501
3502
3503
3504
3505
3506
3507
3508
3509
3510
3511
3512
3513
3514
3515
3516
3517
3518
3519
3520
3521
3522
3523
3524
3525
3526
3527
3528
3529
3530
3531
3532
3533
3534
3535
3536
3537
3538
3539
3540
3541
3542
3543
3544
3545
3546
3547
3548
3549
3550
3551
3552
3553
3554
3555
3556
3557
3558
3559
3560
3561
3562
3563
3564
3565
3566
3567
3568
3569
3570
3571
3572
3573
3574
3575
3576
3577
3578
3579
3580
3581
3582
3583
3584
3585
3586
3587
3588
3589
3590
3591
3592
3593
3594
3595
3596
3597
3598
3599
3600
3601
3602
3603
3604
3605
3606
3607
3608
3609
3610
3611
3612
3613
3614
3615
3616
3617
3618
3619
3620
3621
3622
3623
3624
3625
3626
3627
3628
3629
3630
3631
3632
3633
3634
3635
3636
3637
3638
3639
3640
3641
3642
3643
3644
3645
3646
3647
3648
3649
3650
3651
3652
3653
3654
3655
3656
3657
3658
3659
3660
3661
3662
3663
3664
3665
3666
3667
3668
3669
3670
3671
3672
3673
3674
3675
3676
3677
3678
3679
3680
3681
3682
3683
3684
3685
3686
3687
3688
3689
3690
3691
3692
3693
3694
3695
3696
3697
3698
3699
3700
3701
3702
3703
3704
3705
3706
3707
3708
3709
3710
3711
3712
3713
3714
3715
3716
3717
3718
3719
3720
3721
3722
3723
3724
3725
3726
3727
3728
3729
3730
3731
3732
3733
3734
3735
3736
3737
3738
3739
3740
3741
3742
3743
3744
3745
3746
3747
3748
3749
3750
3751
3752
3753
3754
3755
3756
3757
3758
3759
3760
3761
3762
3763
3764
3765
3766
3767
3768
3769
3770
3771
3772
3773
3774
3775
3776
3777
3778
3779
3780
3781
3782
3783
3784
3785
3786
3787
3788
3789
3790
3791
3792
3793
3794
3795
3796
3797
3798
3799
3800
3801
3802
3803
3804
3805
3806
3807
3808
3809
3810
3811
3812
3813
3814
3815
3816
3817
3818
3819
3820
3821
3822
3823
3824
3825
3826
3827
3828
3829
3830
3831
3832
3833
3834
3835
3836
3837
3838
3839
3840
3841
3842
3843
3844
3845
3846
3847
3848
3849
3850
3851
3852
3853
3854
3855
3856
3857
3858
3859
3860
3861
3862
3863
3864
3865
3866
3867
3868
3869
3870
3871
3872
3873
3874
3875
3876
3877
3878
3879
3880
3881
3882
3883
3884
3885
3886
3887
3888
3889
3890
3891
3892
3893
3894
3895
3896
3897
3898
3899
3900
3901
3902
3903
3904
3905
3906
3907
3908
3909
3910
3911
3912
3913
3914
3915
3916
3917
3918
3919
3920
3921
3922
3923
3924
3925
3926
3927
3928
3929
3930
3931
3932
3933
3934
3935
3936
3937
3938
3939
3940
3941
3942
3943
3944
3945
3946
3947
3948
3949
3950
3951
3952
3953
3954
3955
3956
3957
3958
3959
3960
3961
3962
3963
3964
3965
3966
3967
3968
3969
3970
3971
3972
3973
3974
3975
3976
3977
3978
3979
3980
3981
3982
3983
3984
3985
3986
3987
3988
3989
3990
3991
3992
3993
3994
3995
3996
3997
3998
3999
4000
4001
4002
4003
4004
4005
4006
4007
4008
4009
4010
4011
4012
4013
4014
4015
4016
4017
4018
4019
4020
4021
4022
4023
4024
4025
4026
4027
4028
4029
4030
4031
4032
4033
4034
4035
4036
4037
4038
4039
4040
4041
4042
4043
4044
4045
4046
4047
4048
4049
4050
4051
4052
4053
4054
4055
4056
4057
4058
4059
4060
4061
4062
4063
4064
4065
4066
4067
4068
4069
4070
4071
4072
4073
4074
4075
4076
4077
4078
4079
4080
4081
4082
4083
4084
4085
4086
4087
4088
4089
4090
4091
4092
4093
4094
4095
4096
4097
4098
4099
4100
4101
4102
4103
4104
4105
4106
4107
4108
4109
4110
4111
4112
4113
4114
4115
4116
4117
4118
4119
4120
4121
4122
4123
4124
4125
4126
4127
4128
4129
4130
4131
4132
4133
4134
4135
4136
4137
4138
4139
4140
4141
4142
4143
4144
4145
4146
4147
4148
4149
4150
4151
4152
4153
4154
4155
4156
4157
4158
4159
4160
4161
4162
4163
4164
4165
4166
4167
4168
4169
4170
4171
4172
4173
4174
4175
4176
4177
4178
4179
4180
4181
4182
4183
4184
4185
4186
4187
4188
4189
4190
4191
4192
4193
4194
4195
4196
4197
4198
4199
4200
4201
4202
4203
4204
4205
4206
4207
4208
4209
4210
4211
4212
4213
4214
4215
4216
4217
4218
4219
4220
4221
4222
4223
4224
4225
4226
4227
4228
4229
4230
4231
4232
4233
4234
4235
4236
4237
4238
4239
4240
4241
4242
4243
4244
4245
4246
4247
4248
4249
4250
4251
4252
4253
4254
4255
4256
4257
4258
4259
4260
4261
4262
4263
4264
4265
4266
4267
4268
4269
4270
4271
4272
4273
4274
4275
4276
4277
4278
4279
4280
4281
4282
4283
4284
4285
4286
4287
4288
4289
4290
4291
4292
4293
4294
4295
4296
4297
4298
4299
4300
4301
4302
4303
4304
4305
4306
4307
4308
4309
4310
4311
4312
4313
4314
4315
4316
4317
4318
4319
4320
4321
4322
4323
4324
4325
4326
4327
4328
4329
4330
4331
4332
4333
4334
4335
4336
4337
4338
4339
4340
4341
4342
4343
4344
4345
4346
4347
4348
4349
4350
4351
4352
4353
4354
4355
4356
4357
4358
4359
4360
4361
4362
4363
4364
4365
4366
4367
4368
4369
4370
4371
4372
4373
4374
4375
4376
4377
4378
4379
4380
4381
4382
4383
4384
4385
4386
4387
4388
4389
4390
4391
4392
4393
4394
4395
4396
4397
4398
4399
4400
4401
4402
4403
4404
4405
4406
4407
4408
4409
4410
4411
4412
4413
4414
4415
4416
4417
4418
4419
4420
4421
4422
4423
4424
4425
4426
4427
4428
4429
4430
4431
4432
4433
4434
4435
4436
4437
4438
4439
4440
4441
4442
4443
4444
4445
4446
4447
4448
4449
4450
4451
4452
4453
4454
4455
4456
4457
4458
4459
4460
4461
4462
4463
4464
4465
4466
4467
4468
4469
4470
4471
4472
4473
4474
4475
4476
4477
4478
4479
4480
4481
4482
4483
4484
4485
4486
4487
4488
4489
4490
4491
4492
4493
4494
4495
4496
4497
4498
4499
4500
4501
4502
4503
4504
4505
4506
4507
4508
4509
4510
4511
4512
4513
4514
4515
4516
4517
4518
4519
4520
4521
4522
4523
4524
4525
4526
4527
4528
4529
4530
4531
4532
4533
4534
4535
4536
4537
4538
4539
4540
4541
4542
4543
4544
4545
4546
4547
4548
4549
4550
4551
4552
4553
4554
4555
4556
4557
4558
4559
4560
4561
4562
4563
4564
4565
4566
4567
4568
4569
4570
4571
4572
4573
4574
4575
4576
4577
4578
4579
4580
4581
4582
4583
4584
4585
4586
4587
4588
4589
4590
4591
4592
4593
4594
4595
4596
4597
4598
4599
4600
4601
4602
4603
4604
4605
4606
4607
4608
4609
4610
4611
4612
4613
4614
4615
4616
4617
4618
4619
4620
4621
4622
4623
4624
4625
4626
4627
4628
4629
4630
4631
4632
4633
4634
4635
4636
4637
4638
4639
4640
4641
4642
4643
4644
4645
4646
4647
4648
4649
4650
4651
4652
4653
4654
4655
4656
4657
4658
4659
4660
4661
4662
4663
4664
4665
4666
4667
4668
4669
4670
4671
4672
4673
4674
4675
4676
4677
4678
4679
4680
4681
4682
4683
4684
4685
4686
4687
4688
4689
4690
4691
4692
4693
4694
4695
4696
4697
4698
4699
4700
4701
4702
4703
4704
4705
4706
4707
4708
4709
4710
4711
4712
4713
4714
4715
4716
4717
4718
4719
4720
4721
4722
4723
4724
4725
4726
4727
4728
4729
4730
4731
4732
4733
4734
4735
4736
4737
4738
4739
4740
4741
4742
4743
4744
4745
4746
4747
4748
4749
4750
4751
4752
4753
4754
4755
4756
4757
4758
4759
4760
4761
4762
4763
4764
4765
4766
4767
4768
4769
4770
4771
4772
4773
4774
4775
4776
4777
4778
4779
4780
4781
4782
4783
4784
4785
4786
4787
4788
4789
4790
4791
4792
4793
4794
4795
4796
4797
4798
4799
4800
4801
4802
4803
4804
4805
4806
4807
4808
4809
4810
4811
4812
4813
4814
4815
4816
4817
4818
4819
4820
4821
4822
4823
4824
4825
4826
4827
4828
4829
4830
4831
4832
4833
4834
4835
4836
4837
4838
4839
4840
4841
4842
4843
4844
4845
4846
4847
4848
4849
4850
4851
4852
4853
4854
4855
4856
4857
4858
4859
4860
4861
4862
4863
4864
4865
4866
4867
4868
4869
4870
4871
4872
4873
4874
4875
4876
4877
4878
4879
4880
4881
4882
4883
4884
4885
4886
4887
4888
4889
4890
4891
4892
4893
4894
4895
4896
4897
4898
4899
4900
4901
4902
4903
4904
4905
4906
4907
4908
4909
4910
4911
4912
4913
4914
4915
4916
4917
4918
4919
4920
4921
4922
4923
4924
4925
4926
4927
4928
4929
4930
4931
4932
4933
4934
4935
4936
4937
4938
4939
4940
4941
4942
4943
4944
4945
4946
4947
4948
4949
4950
4951
4952
4953
4954
4955
4956
4957
4958
4959
4960
4961
4962
4963
4964
4965
4966
4967
4968
4969
4970
4971
4972
4973
4974
4975
4976
4977
4978
4979
4980
4981
4982
4983
4984
4985
4986
4987
4988
4989
4990
4991
4992
4993
4994
4995
4996
4997
4998
4999
5000
5001
5002
5003
5004
5005
5006
5007
5008
5009
5010
5011
5012
5013
5014
5015
5016
5017
5018
5019
5020
5021
5022
5023
5024
5025
5026
5027
5028
5029
5030
5031
5032
5033
5034
5035
5036
5037
5038
5039
5040
5041
5042
5043
5044
5045
5046
5047
5048
5049
5050
5051
5052
5053
5054
5055
5056
5057
5058
5059
5060
5061
5062
5063
5064
5065
5066
5067
5068
5069
5070
5071
5072
5073
5074
5075
5076
5077
5078
5079
5080
5081
5082
5083
5084
5085
5086
5087
5088
5089
5090
5091
5092
5093
5094
5095
5096
5097
5098
5099
5100
5101
5102
5103
5104
5105
5106
5107
5108
5109
5110
5111
5112
5113
5114
5115
5116
5117
5118
5119
5120
5121
5122
5123
5124
5125
5126
5127
5128
5129
5130
5131
5132
5133
5134
5135
5136
5137
5138
5139
5140
5141
5142
5143
5144
5145
5146
5147
5148
5149
5150
5151
5152
5153
5154
5155
5156
5157
5158
5159
5160
5161
5162
5163
5164
5165
5166
5167
5168
5169
5170
5171
5172
5173
5174
5175
5176
5177
5178
5179
5180
5181
5182
5183
5184
5185
5186
5187
5188
5189
5190
5191
5192
5193
5194
5195
5196
5197
5198
5199
5200
5201
5202
5203
5204
5205
5206
5207
5208
5209
5210
5211
5212
5213
5214
5215
5216
5217
5218
5219
5220
5221
5222
5223
5224
5225
5226
5227
5228
5229
5230
5231
5232
5233
5234
5235
5236
5237
5238
5239
5240
5241
5242
5243
5244
5245
5246
5247
5248
5249
5250
5251
5252
5253
5254
5255
5256
5257
5258
5259
5260
5261
5262
5263
5264
5265
5266
5267
5268
5269
5270
5271
5272
5273
5274
5275
5276
5277
5278
5279
5280
5281
5282
5283
5284
5285
5286
5287
5288
5289
5290
5291
5292
5293
5294
5295
5296
5297
5298
5299
5300
5301
5302
5303
5304
5305
5306
5307
5308
5309
5310
5311
5312
5313
5314
5315
5316
5317
5318
5319
5320
5321
5322
5323
5324
5325
5326
5327
5328
5329
5330
5331
5332
5333
5334
5335
5336
5337
5338
5339
5340
5341
5342
5343
5344
5345
5346
5347
5348
5349
5350
5351
5352
5353
5354
5355
5356
5357
5358
5359
5360
5361
5362
5363
5364
5365
5366
5367
5368
5369
5370
5371
5372
5373
5374
5375
5376
5377
5378
5379
5380
5381
5382
5383
5384
5385
5386
5387
5388
5389
5390
5391
5392
5393
5394
5395
5396
5397
5398
5399
5400
5401
5402
5403
5404
5405
5406
5407
5408
5409
5410
5411
5412
5413
5414
5415
5416
5417
5418
5419
5420
5421
5422
5423
5424
5425
5426
5427
5428
5429
5430
5431
5432
5433
5434
5435
5436
5437
5438
5439
5440
5441
5442
5443
5444
5445
5446
5447
5448
5449
5450
5451
5452
5453
5454
5455
5456
5457
5458
5459
5460
5461
5462
5463
5464
5465
5466
5467
5468
5469
5470
5471
5472
5473
5474
5475
5476
5477
5478
5479
5480
5481
5482
5483
5484
5485
5486
5487
5488
5489
5490
5491
5492
5493
5494
5495
5496
5497
5498
5499
5500
5501
5502
5503
5504
5505
5506
5507
5508
5509
5510
5511
5512
5513
5514
5515
5516
5517
5518
5519
5520
5521
5522
5523
5524
5525
5526
5527
5528
5529
5530
5531
5532
5533
5534
5535
5536
5537
5538
5539
5540
5541
5542
5543
5544
5545
5546
5547
5548
5549
5550
5551
5552
5553
5554
5555
5556
5557
5558
5559
5560
5561
5562
5563
5564
5565
5566
5567
5568
5569
5570
5571
5572
5573
5574
5575
5576
5577
5578
5579
5580
5581
5582
5583
5584
5585
5586
5587
5588
5589
5590
5591
5592
5593
5594
5595
5596
5597
5598
5599
5600
5601
5602
5603
5604
5605
5606
5607
5608
5609
5610
5611
5612
5613
5614
5615
5616
5617
5618
5619
5620
5621
5622
5623
5624
5625
5626
5627
5628
5629
5630
5631
5632
5633
5634
5635
5636
5637
5638
5639
5640
5641
5642
5643
5644
5645
5646
5647
5648
5649
5650
5651
5652
5653
5654
5655
5656
5657
5658
5659
5660
5661
5662
5663
5664
5665
5666
5667
5668
5669
5670
5671
5672
5673
5674
5675
5676
5677
5678
5679
5680
5681
5682
5683
5684
5685
5686
5687
5688
5689
5690
5691
5692
5693
5694
5695
5696
5697
5698
5699
5700
5701
5702
5703
5704
5705
5706
5707
5708
5709
5710
5711
5712
5713
5714
5715
5716
5717
5718
5719
5720
5721
5722
5723
5724
5725
5726
5727
5728
5729
5730
5731
5732
5733
5734
5735
5736
5737
5738
5739
5740
5741
5742
5743
5744
5745
5746
5747
5748
5749
5750
5751
5752
5753
5754
5755
5756
5757
5758
5759
5760
5761
5762
5763
5764
5765
5766
5767
5768
5769
5770
5771
5772
5773
5774
5775
5776
5777
5778
5779
5780
5781
5782
5783
5784
5785
5786
5787
5788
5789
5790
5791
5792
5793
5794
5795
5796
5797
5798
5799
5800
5801
5802
5803
5804
5805
5806
5807
5808
5809
5810
5811
5812
5813
5814
5815
5816
5817
5818
5819
5820
5821
5822
5823
5824
5825
5826
5827
5828
5829
5830
5831
5832
5833
5834
5835
5836
5837
5838
5839
5840
5841
5842
5843
5844
5845
5846
5847
5848
5849
5850
5851
5852
5853
5854
5855
5856
5857
5858
5859
5860
5861
5862
5863
5864
5865
5866
5867
5868
5869
5870
5871
5872
5873
5874
5875
5876
5877
5878
5879
5880
5881
5882
5883
5884
5885
5886
5887
5888
5889
5890
5891
5892
5893
5894
5895
5896
5897
5898
5899
5900
5901
5902
5903
5904
5905
5906
5907
5908
5909
5910
5911
5912
5913
5914
5915
5916
5917
5918
5919
5920
5921
5922
5923
5924
5925
5926
5927
5928
5929
5930
5931
5932
5933
5934
5935
5936
5937
5938
5939
5940
5941
5942
5943
5944
5945
5946
5947
5948
5949
5950
5951
5952
5953
5954
5955
5956
5957
5958
5959
5960
5961
5962
5963
5964
5965
5966
5967
5968
5969
5970
5971
5972
5973
5974
5975
5976
5977
5978
5979
5980
5981
5982
5983
5984
5985
5986
5987
5988
5989
5990
5991
5992
5993
5994
5995
5996
5997
5998
5999
6000
6001
6002
6003
6004
6005
6006
6007
6008
6009
6010
6011
6012
6013
6014
6015
6016
6017
6018
6019
6020
6021
6022
6023
6024
6025
6026
6027
6028
6029
6030
6031
6032
6033
6034
6035
6036
6037
6038
6039
6040
6041
6042
6043
6044
6045
6046
6047
6048
6049
6050
6051
6052
6053
6054
6055
6056
6057
6058
6059
6060
6061
6062
6063
6064
6065
6066
6067
6068
6069
6070
6071
6072
6073
6074
6075
6076
6077
6078
6079
6080
6081
6082
6083
6084
6085
6086
6087
6088
6089
6090
6091
6092
6093
6094
6095
6096
6097
6098
6099
6100
6101
6102
6103
6104
6105
6106
6107
6108
6109
6110
6111
6112
6113
6114
6115
6116
6117
6118
6119
6120
6121
6122
6123
6124
6125
6126
6127
6128
6129
6130
6131
6132
6133
6134
6135
6136
6137
6138
6139
6140
6141
6142
6143
6144
6145
6146
6147
6148
6149
6150
6151
6152
6153
6154
6155
6156
6157
6158
6159
6160
6161
6162
6163
6164
6165
6166
6167
6168
6169
6170
6171
6172
6173
6174
6175
6176
6177
6178
6179
6180
6181
6182
6183
6184
6185
6186
6187
6188
6189
6190
6191
6192
6193
6194
6195
6196
6197
6198
6199
6200
6201
6202
6203
6204
6205
6206
6207
6208
6209
6210
6211
6212
6213
6214
6215
6216
6217
6218
6219
6220
6221
6222
6223
6224
6225
6226
6227
6228
6229
6230
6231
6232
6233
6234
6235
6236
6237
6238
6239
6240
6241
6242
6243
6244
6245
6246
6247
6248
6249
6250
6251
6252
6253
6254
6255
6256
6257
6258
6259
6260
6261
6262
6263
6264
6265
6266
6267
6268
6269
6270
6271
6272
6273
6274
6275
6276
6277
6278
6279
6280
6281
6282
6283
6284
6285
6286
6287
6288
6289
6290
6291
6292
6293
6294
6295
6296
6297
6298
6299
6300
6301
6302
6303
6304
6305
6306
6307
6308
6309
6310
6311
6312
6313
6314
6315
6316
6317
6318
6319
6320
6321
6322
6323
6324
6325
6326
6327
6328
6329
6330
6331
6332
6333
6334
6335
6336
6337
6338
6339
6340
6341
6342
6343
6344
6345
6346
6347
6348
6349
6350
6351
6352
6353
6354
6355
6356
6357
6358
6359
6360
6361
6362
6363
6364
6365
6366
6367
6368
6369
6370
6371
6372
6373
6374
6375
6376
6377
6378
6379
6380
6381
6382
6383
6384
6385
6386
6387
6388
6389
6390
6391
6392
6393
6394
6395
6396
6397
6398
6399
6400
6401
6402
6403
6404
6405
6406
6407
6408
6409
6410
6411
6412
6413
6414
6415
6416
6417
6418
6419
6420
6421
6422
6423
6424
6425
6426
6427
6428
6429
6430
6431
6432
6433
6434
6435
6436
6437
6438
6439
6440
6441
6442
6443
6444
6445
6446
6447
6448
6449
6450
6451
6452
6453
6454
6455
6456
6457
6458
6459
6460
6461
6462
6463
6464
6465
6466
6467
6468
6469
6470
6471
6472
6473
6474
6475
6476
6477
6478
6479
6480
6481
6482
6483
6484
6485
6486
6487
6488
6489
6490
6491
6492
6493
6494
6495
6496
6497
6498
6499
6500
6501
6502
6503
6504
6505
6506
6507
6508
6509
6510
6511
6512
6513
6514
6515
6516
6517
6518
6519
6520
6521
6522
6523
6524
6525
6526
6527
6528
6529
6530
6531
6532
6533
6534
6535
6536
6537
6538
6539
6540
6541
6542
6543
6544
6545
6546
6547
6548
6549
6550
6551
6552
6553
6554
6555
6556
6557
6558
6559
6560
6561
6562
6563
6564
6565
6566
6567
6568
6569
6570
6571
6572
6573
6574
6575
6576
6577
6578
6579
6580
6581
6582
6583
6584
6585
6586
6587
6588
6589
6590
6591
6592
6593
6594
6595
6596
6597
6598
6599
6600
6601
6602
6603
6604
6605
6606
6607
6608
6609
6610
6611
6612
6613
6614
6615
6616
6617
6618
6619
6620
6621
6622
6623
6624
6625
6626
6627
6628
6629
6630
6631
6632
6633
6634
6635
6636
6637
6638
6639
6640
6641
6642
6643
6644
6645
6646
6647
6648
6649
6650
6651
6652
6653
6654
6655
6656
6657
6658
6659
6660
6661
6662
6663
6664
6665
6666
6667
6668
6669
6670
6671
6672
6673
6674
6675
6676
6677
6678
6679
6680
6681
6682
6683
6684
6685
6686
6687
6688
6689
6690
6691
6692
6693
6694
6695
6696
6697
6698
6699
6700
6701
6702
6703
6704
6705
6706
6707
6708
6709
6710
6711
6712
6713
6714
6715
6716
6717
6718
6719
6720
6721
6722
6723
6724
6725
6726
6727
6728
6729
6730
6731
6732
6733
6734
6735
6736
6737
6738
6739
6740
6741
6742
6743
6744
6745
6746
6747
6748
6749
6750
6751
6752
6753
6754
6755
6756
6757
6758
6759
6760
6761
6762
6763
6764
6765
6766
6767
6768
6769
6770
6771
6772
6773
6774
6775
6776
6777
6778
6779
6780
6781
6782
6783
6784
6785
6786
6787
6788
6789
6790
6791
6792
6793
6794
6795
6796
6797
6798
6799
6800
6801
6802
6803
6804
6805
6806
6807
6808
6809
6810
6811
6812
6813
6814
6815
6816
6817
6818
6819
6820
6821
6822
6823
6824
6825
6826
6827
6828
6829
6830
6831
6832
6833
6834
6835
6836
6837
6838
6839
6840
6841
6842
6843
6844
6845
6846
6847
6848
6849
6850
6851
6852
6853
6854
6855
6856
6857
6858
6859
6860
6861
6862
6863
6864
6865
6866
6867
6868
6869
6870
6871
6872
6873
6874
6875
6876
6877
6878
6879
6880
6881
6882
6883
6884
6885
6886
6887
6888
6889
6890
6891
6892
6893
6894
6895
6896
6897
6898
6899
6900
6901
6902
6903
6904
6905
6906
6907
6908
6909
6910
6911
6912
6913
6914
6915
6916
6917
6918
6919
6920
6921
6922
6923
6924
6925
6926
6927
6928
6929
6930
6931
6932
6933
6934
6935
6936
6937
6938
6939
6940
6941
6942
6943
6944
6945
6946
6947
6948
6949
6950
6951
6952
6953
6954
6955
6956
6957
6958
6959
6960
6961
6962
6963
6964
6965
6966
6967
6968
6969
6970
6971
6972
6973
6974
6975
6976
6977
6978
6979
6980
6981
6982
6983
6984
6985
6986
6987
6988
6989
6990
6991
6992
6993
6994
6995
6996
6997
6998
6999
7000
7001
7002
7003
7004
7005
7006
7007
7008
7009
7010
7011
7012
7013
7014
7015
7016
7017
7018
7019
7020
7021
7022
7023
7024
7025
7026
7027
7028
7029
7030
7031
7032
7033
7034
7035
7036
7037
7038
7039
7040
7041
7042
7043
7044
7045
7046
7047
7048
7049
7050
7051
7052
7053
7054
7055
7056
7057
7058
7059
7060
7061
7062
7063
7064
7065
7066
7067
7068
7069
7070
7071
7072
7073
7074
7075
7076
7077
7078
7079
7080
7081
7082
7083
7084
7085
7086
7087
7088
7089
7090
7091
7092
7093
7094
7095
7096
7097
7098
7099
7100
7101
7102
7103
7104
7105
7106
7107
7108
7109
7110
7111
7112
7113
7114
7115
7116
7117
7118
7119
7120
7121
7122
7123
7124
7125
7126
7127
7128
7129
7130
7131
7132
7133
7134
7135
7136
7137
7138
7139
7140
7141
7142
7143
7144
7145
7146
7147
7148
7149
7150
7151
7152
7153
7154
7155
7156
7157
7158
7159
7160
7161
7162
7163
7164
7165
7166
7167
7168
7169
7170
7171
7172
7173
7174
7175
7176
7177
7178
7179
7180
7181
7182
7183
7184
7185
7186
7187
7188
7189
7190
7191
7192
7193
7194
7195
7196
7197
7198
7199
7200
7201
7202
7203
7204
7205
7206
7207
7208
7209
7210
7211
7212
7213
7214
7215
7216
7217
7218
7219
7220
7221
7222
7223
7224
7225
7226
7227
7228
7229
7230
7231
7232
7233
7234
7235
7236
7237
7238
7239
7240
7241
7242
7243
7244
7245
7246
7247
7248
7249
7250
7251
7252
7253
7254
7255
7256
7257
7258
7259
7260
7261
7262
7263
7264
7265
7266
7267
7268
7269
7270
7271
7272
7273
7274
7275
7276
7277
7278
7279
7280
7281
7282
7283
7284
7285
7286
7287
7288
7289
7290
7291
7292
7293
7294
7295
7296
7297
7298
7299
7300
7301
7302
7303
7304
7305
7306
7307
7308
7309
7310
7311
7312
7313
7314
7315
7316
7317
7318
7319
7320
7321
7322
7323
7324
7325
7326
7327
7328
7329
7330
7331
7332
7333
7334
7335
7336
7337
7338
7339
7340
7341
7342
7343
7344
7345
7346
7347
7348
7349
7350
7351
7352
7353
7354
7355
7356
7357
7358
7359
7360
7361
7362
7363
7364
7365
7366
7367
7368
7369
7370
7371
7372
7373
7374
7375
7376
7377
7378
7379
7380
7381
7382
7383
7384
7385
7386
7387
7388
7389
7390
7391
7392
7393
7394
7395
7396
7397
7398
7399
7400
7401
7402
7403
7404
7405
7406
7407
7408
7409
7410
7411
7412
7413
7414
7415
7416
7417
7418
7419
7420
7421
7422
7423
7424
7425
7426
7427
7428
7429
7430
7431
7432
7433
7434
7435
7436
7437
7438
7439
7440
7441
7442
7443
7444
7445
7446
7447
7448
7449
7450
7451
7452
7453
7454
7455
7456
7457
7458
7459
7460
7461
7462
7463
7464
7465
7466
7467
7468
7469
7470
7471
7472
7473
7474
7475
7476
7477
7478
7479
7480
7481
7482
7483
7484
7485
7486
7487
7488
7489
7490
7491
7492
7493
7494
7495
7496
7497
7498
7499
7500
7501
7502
7503
7504
7505
7506
7507
7508
7509
7510
7511
7512
7513
7514
7515
7516
7517
7518
7519
7520
7521
7522
7523
7524
7525
7526
7527
7528
7529
7530
7531
7532
7533
7534
7535
7536
7537
7538
7539
7540
7541
7542
7543
7544
7545
7546
7547
7548
7549
7550
7551
7552
7553
7554
7555
7556
7557
7558
7559
7560
7561
7562
7563
7564
7565
7566
7567
7568
7569
7570
7571
7572
7573
7574
7575
7576
7577
7578
7579
7580
7581
7582
7583
7584
7585
7586
7587
7588
7589
7590
7591
7592
7593
7594
7595
7596
7597
7598
7599
7600
7601
7602
7603
7604
7605
7606
7607
7608
7609
7610
7611
7612
7613
7614
7615
7616
7617
7618
7619
7620
7621
7622
7623
7624
7625
7626
7627
7628
7629
7630
7631
7632
7633
7634
7635
7636
7637
7638
7639
7640
7641
7642
7643
7644
7645
7646
7647
7648
7649
7650
7651
7652
7653
7654
7655
7656
7657
7658
7659
7660
7661
7662
7663
7664
7665
7666
7667
7668
7669
7670
7671
7672
7673
7674
7675
7676
7677
7678
7679
7680
7681
7682
7683
7684
7685
7686
7687
7688
7689
7690
7691
7692
7693
7694
7695
7696
7697
7698
7699
7700
7701
7702
7703
7704
7705
7706
7707
7708
7709
7710
7711
7712
7713
7714
7715
7716
7717
7718
7719
7720
7721
7722
7723
7724
7725
7726
7727
7728
7729
7730
7731
7732
7733
7734
7735
7736
7737
7738
7739
7740
7741
7742
7743
7744
7745
7746
7747
7748
7749
7750
7751
7752
7753
7754
7755
7756
7757
7758
7759
7760
7761
7762
7763
7764
7765
7766
7767
7768
7769
7770
7771
7772
7773
7774
7775
7776
7777
7778
7779
7780
7781
7782
7783
7784
7785
7786
7787
7788
7789
7790
7791
7792
7793
7794
7795
7796
7797
7798
7799
7800
7801
7802
7803
7804
7805
7806
7807
7808
7809
7810
7811
7812
7813
7814
7815
7816
7817
7818
7819
7820
7821
7822
7823
7824
7825
7826
7827
7828
7829
7830
7831
7832
7833
7834
7835
7836
7837
7838
7839
7840
7841
7842
7843
7844
7845
7846
7847
7848
7849
7850
7851
7852
7853
7854
7855
7856
7857
7858
7859
7860
7861
7862
7863
7864
7865
7866
7867
7868
7869
7870
7871
7872
7873
7874
7875
7876
7877
7878
7879
7880
7881
7882
7883
7884
7885
7886
7887
7888
7889
7890
7891
7892
7893
7894
7895
7896
7897
7898
7899
7900
7901
7902
7903
7904
7905
7906
7907
7908
7909
7910
7911
7912
7913
7914
7915
7916
7917
7918
7919
7920
7921
7922
7923
7924
7925
7926
7927
7928
7929
7930
7931
7932
7933
7934
7935
7936
7937
7938
7939
7940
7941
7942
7943
7944
7945
7946
7947
7948
7949
7950
7951
7952
7953
7954
7955
7956
7957
7958
7959
7960
7961
7962
7963
7964
7965
7966
7967
7968
7969
7970
7971
7972
7973
7974
7975
7976
7977
7978
7979
7980
7981
7982
7983
7984
7985
7986
7987
7988
7989
7990
7991
7992
7993
7994
7995
7996
7997
7998
7999
8000
8001
8002
8003
8004
8005
8006
8007
8008
8009
8010
8011
8012
8013
8014
8015
8016
8017
8018
8019
8020
8021
8022
8023
8024
8025
8026
8027
8028
8029
8030
8031
8032
8033
8034
8035
8036
8037
8038
8039
8040
8041
8042
8043
8044
8045
8046
8047
8048
8049
8050
8051
8052
8053
8054
8055
8056
8057
8058
8059
8060
8061
8062
8063
8064
8065
8066
8067
8068
8069
8070
8071
8072
8073
8074
8075
8076
8077
8078
8079
8080
8081
8082
8083
8084
8085
8086
8087
8088
8089
8090
8091
8092
8093
8094
8095
8096
8097
8098
8099
8100
8101
8102
8103
8104
8105
8106
8107
8108
8109
8110
8111
8112
8113
8114
8115
8116
8117
8118
8119
8120
8121
8122
8123
8124
8125
8126
8127
8128
8129
8130
8131
8132
8133
8134
8135
8136
8137
8138
8139
8140
8141
8142
8143
8144
8145
8146
8147
8148
8149
8150
8151
8152
8153
8154
8155
8156
8157
8158
8159
8160
8161
8162
8163
8164
8165
8166
8167
8168
8169
8170
8171
8172
8173
8174
8175
8176
8177
8178
8179
8180
8181
8182
8183
8184
8185
8186
8187
8188
8189
8190
8191
8192
8193
8194
8195
8196
8197
8198
8199
8200
8201
8202
8203
8204
8205
8206
8207
8208
8209
8210
8211
8212
8213
8214
8215
8216
8217
8218
8219
8220
8221
8222
8223
8224
8225
8226
8227
8228
8229
8230
8231
8232
8233
8234
8235
8236
8237
8238
8239
8240
8241
8242
8243
8244
8245
8246
8247
8248
8249
8250
8251
8252
8253
8254
8255
8256
8257
8258
8259
8260
8261
8262
8263
8264
8265
8266
8267
8268
8269
8270
8271
8272
8273
8274
8275
8276
8277
8278
8279
8280
8281
8282
8283
8284
8285
8286
8287
8288
8289
8290
8291
8292
8293
8294
8295
8296
8297
8298
8299
8300
8301
8302
8303
8304
8305
8306
8307
8308
8309
8310
8311
8312
8313
8314
8315
8316
8317
8318
8319
8320
8321
8322
8323
8324
8325
8326
8327
8328
8329
8330
8331
8332
8333
8334
8335
8336
8337
8338
8339
8340
8341
8342
8343
8344
8345
8346
8347
8348
8349
8350
8351
8352
8353
8354
8355
8356
8357
8358
8359
8360
8361
8362
8363
8364
8365
8366
8367
8368
8369
8370
8371
8372
8373
8374
8375
8376
8377
8378
8379
8380
8381
8382
8383
8384
8385
8386
8387
8388
8389
8390
8391
8392
8393
8394
8395
8396
8397
8398
8399
8400
8401
8402
8403
8404
8405
8406
8407
8408
8409
8410
8411
8412
8413
8414
8415
8416
8417
8418
8419
8420
8421
8422
8423
8424
8425
8426
8427
8428
8429
8430
8431
8432
8433
8434
8435
8436
8437
8438
8439
8440
8441
8442
8443
8444
8445
8446
8447
8448
8449
8450
8451
8452
8453
8454
8455
8456
8457
8458
8459
8460
8461
8462
8463
8464
8465
8466
8467
8468
8469
8470
8471
8472
8473
8474
8475
8476
8477
8478
8479
8480
8481
8482
8483
8484
8485
8486
8487
8488
8489
8490
8491
8492
8493
8494
8495
8496
8497
8498
8499
8500
8501
8502
8503
8504
8505
8506
8507
8508
8509
8510
8511
8512
8513
8514
8515
8516
8517
8518
8519
8520
8521
8522
8523
8524
8525
8526
8527
8528
8529
8530
8531
8532
8533
8534
8535
8536
8537
8538
8539
8540
8541
8542
8543
8544
8545
8546
8547
8548
8549
8550
8551
8552
8553
8554
8555
8556
8557
8558
8559
8560
8561
8562
8563
8564
8565
8566
8567
8568
8569
8570
8571
8572
8573
8574
8575
8576
8577
8578
8579
8580
8581
8582
8583
8584
8585
8586
8587
8588
8589
8590
8591
8592
8593
8594
8595
8596
8597
8598
8599
8600
8601
8602
8603
8604
8605
8606
8607
8608
8609
8610
8611
8612
8613
8614
8615
8616
8617
8618
8619
8620
8621
8622
8623
8624
8625
8626
8627
8628
8629
8630
8631
8632
8633
8634
8635
8636
8637
8638
8639
8640
8641
8642
8643
8644
8645
8646
8647
8648
8649
8650
8651
8652
8653
8654
8655
8656
8657
8658
8659
8660
8661
8662
8663
8664
8665
8666
8667
8668
8669
8670
8671
8672
8673
8674
8675
8676
8677
8678
8679
8680
8681
8682
8683
8684
8685
8686
8687
8688
8689
8690
8691
8692
8693
8694
8695
8696
8697
8698
8699
8700
8701
8702
8703
8704
8705
8706
8707
8708
8709
8710
8711
8712
8713
8714
8715
8716
8717
8718
8719
8720
8721
8722
8723
8724
8725
8726
8727
8728
8729
8730
8731
8732
8733
8734
8735
8736
8737
8738
8739
8740
8741
8742
8743
8744
8745
8746
8747
8748
8749
8750
8751
8752
8753
8754
8755
8756
8757
8758
8759
8760
8761
8762
8763
8764
8765
8766
8767
8768
8769
8770
8771
8772
8773
8774
8775
8776
8777
8778
8779
8780
8781
8782
8783
8784
8785
8786
8787
8788
8789
8790
8791
8792
8793
8794
8795
8796
8797
8798
8799
8800
8801
8802
8803
8804
8805
8806
8807
8808
8809
8810
8811
8812
8813
8814
8815
8816
8817
8818
8819
8820
8821
8822
8823
8824
8825
8826
8827
8828
8829
8830
8831
8832
8833
8834
8835
8836
8837
8838
8839
8840
8841
8842
8843
8844
8845
8846
8847
8848
8849
8850
8851
8852
8853
8854
8855
8856
8857
8858
8859
8860
8861
8862
8863
8864
8865
8866
8867
8868
8869
8870
8871
8872
8873
8874
8875
8876
8877
8878
8879
8880
8881
8882
8883
8884
8885
8886
8887
8888
8889
8890
8891
8892
8893
8894
8895
8896
8897
8898
8899
8900
8901
8902
8903
8904
8905
8906
8907
8908
8909
8910
8911
8912
8913
8914
8915
8916
8917
8918
8919
8920
8921
8922
8923
8924
8925
8926
8927
8928
8929
8930
8931
8932
8933
8934
8935
8936
8937
8938
8939
8940
8941
8942
8943
8944
8945
8946
8947
8948
8949
8950
8951
8952
8953
8954
8955
8956
8957
8958
8959
8960
8961
8962
8963
8964
8965
8966
8967
8968
8969
8970
8971
8972
8973
8974
8975
8976
8977
8978
8979
8980
8981
8982
8983
8984
8985
8986
8987
8988
8989
8990
8991
8992
8993
8994
8995
8996
8997
8998
8999
9000
9001
9002
9003
9004
9005
9006
9007
9008
9009
9010
9011
9012
9013
9014
9015
9016
9017
9018
9019
9020
9021
9022
9023
9024
9025
9026
9027
9028
9029
9030
9031
9032
9033
9034
9035
9036
9037
9038
9039
9040
9041
9042
9043
9044
9045
9046
9047
9048
9049
9050
9051
9052
9053
9054
9055
9056
9057
9058
9059
9060
9061
9062
9063
9064
9065
9066
9067
9068
9069
9070
9071
9072
9073
9074
9075
9076
9077
9078
9079
9080
9081
9082
9083
9084
9085
9086
9087
9088
9089
9090
9091
9092
9093
9094
9095
9096
9097
9098
9099
9100
9101
9102
9103
9104
9105
9106
9107
9108
9109
9110
9111
9112
9113
9114
9115
9116
9117
9118
9119
9120
9121
9122
9123
9124
9125
9126
9127
9128
9129
9130
9131
9132
9133
9134
9135
9136
9137
9138
9139
9140
9141
9142
9143
9144
9145
9146
9147
9148
9149
9150
9151
9152
9153
9154
9155
9156
9157
9158
9159
9160
9161
9162
9163
9164
9165
9166
9167
9168
9169
9170
9171
9172
9173
9174
9175
9176
9177
9178
9179
9180
9181
9182
9183
9184
9185
9186
9187
9188
9189
9190
9191
9192
9193
9194
9195
9196
9197
9198
9199
9200
9201
9202
9203
9204
9205
9206
9207
9208
9209
9210
9211
9212
9213
9214
9215
9216
9217
9218
9219
9220
9221
9222
9223
9224
9225
9226
9227
9228
9229
9230
9231
9232
9233
9234
9235
9236
9237
9238
9239
9240
9241
9242
9243
9244
9245
9246
9247
9248
9249
9250
9251
9252
9253
9254
9255
9256
9257
9258
9259
9260
9261
9262
9263
9264
9265
9266
9267
9268
9269
9270
9271
9272
9273
9274
9275
9276
9277
9278
9279
9280
9281
9282
9283
9284
9285
9286
9287
9288
9289
9290
9291
9292
9293
9294
9295
9296
9297
9298
9299
9300
9301
9302
9303
9304
9305
9306
9307
9308
9309
9310
9311
9312
9313
9314
9315
9316
9317
9318
9319
9320
9321
9322
9323
9324
9325
9326
9327
9328
9329
9330
9331
9332
9333
9334
9335
9336
9337
9338
9339
9340
9341
9342
9343
9344
9345
9346
9347
9348
9349
9350
9351
9352
9353
9354
9355
9356
9357
9358
9359
9360
9361
9362
9363
9364
9365
9366
9367
9368
9369
9370
9371
9372
9373
9374
9375
9376
9377
9378
9379
9380
9381
9382
9383
9384
9385
9386
9387
9388
9389
9390
9391
9392
9393
9394
9395
9396
9397
9398
9399
9400
9401
9402
9403
9404
9405
9406
9407
9408
9409
9410
9411
9412
9413
9414
9415
9416
9417
9418
9419
9420
9421
9422
9423
9424
9425
9426
9427
9428
9429
9430
9431
9432
9433
9434
9435
9436
9437
9438
9439
9440
9441
9442
9443
9444
9445
9446
9447
9448
9449
9450
9451
9452
9453
9454
9455
9456
9457
9458
9459
9460
9461
9462
9463
9464
9465
9466
9467
9468
9469
9470
9471
9472
9473
9474
9475
9476
9477
9478
9479
9480
9481
9482
9483
9484
9485
9486
9487
9488
9489
9490
9491
9492
9493
9494
9495
9496
9497
9498
9499
9500
9501
9502
9503
9504
9505
9506
9507
9508
9509
9510
9511
9512
9513
9514
9515
9516
9517
9518
9519
9520
9521
9522
9523
9524
9525
9526
9527
9528
9529
9530
9531
9532
9533
9534
9535
9536
9537
9538
9539
9540
9541
9542
9543
9544
9545
9546
9547
9548
9549
9550
9551
9552
9553
9554
9555
9556
9557
9558
9559
9560
9561
9562
9563
9564
9565
9566
9567
9568
9569
9570
9571
9572
9573
9574
9575
9576
9577
9578
9579
9580
9581
9582
9583
9584
9585
9586
9587
9588
9589
9590
9591
9592
9593
9594
9595
9596
9597
9598
9599
9600
9601
9602
9603
9604
9605
9606
9607
9608
9609
9610
9611
9612
9613
9614
9615
9616
9617
9618
9619
9620
9621
9622
9623
9624
9625
9626
9627
9628
9629
9630
9631
9632
9633
9634
9635
9636
9637
9638
9639
9640
9641
9642
9643
9644
9645
9646
9647
9648
9649
9650
9651
9652
9653
9654
9655
9656
9657
9658
9659
9660
9661
9662
9663
9664
9665
9666
9667
9668
9669
9670
9671
9672
9673
9674
9675
9676
9677
9678
9679
9680
9681
9682
9683
9684
9685
9686
9687
9688
9689
9690
9691
9692
9693
9694
9695
9696
9697
9698
9699
9700
9701
9702
9703
9704
9705
9706
9707
9708
9709
9710
9711
9712
9713
9714
9715
9716
9717
9718
9719
9720
9721
9722
9723
9724
9725
9726
9727
9728
9729
9730
9731
9732
9733
9734
9735
9736
9737
9738
9739
9740
9741
9742
9743
9744
9745
9746
9747
9748
9749
9750
9751
9752
9753
9754
9755
9756
9757
9758
9759
9760
9761
9762
9763
9764
9765
9766
9767
9768
9769
9770
9771
9772
9773
9774
9775
9776
9777
9778
9779
9780
9781
9782
9783
9784
9785
9786
9787
9788
9789
9790
9791
9792
9793
9794
9795
9796
9797
9798
9799
9800
9801
9802
9803
9804
9805
9806
9807
9808
9809
9810
9811
9812
9813
9814
9815
9816
9817
9818
9819
9820
9821
9822
9823
9824
9825
9826
9827
9828
9829
9830
9831
9832
9833
9834
9835
9836
9837
9838
9839
9840
9841
9842
9843
9844
9845
9846
9847
9848
9849
9850
9851
9852
9853
9854
9855
9856
9857
9858
9859
9860
9861
9862
9863
9864
9865
9866
9867
9868
9869
9870
9871
9872
9873
9874
9875
9876
9877
9878
9879
9880
9881
9882
9883
9884
9885
9886
9887
9888
9889
9890
9891
9892
9893
9894
9895
9896
9897
9898
9899
9900
9901
9902
9903
9904
9905
9906
9907
9908
9909
9910
9911
9912
9913
9914
9915
9916
9917
9918
9919
9920
9921
9922
9923
9924
9925
9926
9927
9928
9929
9930
9931
9932
9933
9934
9935
9936
9937
9938
9939
9940
9941
9942
9943
9944
9945
9946
9947
9948
9949
9950
9951
9952
9953
9954
9955
9956
9957
9958
9959
9960
9961
9962
9963
9964
9965
9966
9967
9968
9969
9970
9971
9972
9973
9974
9975
9976
9977
9978
9979
9980
9981
9982
9983
9984
9985
9986
9987
9988
9989
9990
9991
9992
9993
9994
9995
9996
9997
9998
9999
10000
10001
10002
10003
10004
10005
10006
10007
10008
10009
10010
10011
10012
10013
10014
10015
10016
10017
10018
10019
10020
10021
10022
10023
10024
10025
10026
10027
10028
10029
10030
10031
10032
10033
10034
10035
10036
10037
10038
10039
10040
10041
10042
10043
10044
10045
10046
10047
10048
10049
10050
10051
10052
10053
10054
10055
10056
10057
10058
10059
10060
10061
10062
10063
10064
10065
10066
10067
10068
10069
10070
10071
10072
10073
10074
10075
10076
10077
10078
10079
10080
10081
10082
10083
10084
10085
10086
10087
10088
10089
10090
10091
10092
10093
10094
10095
10096
10097
10098
10099
10100
10101
10102
10103
10104
10105
10106
10107
10108
10109
10110
10111
10112
10113
10114
10115
10116
10117
10118
10119
10120
10121
10122
10123
10124
10125
10126
10127
10128
10129
10130
10131
10132
10133
10134
10135
10136
10137
10138
10139
10140
10141
10142
10143
10144
10145
10146
10147
10148
10149
10150
10151
10152
10153
10154
10155
10156
10157
10158
10159
10160
10161
10162
10163
10164
10165
10166
10167
10168
10169
10170
10171
10172
10173
10174
10175
10176
10177
10178
10179
10180
10181
10182
10183
10184
10185
10186
10187
10188
10189
10190
10191
10192
10193
10194
10195
10196
10197
10198
10199
10200
10201
10202
10203
10204
10205
10206
10207
10208
10209
10210
10211
10212
10213
10214
10215
10216
10217
10218
10219
10220
10221
10222
10223
10224
10225
10226
10227
10228
10229
10230
10231
10232
10233
10234
10235
10236
10237
10238
10239
10240
10241
10242
10243
10244
10245
10246
10247
10248
10249
10250
10251
10252
10253
10254
10255
10256
10257
10258
10259
10260
10261
10262
10263
10264
10265
10266
10267
10268
10269
10270
10271
10272
10273
10274
10275
10276
10277
10278
10279
10280
10281
10282
10283
10284
10285
10286
10287
10288
10289
10290
10291
10292
10293
10294
10295
10296
10297
10298
10299
10300
10301
10302
10303
10304
10305
10306
10307
10308
10309
10310
10311
10312
10313
10314
10315
10316
10317
10318
10319
10320
10321
10322
10323
10324
10325
10326
10327
10328
10329
10330
10331
10332
10333
10334
10335
10336
10337
10338
10339
10340
10341
10342
10343
10344
10345
10346
10347
10348
10349
10350
10351
10352
10353
10354
10355
10356
10357
10358
10359
10360
10361
10362
10363
10364
10365
10366
10367
10368
10369
10370
10371
10372
10373
10374
10375
10376
10377
10378
10379
10380
10381
10382
10383
10384
10385
10386
10387
10388
10389
10390
10391
10392
10393
10394
10395
10396
10397
10398
10399
10400
10401
10402
10403
10404
10405
10406
10407
10408
10409
10410
10411
10412
10413
10414
10415
10416
10417
10418
10419
10420
10421
10422
10423
10424
10425
10426
10427
10428
10429
10430
10431
10432
10433
10434
10435
10436
10437
10438
10439
10440
10441
10442
10443
10444
10445
10446
10447
10448
10449
10450
10451
10452
10453
10454
10455
10456
10457
10458
10459
10460
10461
10462
10463
10464
10465
10466
10467
10468
10469
10470
10471
10472
10473
10474
10475
10476
10477
10478
10479
10480
10481
10482
10483
10484
10485
10486
10487
10488
10489
10490
10491
10492
10493
10494
10495
10496
10497
10498
10499
10500
10501
10502
10503
10504
10505
10506
10507
10508
10509
10510
10511
10512
10513
10514
10515
10516
10517
10518
10519
10520
10521
10522
10523
10524
10525
10526
10527
10528
10529
10530
10531
10532
10533
10534
10535
10536
10537
10538
10539
10540
10541
10542
10543
10544
10545
10546
10547
10548
10549
10550
10551
10552
10553
10554
10555
10556
10557
10558
10559
10560
10561
10562
10563
10564
10565
10566
10567
10568
10569
10570
10571
10572
10573
10574
10575
10576
10577
10578
10579
10580
10581
10582
10583
10584
10585
10586
10587
10588
10589
10590
10591
10592
10593
10594
10595
10596
10597
10598
10599
10600
10601
10602
10603
10604
10605
10606
10607
10608
10609
10610
10611
10612
10613
10614
10615
10616
10617
10618
10619
10620
10621
10622
10623
10624
10625
10626
10627
10628
10629
10630
10631
10632
10633
10634
10635
10636
10637
10638
10639
10640
10641
10642
10643
10644
10645
10646
10647
10648
10649
10650
10651
10652
10653
10654
10655
10656
10657
10658
10659
0.0009978582050702469 0.0004814515118110965 0
0.0009978582050702298 0.0005185484881884779 0
0.000995521490953364 0.0005520995820963296 0
0.000995980580208534 0.0004483710593087834 0
0.0009917878901475547 0.0006082543130353228 0
0.0009901106518434488 0.0003938048627582592 0
0.0009978582050702409 0.0005012365658789664 0
0.000983876042335142 0.0003031502943316585 0
0.0009853285588127068 0.0006950690254767487 0
0.0004512973148132179 0.0004968267014980403 0
0.0004834577578930628 0.0004967847007308108 0
0.0004226723538893651 0.0004944393891208939 0
0.0003803250283053693 0.0004917266846935195 0
0.0004663703405848787 0.0004966271526601547 0
0.0003199961109442071 0.0004861001496183178 0
0.0004512880466962301 0.0005031827356767552 0
0.0004837651005204306 0.0005031630515964908 0
0.0004220734276722236 0.0005054521716944296 0
0.0003810401065858965 0.0005099690881521705 0
0.000466438864912748 0.0005030336183301419 0
0.0003200125768851938 0.0005139793720212893 0
0.0002482216603955477 0.0005222967272163063 0
0.0002465783997631415 0.000479722007655228 0
0.0004396704474024449 0.0004960717840810853 0
0.0004393789509443244 0.0005041300023662014 0
0.0009971589667785209 0.0004699622618309337 0
0.0009968485931257211 0.0005296127016652265 0
0.0009978818097764895 0.0004913040143592082 0
0.0006898644095029111 0.0009614096473338492 0
0.0006849124394579958 3.732320986498643e-05 0
0.000540076000918775 0.0009626310373607757 0
0.0005463261699388609 3.618580972907407e-05 0
0.0004025375875745022 2.956290901446254e-05 0
0.0004038477528803012 0.0009583140940092006 0
0.0009939169650142227 0.0005713962866969432 0
0.0009939284947522178 0.0004281480275822262 0
0.0009784653642201033 0.0007647990441804894 0
0.0009774940061091813 0.0002397454016252626 0
0.0009881870926727807 0.0006456473350918182 0
0.0009879114338288545 0.000353408778909508 0
0.0001679432922354688 0.0004748204618960841 0
0.0001677532075753604 0.0005256371695384995 0
0.000405661871912668 0.0005070575575242352 0
0.0004044538746778302 0.000493293495096114 0
4.171803287618957e-05 0.0007514751258105064 0
4.171803287606269e-05 0.0002485248741906359 0
0.0009979138695242504 0.0005086558239569421 0
0.0002511666165690343 4.252642649130136e-05 0
0.0002561145229369185 0.000957109006921787 0
0.000835784342296194 0.0009607500755500209 0
0.0008343506795169266 3.693191059833623e-05 0
0.0009726313206061372 0.0008534119268541761 0
0.0009712390361618608 0.0001444500143986364 0
0.0009919118167146441 0.0005884988599470062 0
0.0009919564382649083 0.0004111426225160315 0
0.0001019972426782713 0.0004696370471310132 0
0.0001023622419408328 0.000531004353595122 0
0.000360017528116268 0.0005098138155048907 0
0.0003596616003347427 0.0004896775095373732 0
0.0002868841563020854 0.0005161723813752191 0
0.0002891212004714393 0.0004827123752549426 0
0.0009965544897074816 0.0004623710092130357 0
0.0009966137054620776 0.0005375748726474986 0
5.089037576668245e-05 0.0001504373051687732 0
5.111846120697193e-05 0.000851552608592579 0
3.843945392075902e-05 0.000654578364473607 0
4.554958442252189e-05 0.0003424721088403777 0
0.0004460072549378862 0.0004966644472996302 0
0.000446098598220641 0.0005032296576799422 0
0.0009976651454641004 0.0004762857412827115 0
0.000997466517726212 0.0005239766515079461 0
0.0009979343426286921 0.0005134880934554458 0
0.0009975715926816636 0.0004961136722434823 0
0.0009979988031950738 0.0004863981656609994 0
0.0004566050088404208 0.0005032367104348321 0
0.0004562906552473775 0.0004968369484035154 0
0.0001490566317127124 0.0009509536751789609 0
0.0001496754759668096 4.624716458361534e-05 0
0.0009251665549119041 0.0009578259884289784 0
0.0009310088505306727 3.333863551386991e-05 0
3.96619877994011e-05 0.0004333445547930056 0
3.97862350505018e-05 0.0005672335576588155 0
0.0009885547858714989 0.0006320336645026924 0
0.0009765681512684343 0.0006379246513690926 0
0.0009756795070155755 0.0006518771013868781 0
0.0009643999462476047 0.0006436000448421308 0
0.0009656445964051067 0.0006302855540960333 0
0.000953875784145836 0.0006354650132723198 0
0.0009553147956440192 0.0006227977737948641 0
0.0009437453598305769 0.000627635431138397 0
0.0009453254309217546 0.0006154444845320225 0
0.0009341849765769928 0.0006201050283868552 0
0.000935635788095365 0.0006084780399958714 0
0.0009248773945257804 0.0006128538671512725 0
0.0009263658346569635 0.0006017296479549865 0
0.0009162595655878895 0.0006059063955129595 0
0.0009179228531995668 0.0005955618666509191 0
0.0009081466805585428 0.0005993844996440686 0
0.000909597411143544 0.0005896612438367093 0
0.0009002310349724909 0.0005932194592755263 0
0.0009018833381569363 0.0005838788871621421 0
0.0008987175267470868 0.0006031363397805096 0
0.0009327255132893612 0.0006314262215032032 0
0.0009102911941243287 0.0005805074875276437 0
0.0009029356499885136 0.0005754088530360246 0
0.0008952734948559999 0.0005784056767205877 0
0.0008964305003015162 0.0005705571552522211 0
0.0008891957277328097 0.0005733385693114727 0
0.0008903097602195433 0.0005659800902097197 0
0.0008834979828475218 0.0005685885139311625 0
0.0008847511669070006 0.0005608960485238511 0
0.0008781836693136417 0.000563988272404396 0
0.0008793792077752581 0.0005568798318128622 0
0.0008731700505707672 0.0005597709784033774 0
0.0008739563683220431 0.000553421697131056 0
0.0008683659938496775 0.000555889891821991 0
0.0008691937640186945 0.0005501504365764018 0
0.0008639532104624036 0.0005522190793528369 0
0.0008647788140637869 0.0005467950546975707 0
0.0008598082015842917 0.0005487303756675904 0
0.0008606035482056383 0.0005436693372781378 0
0.0008558090869162898 0.0005454336442495256 0
0.0008567668093695647 0.0005406159523780355 0
0.0008548887668342767 0.0005504920069650128 0
0.000850968166203565 0.0005471444268551154 0
0.000849945762157042 0.0005523425526979247 0
0.0008610366976125243 0.0005388728801588476 0
0.0008576122858507132 0.0005362492708577859 0
0.0008612830037746952 0.0005345777249994828 0
0.0008581810787413113 0.0005321450864777577 0
0.0008908324482977133 0.0005589267813080572 0
0.00087183566488554 0.0005663658621031275 0
0.000910482122674126 0.0005721831031571751 0
0.0008742102347950691 0.0005475036657330442 0
0.0009364933137349657 0.0005978684117631929 0
0.0008536407838698613 0.000537746402049348 0
0.0008822451103766184 0.0005755547770364121 0
0.0009148944127261784 0.0006167147958660929 0
0.0009625638198753411 0.0006577882196237059 0
0.0008630441833305356 0.0005577297909748983 0
0.0009176640127303685 0.000576730150132738 0
0.0009176320859219037 0.0005687102547805341 0
0.000924043138553528 0.0005730128028455054 0
0.0009242770921133738 0.0005656807553414733 0
0.0009304541768712961 0.0005697403531892901 0
0.0009307385678577193 0.0005626056634132349 0
0.0009250119717961903 0.0005588473083320798 0
0.0009310324496406043 0.000556125599293197 0
0.0009260760935869795 0.0005525226540610051 0
0.0009313306309562127 0.0005500956705435649 0
0.0009269699413756458 0.0005469230853328284 0
0.0009315293543401347 0.0005447177747386184 0
0.0009277066062703187 0.0005419665873093141 0
0.0009318518852826751 0.000539910672854351 0
0.0009283682450922212 0.0005373601031871554 0
0.0009321027948968613 0.0005355859652287574 0
0.0009287526835677582 0.0005331998349051094 0
0.0009321789481077606 0.0005316176741349693 0
0.000929009273761812 0.0005294552138018196 0
0.0009322905291700016 0.000527911736879092 0
0.0009295293897954388 0.0005260663174317915 0
0.0009323876652016865 0.0005247575714855998 0
0.0009300530677293198 0.0005230599356291643 0
0.0009324782087760575 0.0005218967874545456 0
0.0009302613533434829 0.0005202896172873961 0
0.0009330191181301076 0.000519098310977785 0
0.0009305738711364762 0.0005176876089631361 0
0.0009327685761804573 0.0005166066357762818 0
0.0009307261672703359 0.0005151880344705259 0
0.0009329681719878167 0.0005141133730480501 0
0.0009309090444836771 0.0005126957900803857 0
0.0009331637885178568 0.0005116212582034423 0
0.0009311042607597908 0.0005102037039993958 0
0.0009333610757142532 0.0005091292622647534 0
0.0009313746165979958 0.0005077528999993475 0
0.0009335711049040755 0.0005066440385344184 0
0.000931606833251785 0.000505404948177144 0
0.0009291797596968329 0.0005090908288385244 0
0.0009350025567627242 0.0005154828224320873 0
0.0009279631252742499 0.0005213017094380094 0
0.00093524141079015 0.0005298510471614605 0
0.0009256843060870575 0.0005308818853520432 0
0.0009360448622448047 0.0005425209592075002 0
0.0009356201532179205 0.0005080559644535795 0
0.0009358185791451155 0.0005055640255973287 0
0.0009378757588062469 0.0005069805582968281 0
0.0009381319330998084 0.0005046102360098584 0
0.000940142498074317 0.0005059262408860291 0
0.0009404001619423199 0.0005035592317165325 0
0.0009424032060648537 0.0005048590341414354 0
0.0009426019040078943 0.000502368110025403 0
0.0009446518277130205 0.0005037663262749345 0
0.000944848511265698 0.0005012711519719157 0
0.000942789082958731 0.0004998529890507832 0
0.0009450436039320194 0.0004987726366001861 0
0.0009429923574401113 0.0004973565529948433 0
0.00094524306056894 0.000496280762489374 0
0.0009431915681405134 0.000494863743784556 0
0.0009454415939725101 0.0004937885577533575 0
0.0009434115678323549 0.0004923732028203002 0
0.0009456434383357643 0.0004912966759541492 0
0.000943606190193089 0.0004898807508586445 0
0.0009458416049704481 0.0004888045294781769 0
0.0009438223887625165 0.0004873900485412278 0
0.0009460427546851531 0.0004863126304967827 0
0.0009440154203478098 0.0004848975058626636 0
0.0009462451984873778 0.0004838302519441824 0
0.0009442496289142782 0.0004826201091499959 0
0.000946905912502862 0.0005026850621610558 0
0.0009478953237033734 0.0004902217480881275 0
0.0009417569991305363 0.0004860060469165421 0
0.0009467074816568205 0.0005051765740358325 0
0.0009489642128245156 0.0005041008595413383 0
0.0009487250157797897 0.0005066521176738522 0
0.0009510163096901142 0.0005055278540996668 0
0.0009507760787360463 0.0005080809784285222 0
0.0009530729607852537 0.0005069489343737801 0
0.000952831724056158 0.0005095314666752651 0
0.0009551311346459575 0.0005083726335158676 0
0.0009548329148423353 0.0005110680836306356 0
0.0009571804865452626 0.0005098111239207189 0
0.0009569234772741245 0.0005124192138334063 0
0.0009592432633919376 0.0005112211650772681 0
0.0009594518076895643 0.0005087084339593058 0
0.0009589850202916222 0.0005137782060392216 0
0.0009613034411607931 0.0005126277750262733 0
0.0009609897736520409 0.0005152367062974424 0
0.0009633537208071667 0.0005140503977827549 0
0.0009631800175751367 0.0005165158183939256 0
0.0009654332711794176 0.0005154458024883232 0
0.000965241517230802 0.0005179344674632537 0
0.0009629314897016609 0.0005190657601684317 0
0.000965023556228983 0.0005204551834451944 0
0.0009673155999494268 0.0005193550746491121 0
0.0009671098907922008 0.0005218635427678771 0
0.0009647385707142872 0.0005230517871081591 0
0.0009674450880744075 0.0005247300093826883 0
0.0009693663605061184 0.0005207149807275366 0
0.0009645115937996453 0.0005258759562638756 0
0.0009669574026956902 0.000527735157699242 0
0.0009656307214056046 0.0005129543990039896 0
0.000956655089141799 0.0005149470762021028 0
0.000964094640049321 0.0005289722699120874 0
0.0009359880470386873 0.0005591197993159828 0
0.0009670081050424126 0.0005308708080887308 0
0.0009532776877381045 0.0005044472040393853 0
0.0009411571590606108 0.0004931421670759763 0
0.0009635436203805361 0.0005323634026935056 0
0.0009669590288815911 0.0005343878445197142 0
0.0009630847037307075 0.0005360767872516687 0
0.0009666414033692529 0.0005383106508488181 0
0.0009699951507093032 0.0005290668469165854 0
0.0009504648193026592 0.0005107392678389773 0
0.0009229275483279724 0.0005438469154508936 0
0.0009610251811035904 0.0005301393642232331 0
0.0009627546485134898 0.0005401294861703877 0
0.0009663075421528669 0.0005426299134623049 0
0.0009703501157497905 0.0005406106946749216 0
0.0009700433706430557 0.0005451215982655018 0
0.0009657999415904119 0.0005473545298880437 0
0.0009698124887286766 0.000550196038855415 0
0.0009651412131922939 0.0005526393025554048 0
0.0009739332947670354 0.000543751159613 0
0.0009399286920571009 0.0005083855336097101 0
0.0009698593178670402 0.0005556703760569126 0
0.0009645582176428929 0.0005583667814711868 0
0.0009205492893409405 0.0005549708756154293 0
0.0009697806291780319 0.0005617816947851477 0
0.0009637242127085318 0.0005646332058269758 0
0.0009349087940099027 0.0005235532790225303 0
0.0009482951367999631 0.0004852393269159356 0
0.0009484971051686209 0.0004827571725670768 0
0.0009505523155627126 0.0004841686043559954 0
0.0009507483276427281 0.0004816729359815897 0
0.0009528085957410343 0.00048309312470454 0
0.0009530035258491031 0.0004805944564780488 0
0.0009550736101043389 0.0004820157710951369 0
0.0009552013714329506 0.0004796108568745993 0
0.0009531748774825907 0.0004782437380914145 0
0.0009573409913581439 0.0004809411564871866 0
0.0009575001801372422 0.0004785884805080217 0
0.0009596570362345545 0.0004798676694900885 0
0.0009598704422744951 0.0004773300269575027 0
0.000962015283395908 0.0004787402848403754 0
0.0009622253346452195 0.0004760587883008773 0
0.0009617662717922007 0.0004812859195109575 0
0.0009640995512709221 0.0004802183957976362 0
0.0009638475603795127 0.000482728262151552 0
0.0009661508876478835 0.0004816802951959493 0
0.0009659160471357773 0.0004841659668831898 0
0.000968192889261706 0.0004831309356030162 0
0.0009679582820968035 0.0004856141401075763 0
0.0009702305066324629 0.0004845805423026637 0
0.0009699922506039909 0.0004870689254423876 0
0.0009703176329356815 0.0004821898711118066 0
0.0009722663770841606 0.0004860318557031428 0
0.0009720278369486497 0.0004885205209646246 0
0.000974302232119007 0.0004874829183427674 0
0.0009740636900159416 0.0004899715447904638 0
0.0009677283923355134 0.0004880920174969316 0
0.0009599170817633862 0.0004744942678706463 0
0.0009625780776431119 0.0004730850588844599 0
0.0009599318968668947 0.0004713908744741742 0
0.00096290314222147 0.0004698735312869034 0
0.0009598714874589813 0.0004679770918352028 0
0.0009632377893172091 0.0004663494892212137 0
0.0009599149435960162 0.0004642722058675212 0
0.0009636189925880249 0.0004624927337630193 0
0.0009601942863883029 0.000460326502820101 0
0.0009564237599477992 0.0004622058393570249 0
0.0009565803995618671 0.0004579445995073481 0
0.0009526506271259673 0.000460009956454011 0
0.0009528269251908662 0.0004555615866533375 0
0.0009487359882726569 0.0004577183914558492 0
0.0009488416680264618 0.000452939814899433 0
0.0009446248129987737 0.0004552094236853135 0
0.0009446713015492377 0.0004501880453776198 0
0.0009402349631396766 0.0004525936185562636 0
0.0009402803466669187 0.0004473601949817247 0
0.0009354572058991666 0.0004498755235569014 0
0.0009356386728649837 0.0004443115181720101 0
0.0009305873669903887 0.0004469958379663508 0
0.0009307766233520914 0.0004411361508480959 0
0.0009256127581828019 0.0004439270349733271 0
0.0009256966015907121 0.000437786057498121 0
0.0009199195561147074 0.0004413239287115252 0
0.0009202789358409703 0.0004343695158064638 0
0.0009145547406681784 0.0004372274336212639 0
0.0009146669592630998 0.0004305748080316093 0
0.0009084630182654144 0.0004338103838311629 0
0.0009087655771687003 0.0004267794065232897 0
0.0009023054784194459 0.0004301407823875522 0
0.0009023376393325367 0.0004228441432295534 0
0.0008954011985873687 0.0004261582854045913 0
0.0008956931688117181 0.0004185359662262352 0
0.0008883847994169586 0.0004220648964950398 0
0.0008889267742878567 0.0004137433961319055 0
0.0008811776490476161 0.0004177197972520007 0
0.0008817066624777918 0.0004089061943232047 0
0.0008739596347889392 0.0004131669946808616 0
0.0008741827093276325 0.0004039831650888338 0
0.0009079287791711791 0.000440428160928918 0
0.0008735700348673648 0.0004217810619374261 0
0.0008664035219809409 0.000417459405412137 0
0.000866430693528058 0.0004255955076287242 0
0.0008593769934355426 0.0004215816116254026 0
0.0008596560346912164 0.0004292018617795828 0
0.0008526878576622963 0.0004255667355873567 0
0.0008533267679530876 0.0004337430169469508 0
0.0008462867807373164 0.0004294715408262549 0
0.0008460112108156712 0.0004366666309307329 0
0.0008399620810475985 0.0004329628587246453 0
0.0008400236357755301 0.0004242897448190135 0
0.0008397215912398096 0.0004398146634152413 0
0.0008340701510678126 0.0004364091108337874 0
0.0008338410017636729 0.0004426965670948961 0
0.0008284867526054164 0.0004396727338147259 0
0.0008282625169406958 0.0004456323921783669 0
0.0008231307128664304 0.0004428041099249769 0
0.0008230684343242878 0.0004487309917031896 0
0.0008181112102448592 0.0004458138103023267 0
0.000818286769942096 0.0004522065350131627 0
0.0008133529815142204 0.0004488098229466682 0
0.0008131675295264321 0.0004541755190299521 0
0.0008087052879636161 0.000451417624446008 0
0.0008085617265266324 0.000446023229108644 0
0.0008086959167681062 0.0004565072049461711 0
0.0008043885541204852 0.0004540394856728347 0
0.0008043624147913533 0.0004588391761830837 0
0.0008001959455895519 0.0004564964854599476 0
0.0008002047678868116 0.0004610732753774074 0
0.0007963184053601513 0.0004589263604316881 0
0.0007962664026081965 0.0004632195123865321 0
0.0007925836873548919 0.000461211611759233 0
0.0007925083904185913 0.0004652628341075341 0
0.0007889292397845235 0.0004632313190659924 0
0.0007889186378501811 0.000467183695434164 0
0.0007855117070545668 0.0004652580374911098 0
0.0007853868444272225 0.0004688945610597079 0
0.0007823140960474559 0.0004672926916904214 0
0.0007820772720178805 0.0004706573507683621 0
0.000779202899061796 0.0004691269800056562 0
0.0007790496209915624 0.0004724648223518094 0
0.0007762136657267127 0.0004708156549226408 0
0.000776362029366969 0.0004745609975029394 0
0.0007734516727722959 0.0004725683909075597 0
0.0007733971584784572 0.0004756722230234498 0
0.0007707355736575277 0.0004740929554809901 0
0.0007706973876535321 0.0004769881037167834 0
0.0007706536322644334 0.0004707369932140476 0
0.000768218209489758 0.0004755970473422951 0
0.0007681401061099175 0.000478353180053555 0
0.0007658135082289887 0.0004770522893744555 0
0.0007657715545778942 0.0004797411802327623 0
0.0007635263979641905 0.0004784549873283828 0
0.0007635475914605282 0.0004811163984058856 0
0.0007613162055210574 0.0004797464107510191 0
0.0007613561499046437 0.0004823977620526435 0
0.0007591340021422671 0.0004810215754791107 0
0.0007591645138373565 0.0004835800717526598 0
0.0007569397802882225 0.0004822865343201041 0
0.0007570625971345482 0.0004849371159986762 0
0.0007547921234794602 0.0004835762272088847 0
0.0007549223085713083 0.000486230763667608 0
0.0007526881517841855 0.0004849218933588875 0
0.0007527770634891273 0.0004875047321767383 0
0.0007505478865142805 0.0004862111248427482 0
0.0007506307486033819 0.0004887845585819423 0
0.0007484013932882293 0.0004874919279782358 0
0.0007485046803019105 0.0004898678648292067 0
0.000746288029766238 0.0004887902931645161 0
0.0007465976688116181 0.0004914492590307381 0
0.0007464073251741124 0.0004863678392207434 0
0.000744185903959676 0.0004901228798674696 0
0.0007441272227918979 0.0004925320999936355 0
0.0007419609520034535 0.0004913263577578843 0
0.000741930936369041 0.0004937283107754865 0
0.0007397920156353539 0.0004925789326748459 0
0.0007398310328771278 0.0004950899804084001 0
0.0005017513676177114 0.0005000000886047676 0
0.0005018681211497716 0.0005019491405622052 0
0.000501690064302797 0.0004978291519872164 0
0.0005035646151402517 0.0004989666519777832 0
0.0005034955075744712 0.000496687191418754 0
0.000505490737595432 0.0004978995459834947 0
0.0005054856215308649 0.0004956608068766602 0
0.0005075476886312583 0.000496798801900653 0
0.00050754556100695 0.0004943923953768495 0
0.0005097326108134659 0.0004956962527109317 0
0.0005096745502034705 0.0004931361623595667 0
0.0007376484790204288 0.0004938672669047476 0
0.0007377999060319113 0.0004964573339039987 0
0.0007355206384721493 0.0004951625083305905 0
0.0007355575614378235 0.0004976650001068615 0
0.0007333532007741526 0.000496427026124023 0
0.000733390534417554 0.0004989296575778328 0
0.0007312057368855297 0.0004977064424226195 0
0.0007312393892944845 0.0005002062966776842 0
0.000729057010859385 0.0004989849065387904 0
0.0007290906807980265 0.0005014847740186102 0
0.0007269426105164395 0.0005003204209567814 0
0.0007268845257836787 0.0005026662885962648 0
0.0007266280752353338 0.000497739773826077 0
0.0007247904546519681 0.0005015925525943118 0
0.0007247189431653324 0.0005039279521782924 0
0.0007226456087214021 0.0005028789677608064 0
0.0007226320486717807 0.0005053120362950551 0
0.0007204646310298503 0.0005041006673683256 0
0.0007204640717054699 0.0005065455615236082 0
0.0007183548043269815 0.000505444283258526 0
0.0007183190411223511 0.0005078277118483223 0
0.0007161696454606828 0.0005066607152912449 0
0.0007161965628224599 0.000509149312068789 0
0.0007140196426280621 0.0005079363474716982 0
0.0007140524193287852 0.0005104348109405319 0
0.0007118718882687528 0.0005092158294519828 0
0.0007119481784700501 0.0005116394140372611 0
0.0007097311590941563 0.0005104824704364081 0
0.0007097552592146507 0.0005129046309649621 0
0.0007075760612855479 0.0005117743086126286 0
0.0007075558401949328 0.0005142597142372736 0
0.0007075425140547236 0.0005092745337061011 0
0.0007054190049412594 0.0005130508539396959 0
0.0007054439157175036 0.0005155382325739894 0
0.0007032754448327177 0.0005143293246885848 0
0.0007033026049815853 0.0005168170242265135 0
0.0007011383007228368 0.0005155919638471303 0
0.0007011024786172085 0.0005180498755529487 0
0.0005118958151103503 0.0004944546487549944 0
0.0005117946675118699 0.0004919202884912733 0
0.0005139979057339267 0.0004931037053994676 0
0.0005138870382806394 0.0004902813098308631 0
0.0005161305391800613 0.0004917552091659905 0
0.0005162155458081638 0.000489282725523096 0
0.0005182924203476839 0.0004905239209867111 0
0.0005182802520395068 0.0004880213192323435 0
0.0005181965021772402 0.0004930179041931319 0
0.0005204455466101745 0.0004892481858819318 0
0.0005204167401873792 0.0004867482802521753 0
0.0005225929685203971 0.0004879733749314711 0
0.000522564218983445 0.0004854734189481474 0
0.0005247433313140708 0.0004866980806209296 0
0.0005247140419669901 0.0004841982109689016 0
0.0005268935240478525 0.0004854228251732842 0
0.0005268642496060222 0.000482922989289881 0
0.0005246790341124595 0.0004816984610616508 0
0.0005268367767273831 0.0004804182565319549 0
0.0005246403423788968 0.0004791737691860403 0
0.0005268707426450494 0.0004778465612761541 0
0.0005245343660938511 0.0004765286722581401 0
0.0005270504340888294 0.0004751397217490456 0
0.0005288871633423039 0.0004817284208017898 0
0.0007076043673913726 0.0005169144561567913 0
0.0007224075827576772 0.000507853480635934 0
0.0007378702318172373 0.000499046665323355 0
0.0007506681148562583 0.0004911431926881235 0
0.0007656768850564704 0.0004826695727371811 0
0.00077915446492643 0.0004751175838422011 0
0.0007853482854971571 0.0004612343345939852 0
0.0007567854416657641 0.0004796827621576479 0
0.0008457689759344035 0.0005489339740613941 0
0.0008448174494044669 0.000554326994731129 0
0.0008405001348266583 0.0005507659343777913 0
0.0008395356270450977 0.0005563374940860959 0
0.0008353566213466984 0.0005526950945283274 0
0.0008341208548152746 0.0005583509041233682 0
0.0005096164414593574 0.0004906578001516532 0
0.000829562423791041 0.0005545402436879938 0
0.0008284735743871593 0.0005605264142517488 0
0.0008236630617737663 0.0005566477651843371 0
0.0008226334254267548 0.0005627581781955894 0
0.0007960212803209275 0.0004673578035215479 0
0.0008177023979831592 0.0005586991686501245 0
0.0008166223848424714 0.0005650468854254947 0
0.0008115781220849704 0.0005608170370990434 0
0.0008104401522046206 0.0005673372245820101 0
0.0008051575486542311 0.0005630590736261595 0
0.0008038814417190201 0.0005695361003467277 0
0.0008129293095495314 0.0004595938351266498 0
0.000526922814522774 0.0004879226531650119 0
0.0007162952693393398 0.0005040040330618052 0
0.0007354708203460639 0.0004926504016116824 0
0.0005096164810057691 0.0004982348650048156 0
0.0008185937683695707 0.0005533777583384576 0
0.0008509078659522251 0.0004401392539151941 0
0.0008154469072796652 0.0005718159399402512 0
0.0004934838998978698 0.0004968225185429522 0
0.0009258184049097406 0.0004495293491044331 0
0.0008280650046736012 0.0004517969736766019 0
0.0009092170792007967 0.0004183977014108347 0
0.0008826132142415685 0.0003995209220980794 0
0.0008740808240749109 0.00039373757859486 0
0.0008842308603816884 0.00038927150929095 0
0.0008742517186681158 0.0003827448618587153 0
0.0005161796209598629 0.0004866057924070635 0
0.0007290919983051465 0.0005041161141101274 0
0.0007010345565512345 0.0005132220910404961 0
0.0006989496738406605 0.0005143893583764568 0
0.0006988418758984841 0.0005120232280546082 0
0.0006967652848888229 0.0005131747644012733 0
0.0006967468165445363 0.0005106482654327336 0
0.0006945976153790525 0.0005119292818356676 0
0.0006945819336084448 0.0005093976347687245 0
0.0006924233117328396 0.0005106954121641952 0
0.0006923934792373785 0.0005081890121710199 0
0.0006902417572711543 0.0005094744403199028 0
0.0006902107163064493 0.0005069701899645915 0
0.0006880436105092526 0.0005082831055304504 0
0.0006880121069349973 0.0005057796784038247 0
0.0006858611841137384 0.000507063672467605 0
0.0006858275061816978 0.0005045641311671264 0
0.0006836787115916166 0.0005058443217417521 0
0.0006836452325103228 0.0005033444250406047 0
0.0006837123487555046 0.0005083439359193192 0
0.0006815305831671572 0.0005071233217608953 0
0.0006815641248201336 0.0005096231066360499 0
0.0006794039939786996 0.0005084384766992842 0
0.0006794195926612402 0.0005109081210501602 0
0.0006772600771158844 0.0005097244650629569 0
0.0006772727878526996 0.0005121892483180466 0
0.0006750913606893008 0.0005109687781289856 0
0.0006751506909518812 0.0005134105655533784 0
0.0006729441618298117 0.0005122323433174675 0
0.0006729727823481177 0.0005146777996847822 0
0.0006708020080530147 0.0005135248436921901 0
0.0006707914887031433 0.000516009265199301 0
0.0006686493701777964 0.0005148147981453196 0
0.0006686730650522628 0.0005172957618246809 0
0.0006665001078536098 0.0005160878385349421 0
0.0006665254368167361 0.0005185731536026166 0
0.0006664603320178422 0.0005135761983941741 0
0.0006643546307119118 0.0005173701303570619 0
0.0006643804743150853 0.0005198567921220097 0
0.0006621976893338979 0.0005186338537154689 0
0.0006622185510891792 0.0005211428806338912 0
0.0006599497110159997 0.0005199077085053007 0
0.0006600407055975691 0.0005225081187605848 0
0.0006577592605713566 0.0005212356262628602 0
0.0006578002169741969 0.0005239355079228176 0
0.0006553262470772635 0.0005226121659051741 0
0.0006554361095848717 0.0005254472762824736 0
0.0006529509126641303 0.0005240612386282575 0
0.0006529374345989304 0.0005270370660947217 0
0.0006528750053001254 0.0005212799469730934 0
0.000650564982407546 0.0005226431593005217 0
0.0006505602285209222 0.0005199695091817616 0
0.0006482937016097205 0.0005212795574184776 0
0.00064830628849736 0.0005187112084957491 0
0.000646084909987388 0.0005199750238880135 0
0.0006460877135417417 0.0005174560766150974 0
0.0006439109972370313 0.0005186879260093746 0
0.0006439301088761739 0.0005161866177248622 0
0.0006417550572575418 0.0005174153424246162 0
0.0006417796070100964 0.0005149153023241393 0
0.0006396024692878572 0.0005161436113038048 0
0.0006396274680868218 0.0005136437602236009 0
0.0006374502918088678 0.0005148720519033932 0
0.0006374753451776597 0.0005123721830401995 0
0.0006374219494629681 0.0005173663196733275 0
0.0006352684167013572 0.0005160914334760802 0
0.000635243270468179 0.0005185922343348879 0
0.0006330898004080032 0.0005173178323913926 0
0.0006330697524574486 0.0005198276779875376 0
0.000630894815595572 0.0005185539881181199 0
0.0006308927152721596 0.000521056770169954 0
0.0006286775044000711 0.0005197939756428094 0
0.0006286779929626325 0.0005223556836685226 0
0.0006264062861096807 0.0005210658533899477 0
0.0006264044031610812 0.0005237356290501553 0
0.0006240877251563856 0.0005223724297192831 0
0.0006240393489714976 0.0005251670839963457 0
0.0006241704205686371 0.0005197445637246797 0
0.0006218519718787954 0.0005209894894022792 0
0.0006219447370721955 0.0005184238219504587 0
0.0006196827594133265 0.0005196314594892017 0
0.0006197501849899985 0.000517117697014119 0
0.0006175382556638527 0.0005183018427894648 0
0.0006176125339727406 0.0005158056494069229 0
0.0006154092408500895 0.0005169826473990623 0
0.000615485492768089 0.000514488494133508 0
0.0006132842024715614 0.000515665830976538 0
0.0006133603993872353 0.0005131711539464926 0
0.0006111594289532153 0.0005143484412650576 0
0.0006112381224149191 0.0005118497078975763 0
0.0006110811853484341 0.0005168464058594108 0
0.0006089751456071313 0.0005155636111421089 0
0.0006088809904914344 0.000518033310586941 0
0.0006067754996658312 0.000516751428445646 0
0.0006066787841105473 0.0005192165693588118 0
0.0006604214600800812 0.000525159799253185 0
0.0006045499402618444 0.0005178911244985737 0
0.0006044744013973112 0.0005204070274156382 0
0.0006023301385463348 0.0005190718137529726 0
0.000602250690737648 0.000521605022932381 0
0.0006000580902251066 0.0005202794807623409 0
0.0005999944325854462 0.0005228910505702756 0
0.0005977631592509745 0.0005215109185660949 0
0.0005976253694212958 0.0005242337801109599 0
0.0005978747732075417 0.0005189277104594371 0
0.0005955959900325321 0.0005201130241165253 0
0.0005957304006857821 0.0005175820410990661 0
0.0005934752523380348 0.0005187362438052609 0
0.0005935859353944251 0.0005162514031795336 0
0.0005914354553345053 0.0005172721572022853 0
0.0005914876187064002 0.0005148820443677559 0
0.0005893379444603464 0.0005158807542396757 0
0.0005893948643188526 0.0005135098881024103 0
0.0005871687019350068 0.0005146256479345727 0
0.0005872842507981972 0.0005121681413969158 0
0.0005850912819417906 0.0005133056285307042 0
0.0005849351737780853 0.0005157971582918757 0
0.0005852383055162019 0.0005108156235208537 0
0.0005828366232816411 0.0005145038619989901 0
0.0005827028470971521 0.0005169359310243716 0
0.0005805775287397829 0.0005156526985284958 0
0.00058048177762205 0.0005180982528656495 0
0.0005783819006192288 0.0005167459727699858 0
0.000578265277606159 0.0005192318261329444 0
0.0005761607019821477 0.0005178771472523875 0
0.0005760389125981219 0.0005203755767668236 0
0.0005739032684881051 0.0005190182025361984 0
0.0005738002188391256 0.0005215636043969624 0
0.0005716381126541125 0.0005201681537072544 0
0.0005715214701346069 0.0005227798456336628 0
0.000685793338825961 0.0005020654645341181 0
0.0006835711965386905 0.0005008453566756109 0
0.0006857529401175179 0.0004995659920967669 0
0.0006835297592714632 0.0004983457499375345 0
0.0006856357636353109 0.0004970673849707128 0
0.0006833873546481326 0.0004958610696768988 0
0.0006856925449418297 0.0004945664118081405 0
0.0006833272045959514 0.0004933776110861807 0
0.0006855398905390741 0.0004920731634534173 0
0.0006834245110701112 0.0004908603929208012 0
0.0006855967918760793 0.00048957038154011 0
0.000683437567676601 0.0004883489471263171 0
0.0006855860867127804 0.0004870681603177938 0
0.0006834155947632514 0.0004858468193524989 0
0.0006854087184637227 0.000484569592618514 0
0.0006833664655443851 0.00048334676682047 0
0.0006853516452125934 0.000482069931829773 0
0.0006833123459728558 0.000480844553395353 0
0.0006854565616106619 0.0004795693246232647 0
0.000683300283858479 0.0004783312478418826 0
0.0006854153679381721 0.0004769552964024389 0
0.0006830173438053764 0.0004755780848633637 0
0.0006854857779640717 0.0004741035965786726 0
0.000682897871818863 0.0004726249126863227 0
0.0006856545659035753 0.0004710754889285702 0
0.0006827941542714126 0.0004693931378629085 0
0.0006858816563119624 0.0004676274018653884 0
0.000682633840627688 0.0004658237020183608 0
0.0006861637700660511 0.0004639082374387987 0
0.0006824142607463521 0.0004618754236865053 0
0.0006863074827709715 0.0004597988299263925 0
0.0006821835269256496 0.0004575697407381205 0
0.0006861746113934136 0.0004552717199145493 0
0.0006819581640343676 0.000452873719521803 0
0.0006862198907971295 0.0004503234989139414 0
0.0006817058910193283 0.000447811155666069 0
0.0006779894767088839 0.0004551307567161781 0
0.0006810007483884484 0.0004797771830234444 0
0.0005740626070922154 0.0005165167279483493 0
0.0005692607288214456 0.00052137471646868 0
0.0005692030537698274 0.0005240786749451725 0
0.0005668230076487122 0.0005226116337641573 0
0.0005667835459461255 0.0005254891788462523 0
0.0005642758022350022 0.0005239296050238891 0
0.0005640986980830309 0.0005269253216131144 0
0.0005668148899294411 0.000528567279223675 0
0.0005638881514056949 0.0005301313761816147 0
0.0005668634610511852 0.0005319305496903289 0
0.0005635350903364128 0.0005336281477328191 0
0.0005668967075010685 0.0005356168377582375 0
0.0005632489619143154 0.0005374817629141887 0
0.0005668848305162419 0.0005395843609858209 0
0.0005631590506989309 0.0005416369695848343 0
0.0005616068463220558 0.0005252908299833048 0
0.0006707102197026361 0.0005183273206639637 0
0.0006396525804279964 0.0005111439005635373 0
0.0006374869479636015 0.0005098721774212404 0
0.0006396753842595029 0.0005086440065552296 0
0.0006375093533662905 0.0005073722775341925 0
0.0006396995900932978 0.0005061441242852015 0
0.0006375514876556962 0.000504872574225048 0
0.0006397273177422311 0.0005036442767338038 0
0.000637579802273913 0.0005023727324600213 0
0.0006397533290818692 0.0005011444118928181 0
0.0006376010445882741 0.0004998728198938644 0
0.0006397778756526759 0.0004986445323700041 0
0.0006376253470309408 0.0004973729379240796 0
0.00063980268811673 0.0004961446554996162 0
0.0006376502038105333 0.0004948730614957587 0
0.0005644697581723482 0.0005210701152864254 0
0.000687752907520051 0.0004810598075101356 0
0.0005594910569889717 0.0005392561464916512 0
0.0005593044851115321 0.0005437731692754396 0
0.0005874419473741516 0.0005096985986274656 0
0.000585343384000869 0.0005083230083508207 0
0.0005875346559444614 0.0005071765941708719 0
0.0005854408331143682 0.0005058217205302033 0
0.0005877460481713786 0.0005046869375105877 0
0.0005855749432751146 0.0005033252796865669 0
0.0005877415584846982 0.0005021841206538337 0
0.0005857305172371852 0.0005008300016784118 0
0.000587763038534221 0.0004996793757659818 0
0.0005858426628430881 0.0004983320477655372 0
0.0005880126561026782 0.0004971881597115595 0
0.0005858714345342803 0.0004958302354877084 0
0.0005881416909165908 0.0004946913715593107 0
0.0005859803722224359 0.0004933325186524866 0
0.0005882639896042413 0.0004921943372978574 0
0.0005861632904136469 0.0004908385084416951 0
0.0005884023402860324 0.0004896981181536457 0
0.0005862994718297857 0.0004883421867856538 0
0.0005885258862112172 0.0004872011728210145 0
0.0005864369016424763 0.0004858677862111155 0
0.0005886520246162847 0.0004847079962127109 0
0.0005866799381043059 0.0004833810219301157 0
0.0005887982254926951 0.0004822134903308511 0
0.0005868028633637008 0.0004808613747091812 0
0.0005888816490078261 0.0004797786787049631 0
0.0005866971874797657 0.000478311160594762 0
0.0005894884653926164 0.0004771799832547122 0
0.0005867363149459241 0.000475594359113334 0
0.0005893754994366453 0.0004742425300158208 0
0.000586859045224711 0.0004727157365712169 0
0.0005895841599490578 0.0004712691429769063 0
0.0005867699434059555 0.0004694369262595614 0
0.0005898811243288838 0.0004678444760144773 0
0.0005868814853401837 0.0004658557487164313 0
0.0005901824466549901 0.0004641719871715308 0
0.0005869187541102619 0.0004619513664556839 0
0.0005905675698972837 0.0004601172157006386 0
0.0005869259335060373 0.0004576893192452819 0
0.0005909472343195883 0.0004555595237435752 0
0.0005870164729629621 0.0004529773019011736 0
0.0005834457441097484 0.0004918790080359699 0
0.0005845004656178852 0.0004794922508433811 0
0.000590959215702764 0.0004811471285188897 0
0.0006891538419520168 0.0004658997062428434 0
0.000593085514715894 0.0004663655635444775 0
0.0006812651025926427 0.0004896153393034279 0
0.0005837031632799242 0.0004676778808131266 0
0.0006398276372858115 0.0004936447799948737 0
0.0006376751757637862 0.0004923731862186238 0
0.0006398526284346745 0.0004911449049096034 0
0.0006377001739092841 0.0004898733112032662 0
0.0006355227150653203 0.0004911015924505924 0
0.000635547719438164 0.0004886017174974704 0
0.000633370261219445 0.0004898299987510454 0
0.0006333952673505808 0.0004873301238154941 0
0.0006355727257177825 0.0004861018425634031 0
0.0006334202737141813 0.000484830248882266 0
0.0006355977321201251 0.0004836019676305647 0
0.00063344528013698 0.0004823303739496311 0
0.0006355052325230819 0.0004810997139780262 0
0.0006334225017978453 0.0004798191209014404 0
0.0006312178089129242 0.0004885584050668811 0
0.0006356513848617623 0.0004785960564857186 0
0.0006334617019134499 0.0004772712522639092 0
0.0006420050794530526 0.0004924164985808921 0
0.0006357676089941791 0.0004759319626045537 0
0.0006332063018032349 0.0004744212332773981 0
0.0006310986338604502 0.0004785841869349339 0
0.0005905003634084137 0.0004910538124398606 0
0.0006359110542944336 0.0004730112018483117 0
0.0006331834263577941 0.0004713580261341494 0
0.0006383576199844986 0.00047468863500105 0
0.0006000666287717899 0.0005256539101802867 0
0.000626549694777435 0.0005266250429769827 0
0.0006239359293284456 0.0005282168480754536 0
0.0006265710437971619 0.0005298331788572608 0
0.0006238904229038206 0.0005314647691708743 0
0.0006267413719815365 0.0005333118204542735 0
0.0006234413984944694 0.0005352422775035267 0
0.0006270637620440337 0.0005370840937403148 0
0.0006236257886737627 0.0005393544238294189 0
0.0006272955536969303 0.0005413665738803316 0
0.0006235554622047821 0.0005436110607846497 0
0.0006276084824934666 0.0005459178552958318 0
0.0006234431437321189 0.0005484201189550607 0
0.0006278325434945653 0.0005509800816887109 0
0.0006232025423869126 0.000553774159157398 0
0.0006280950745466595 0.0005564906856110021 0
0.0006231166766935364 0.0005595351242520004 0
0.0006286654498971372 0.0005626277083061029 0
0.0006229729744955012 0.0005659909528638047 0
0.0006288167942878238 0.0005693814228734883 0
0.0006227526431797379 0.0005730724580039316 0
0.0006360766082075984 0.0004697397992627058 0
0.0006331017050661857 0.0004679479376791282 0
0.0006363077520916696 0.0004661958179624411 0
0.0006329818948044678 0.0004642369373519741 0
0.0006364341844913141 0.000462411456632916 0
0.0006328776191016517 0.0004602391024238036 0
0.0006875181904241229 0.0004906547337347715 0
0.0005667761350586414 0.0005437457013608912 0
0.0006364300730215683 0.0004580924028435398 0
0.0006327559481145862 0.0004557466498292919 0
0.0006366811094360031 0.000453379555590498 0
0.0006326069916637164 0.0004508308177534531 0
0.0006371760252597005 0.0004482500235951336 0
0.0006321042236391565 0.0004454772077331102 0
0.0006374675056098923 0.0004425677441996298 0
0.0006317348500525855 0.0004396294173505633 0
0.0006377539628189644 0.0004364207636570247 0
0.0006317972110199219 0.0004331176150310468 0
0.0006347685465755013 0.0005656980884178654 0
0.0006350220429683306 0.0005727386399601655 0
0.0006412304905113715 0.0005689109266773282 0
0.0006415020865672431 0.0005763596885055805 0
0.0006479630255307502 0.000572289491007034 0
0.0006482803012008201 0.0005800886390313274 0
0.0006547625505321543 0.000576066676796704 0
0.0006553221827907361 0.0005838737125410499 0
0.0006628588066916914 0.000578890581421533 0
0.0006628421766156634 0.0005879378316947989 0
0.0006555322301899213 0.0005916479148551598 0
0.0006704086041492228 0.0005836251826774716 0
0.0006705729881901851 0.0005923504966907421 0
0.0006781473716160155 0.0005875626915450068 0
0.0006786115849829094 0.0005968169991962447 0
0.0006866851616924464 0.0005919212575586986 0
0.000687076673449221 0.0006015155382566257 0
0.0006956724277400563 0.0005963727177892806 0
0.0006959017521428251 0.0006062626017980233 0
0.0006873271861648656 0.0006112452958446524 0
0.0005834402668040583 0.0005020480790152064 0
0.0006419051257897828 0.0005024159990210269 0
0.0005782005890952704 0.0005216770668978804 0
0.0007044371474994152 0.0006008802240577523 0
0.0007051195286487891 0.0006113461784351141 0
0.0006134532981640348 0.0005106813194801499 0
0.0006113191984607007 0.0005093524397961049 0
0.0006921088250647354 0.0005130478524306228 0
0.0006750527118473764 0.000508460437564641 0
0.0005975261023379162 0.000527128934412953 0
0.0007040077753179597 0.0005906126621770281 0
0.0007126301173672708 0.0005955102709581798 0
0.0007985678871520272 0.0005653234417002898 0
0.0007972660847555073 0.0005721253989597211 0
0.000791968200074698 0.0005676379309618261 0
0.0007931906137346202 0.0005609363351990221 0
0.0007868409243866969 0.0005630757717177044 0
0.0007880434141193185 0.0005567308889545417 0
0.0007821081610200416 0.0005587307310661623 0
0.0007833124784627287 0.0005528116716611212 0
0.0007776418462680023 0.0005546365672969859 0
0.0007788068422330152 0.0005491045980604511 0
0.0007735408599917942 0.0005507760565896851 0
0.0007745714445928161 0.0005455941626188946 0
0.000769599684952888 0.0005466689786224428 0
0.0007795432897892355 0.0005439025190165474 0
0.0007756250418951496 0.0005407403491139169 0
0.0007799722025677268 0.000539127235298417 0
0.0007765855236489847 0.0005363136597783012 0
0.0007805046771097142 0.0005348513048115093 0
0.0007774601361050382 0.0005323160575354455 0
0.0007811793942941701 0.0005309626884753671 0
0.0007783405478590513 0.0005286788743756705 0
0.0007815801029411896 0.0005274232052078318 0
0.0007748753513144822 0.0005299957045494861 0
0.0007790139500099387 0.0005253837357125494 0
0.0007820422992615255 0.0005243551558542347 0
0.000779672462193746 0.000522463483636272 0
0.0007824384090593333 0.0005215191001367649 0
0.0007802519473853286 0.0005197703277033609 0
0.0007827098452132983 0.0005188654658227931 0
0.000784900003025211 0.0005204704003266747 0
0.0007850947229603705 0.0005179223937755605 0
0.0007871176718990443 0.0005194213198617739 0
0.0007873995470876298 0.0005169558131355367 0
0.0007893859430708465 0.0005184719249746944 0
0.000789697941897304 0.0005159946127355426 0
0.0007916843388196698 0.0005175110336521273 0
0.0007920019384113028 0.0005150321550277943 0
0.0007939891573964762 0.0005165484556217184 0
0.0007943079432972092 0.0005140690454693552 0
0.0007962730969381846 0.0005155314285512964 0
0.0007966108796978743 0.0005130967617116754 0
0.0007985755229706748 0.0005145576172481789 0
0.0007989163857825395 0.000512130150920482 0
0.0008008832437823669 0.0005135962290662608 0
0.0008012283829269775 0.0005111789740161053 0
0.0008031911427545382 0.0005126352066361148 0
0.0008035356163760042 0.0005102163339120111 0
0.0008055189657434514 0.0005117218743292966 0
0.0008058620192461718 0.000509299597768038 0
0.0008078326160334123 0.0005107746013385875 0
0.0008081733074196412 0.0005083466679966821 0
0.0008101413850907645 0.0005098156392960011 0
0.0008104608306545667 0.0005073368310651401 0
0.0008124453797862592 0.000508845244551404 0
0.0008127640296230864 0.0005063645308702074 0
0.0008147511913770422 0.0005078792004792386 0
0.0008150701440297524 0.0005053992119101189 0
0.0008170577916900655 0.0005069150450582871 0
0.0008173768757964823 0.0005044353712643705 0
0.0008193646263501419 0.0005059514507982636 0
0.0008196837495143993 0.0005034718705311625 0
0.0008216715237265899 0.0005049880067171487 0
0.0008219748473779708 0.0005024705932711198 0
0.0008239758022467068 0.0005040182915780457 0
0.0008242786894220346 0.0005014998329556857 0
0.0008262817683208519 0.0005030526174200468 0
0.0008266070218545804 0.0005005877168057351 0
0.0008285920973854148 0.0005020973907864774 0
0.0008289180780842125 0.0004996342314262392 0
0.0008309002742478956 0.0005011370105353901 0
0.0008312407713860959 0.0004987086119334523 0
0.0008332100319220722 0.0005001804156625051 0
0.0008336217237299071 0.000497761777362216 0
0.0008355297629051854 0.0004992209158395752 0
0.000835921966657636 0.0004967511473839395 0
0.0008378377045371096 0.0004982502992904631 0
0.0008381570121966746 0.0004957695486418471 0
0.0008401268682040286 0.000497280850288302 0
0.0007877299270495756 0.0005145285092555504 0
0.0008404489930444494 0.0004948021124355629 0
0.000842434285111615 0.0004963175927093696 0
0.0008615919211982042 0.0005307635490884663 0
0.0008038485830019425 0.0005076650732841895 0
0.0008427535053171272 0.0004938380685557842 0
0.0008447407978845454 0.0004953540903761512 0
0.0008451152100958019 0.0004930068608242699 0
0.000847056868193826 0.0004944127342909776 0
0.0008474327852572424 0.0004920691719392479 0
0.000849367088419061 0.0004934572985470379 0
0.0008496867758441792 0.0004909790780326182 0
0.0008516657362012041 0.0004924741153563737 0
0.0008519834948858085 0.000489991270267495 0
0.000853969576651948 0.0004915033552815023 0
0.000854288200781321 0.0004890225807119223 0
0.0008562756136897738 0.0004905378520941853 0
0.0008565946039169946 0.0004880579536725341 0
0.0008585822996988019 0.0004895739021408136 0
0.0008589013571813653 0.0004870941646820868 0
0.0008608891522244955 0.0004886103507345948 0
0.0008612186902457713 0.0004861056012628541 0
0.000863197795802968 0.0004876427366814602 0
0.0008635242750736447 0.0004851633944341161 0
0.0008654621502861868 0.0004866766848575604 0
0.0008651773248779327 0.0004891612409344803 0
0.0008678192643564312 0.0004880261087201776 0
0.0008672252865716091 0.0004906499984510717 0
0.000869478540384402 0.0004897158426732604 0
0.0008691683473613515 0.0004921905165266596 0
0.0008714678128374457 0.000491231184791573 0
0.0008711471849226823 0.0004937115435385494 0
0.0008734543523426597 0.0004927480158105825 0
0.0008731350080852121 0.0004952276752254138 0
0.0008754419339567695 0.0004942642790922016 0
0.0008751227560602204 0.0004967438478741821 0
0.000877429676724442 0.0004957804545779095 0
0.0008771105322034878 0.0004982600051769777 0
0.00087941745104575 0.0004972966128733045 0
0.0008797365882403786 0.0004948170662655932 0
0.000881724368752235 0.0004963332211884021 0
0.0008717854593545777 0.0004887524502999028 0
0.0008814052309097708 0.0004988127681490493 0
0.0008837121499843671 0.0004978493757188051 0
0.0008833930126814026 0.0005003289223855308 0
0.0008856999316544777 0.0004993655300105923 0
0.0008860190688709105 0.0004968859833910103 0
0.0008880068506111974 0.0004984021376445634 0
0.000887687713388402 0.0005008816842676222 0
0.0008883259878249034 0.0004959225910264665 0
0.0008903137695764329 0.0004974387452738959 0
0.0008906329067915579 0.0004949591986550245 0
0.0008926206885451987 0.0004964753529013118 0
0.0008929398257609105 0.0004939958062821142 0
0.0008949276075150021 0.0004955119605281563 0
0.0008952467447308834 0.0004930324139088621 0
0.0008932589629765909 0.0004915162596629361 0
0.0008708280546081328 0.0004961910863980228 0
0.0008513451287523674 0.0004949501424886052 0
0.0008236588605498821 0.0005065030955407349 0
0.0008972331296572154 0.0004945452233404293 0
0.0008969011291525774 0.0004970779706010931 0
0.000820014014627354 0.0005007461295239938 0
0.0008975534308963657 0.0004920684640664598 0
0.0008995397770219489 0.0004935811805865017 0
0.0008328878078364116 0.000502652570528912 0
0.0008998602657981887 0.0004911048703848326 0
0.0008567420100876369 0.0004851446480764927 0
0.0009018480335410279 0.0004926209910794221 0
0.0008362727777505219 0.0004943933777049185 0
0.0009021673936817884 0.0004901419782711424 0
0.0007937223054397247 0.0005189263017792126 0
0.0009041552102549244 0.0004916582158937207 0
0.0009044841788130761 0.0004892022111981991 0
0.0009025851168612347 0.0004876737408513444 0
0.0008421147329478282 0.0004987970269999249 0
0.0009064169053950395 0.0004905865314948593 0
0.0009064302921047547 0.0004930447391351938 0
0.0009067852048384264 0.0004882247077039912 0
0.0008472562346062851 0.0004896112328976982 0
0.0009087177573722769 0.0004895995232420502 0
0.0008144319508277364 0.0005103584996588983 0
0.0009090915094759627 0.000487258329598267 0
0.0009110704739357172 0.0004887440297069003 0
0.0007905511762596549 0.0005749235170194063 0
0.0009114059589895756 0.0004863124227425487 0
0.0009133829592762746 0.0004878048215413466 0
0.0008052439072189863 0.000514064229840318 0
0.0009137179055392155 0.0004853627873266504 0
0.0009120306581154524 0.0004837375364874317 0
0.0006135372266685105 0.0005081803381700963 0
0.0006113991766542404 0.0005068535579345433 0
0.0008588776735653021 0.0005285466576842016 0
0.0008619455487791816 0.0005272670142857446 0
0.0008594339041676759 0.0005253083241577858 0
0.0009156925130876159 0.0004868476812354202 0
0.0009160225043713247 0.0004843941584558701 0
0.0006174060772248405 0.0005562253249100975 0
0.0008565931834486266 0.0005262300924946319 0
0.0007776931528090736 0.0005205980601553199 0
0.0007782839565841852 0.0005180636541528756 0
0.0007758768585543715 0.0005188259804622619 0
0.0007764235711817211 0.0005163702015209779 0
0.0007740971092433336 0.0005170560384802621 0
0.000774593782394398 0.0005146667059783474 0
0.0007722692049298253 0.0005153495526537585 0
0.0007727569211531504 0.0005129709801829259 0
0.0007703724000382072 0.0005137188502370093 0
0.0007709074693538696 0.0005112889650149654 0
0.0007685207459131491 0.000512039095190951 0
0.0007679761248471141 0.0005144793669841632 0
0.0007661324053299516 0.0005127909691358872 0
0.0007655884892800934 0.0005152304694596919 0
0.0007637471813292098 0.0005135394397619562 0
0.0007632028114932592 0.0005159794353191635 0
0.0007613618090594469 0.0005142880721994052 0
0.0007609080171206216 0.0005166294859844407 0
0.000758991601088242 0.0005150202010793473 0
0.0007586604865227836 0.0005177352475010285 0
0.0007566317762047461 0.000515825553804682 0
0.000756046815363945 0.0005182252009229721 0
0.0007542126587854405 0.0005165404744801308 0
0.0007536626406413083 0.0005189748777322341 0
0.0007690633385022514 0.0005096010350220752 0
0.0007714483414801524 0.0005088528024796278 0
0.0007518219016730018 0.0005172836032390426 0
0.0007512776095317424 0.000519725876902031 0
0.0007494322454968548 0.000518030155422796 0
0.000748888194076813 0.0005204739263808534 0
0.0007124496718426809 0.0005862929535292093 0
0.0008622950186443872 0.0005241215894962944 0
0.0008647587730990568 0.0005259499678765321 0
0.0007721360210025934 0.0005563175812298213 0
0.0007555024325633831 0.0005206652106291924 0
0.0008599086680788962 0.0005222962061073441 0
0.0007470305885973676 0.0005187750844823942 0
0.0007464839036806189 0.0005212574642152145 0
0.0007696068365673454 0.0005071619912662933 0
0.0007719919906584078 0.0005064135950871494 0
0.0008657985927499191 0.0004842006673857917 0
0.0008293778328264331 0.0004972755809798501 0
0.0006773445366557494 0.0005145816517363928 0
0.0007141762003620148 0.0005128117119029246 0
0.0008130823315149824 0.0005038829840058601 0
0.000694494957679563 0.000506856220608736 0
0.0008638389800593451 0.0004826875236883991 0
0.0008661009365865166 0.000481719052016596 0
0.0008641454626932851 0.000480202398453289 0
0.0008665768963740246 0.0004792229804494379 0
0.000913005574464835 0.0004907123552494736 0
0.0007969596131458621 0.0005106882936355777 0
0.0008625458489115246 0.0005212779694682371 0
0.000613634213533515 0.0005056720296943119 0
0.0006114811482609884 0.0005043531859163199 0
0.000860361475337911 0.0005196553636214725 0
0.0008644290771660093 0.0004776437427204421 0
0.0008670143794759331 0.0004766048040038584 0
0.0006400395615292646 0.0004648625828204275 0
0.0006903923831256759 0.0004528716253797176 0
0.0006907030884431876 0.0004477730358165211 0
0.0006951139608331407 0.0004504307555605848 0
0.0006954292183697407 0.0004450204113891184 0
0.0007004016011116511 0.0004478649324836262 0
0.0007004186543882099 0.0004420669417678815 0
0.0007056479514516553 0.0004451088408824485 0
0.0007056701409648494 0.0004389734456546973 0
0.0007002174385418837 0.0004357837569592749 0
0.0007059258244223821 0.0004324038556387722 0
0.0006998367851783679 0.0004288061749778898 0
0.0007065539370820145 0.0004251687357609214 0
0.0006995944866921673 0.0004212347445789135 0
0.00070697865924084 0.0004172521915769271 0
0.0006994430276575294 0.0004132165598272318 0
0.0007069891368576349 0.0004087380761118707 0
0.0006991378037569005 0.000404130776410613 0
0.0007108325988220792 0.0004422180881362025 0
0.0007147168978014202 0.0004133184043171624 0
0.0007149643006783954 0.0004042014634747475 0
0.0007229556588744147 0.0004091392210172157 0
0.0007233206451173307 0.0003995670746908029 0
0.0007315535408177198 0.0004044928628173521 0
0.0007320380391484787 0.0003946555283504376 0
0.0007406581470920882 0.0003998104302894814 0
0.0007411515127427957 0.0003897610305837242 0
0.0007320803910861466 0.0003828801909452057 0
0.00071076640270414 0.0004481602044890262 0
0.0007157153594858302 0.0004455571222115868 0
0.0007499169925631178 0.0003951292927131881 0
0.0007509693705868748 0.0003847786825173526 0
0.0007155241871778995 0.000451090890529981 0
0.0007203578730928578 0.0004487025639812092 0
0.000582950621303627 0.0004552675507964325 0
0.0005828389679175439 0.0004503883797201466 0
0.0007960800367235537 0.0004537731302190144 0
0.0008230170720553209 0.0004366170419529239 0
0.0007446202584077468 0.0005195323747209251 0
0.0007439833436779928 0.0005220237205302433 0
0.0007459966517274039 0.0005238727264618861 0
0.0007432579482673448 0.0005247036706272626 0
0.0006771973172195876 0.0005778123852250048 0
0.0009361018310553809 0.0004385137384244075 0
0.0006380032898242194 0.0004296672188133636 0
0.0006318744497198171 0.0004259591431120295 0
0.0006302699091405477 0.0004701933172062705 0
0.0007635419039981276 0.0004759302353916168 0
0.0008627872766688861 0.0005186624162954142 0
0.0007454712234506201 0.0005266999367485633 0
0.0007426020223790395 0.0005276301377081791 0
0.0007403896596138953 0.0005254903602725291 0
0.0007396393073262806 0.000528510187251059 0
0.0007419554516428096 0.0005307842649256178 0
0.0007385078311402816 0.0005317974376808809 0
0.0007414095846880809 0.0005342949390678697 0
0.0007376809474405968 0.0005353788423115745 0
0.0007404848114859865 0.0005381442762157963 0
0.0008607804163516743 0.000517100944266224 0
0.0006800277512187546 0.0004712170595086945 0
0.0007201915091715437 0.0004539061082436465 0
0.0007248898473611659 0.0004515253881243385 0
0.0009179994845083064 0.0004858844581237346 0
0.0009183385579150081 0.0004834526575619562 0
0.0008583222179645259 0.0005180189919006855 0
0.0008365644645692914 0.0005472507024990425 0
0.0006137721607859001 0.000503172420774721 0
0.0006115702788358422 0.0005018540154624847 0
0.0007436952948241564 0.0004950149790856055 0
0.0007348390814322983 0.0005327159781653126 0
0.0007339519832336119 0.0005363668765531012 0
0.0007591972123508043 0.0004860799177434768 0
0.0007588937206487437 0.0003902269415787664 0
0.0007605951266929555 0.0003788323760380587 0
0.0007595234006979426 0.0005125938879804905 0
0.0006138310060807957 0.0005006737485483753 0
0.0006116474189124442 0.0004993552013849111 0
0.0007973006536256415 0.0005801669523447832 0
0.000788877604107573 0.0005829541288905558 0
0.0007953590414591053 0.0005885734830105811 0
0.0007869135423938299 0.0005915853227289398 0
0.0007941241652308403 0.0005975176796817025 0
0.0007852019894900063 0.0006007573324266987 0
0.0007928839497843561 0.0006074433725655646 0
0.0007830731302820896 0.0006110313486152706 0
0.0007914235549374346 0.000618230572420123 0
0.0007805013747344987 0.0006223958029502436 0
0.0007899014377369339 0.0006303841285485414 0
0.0007779270417919892 0.0006349529615413896 0
0.0007887843015363408 0.0006436418122700563 0
0.0007751570161809347 0.0006486159131990552 0
0.0007873629452921825 0.0006582714424494597 0
0.0007714398073654027 0.0006635720821178577 0
0.0007847070813129539 0.0006740349820442065 0
0.0007677894316687912 0.0006799561043613505 0
0.0007819891739138188 0.0006912814856794357 0
0.000764729408530142 0.0006977879734950761 0
0.000799224928637842 0.0006849816726224261 0
0.0007962219358702406 0.0007033139802275267 0
0.0008145733223835942 0.0006960086247431887 0
0.0008113247305018037 0.000716032626264504 0
0.0008647186439038809 0.0004749239451644903 0
0.0008673714857055353 0.0004738054840554307 0
0.0008697210218202804 0.0004755865791836525 0
0.0008701097783120165 0.0004727086310503907 0
0.0008725153367085368 0.0004745711322157763 0
0.0008729987660653065 0.0004715141754887333 0
0.0008754971575736521 0.0004734895606715597 0
0.0008759865867446044 0.00047032041244787 0
0.0008785537183998696 0.0004723680154403127 0
0.0008790454578846389 0.0004691071718555013 0
0.0008816354788221179 0.0004712350010668712 0
0.0006482983874897883 0.0005161986701536839 0
0.00073120472097631 0.0005335990373487858 0
0.0007301502093950684 0.0005374190423337467 0
0.0008845556270203253 0.000377657133173336 0
0.0008744810072173188 0.0003708129887462669 0
0.0005914051941656312 0.0004506845980353779 0
0.0008015290083231686 0.000614536544287472 0
0.0006138356341885558 0.0004981737287481158 0
0.0006117135243748214 0.0004968562221077215 0
0.00086310998510695 0.0005161562887565412 0
0.0007701509484685662 0.0005047222760119848 0
0.0007725362048636881 0.0005039737679134505 0
0.0007843323647287041 0.0005332097413234503 0
0.0006139016128546898 0.0004956737389629888 0
0.0006117880158278916 0.0004943572202997848 0
0.0006139902114949665 0.0004931751337762888 0
0.0006118676749417677 0.0004918584455031289 0
0.0008387042260175278 0.0005618667826363008 0
0.0008611381614675109 0.0005146083334226842 0
0.0007244301733672685 0.0004565795466469382 0
0.0007284954149214314 0.0004544045349029708 0
0.0007202170642032635 0.0004588669237625777 0
0.0006140716258135341 0.0004906773916153297 0
0.0006119469979454951 0.0004893598523793088 0
0.0006353571788482255 0.0005060841397829878 0
0.0008651043218935897 0.0005176629820164153 0
0.0009534054308273119 0.0004509935238999656 0
0.0009763381304687831 0.0004889338469790702 0
0.0009760995955987451 0.0004914224510872992 0
0.0009765766579337722 0.0004864452613530767 0
0.0009738251432904255 0.0004924601759076265 0
0.0009758610597689387 0.0004939110567736439 0
0.0006092865943704887 0.0005055342652206212 0
0.0007240422918930744 0.0004613456559543458 0
0.0007204948270949818 0.0004634174601722662 0
0.0008636054375647131 0.0003769098765475872 0
0.0008634555628958085 0.0003637808168290079 0
0.0008752185059642636 0.0003576511280630852 0
0.0008632953548025745 0.000349825827808466 0
0.0007523663177699913 0.0005148436242348132 0
0.0009202784366871484 0.0004849634163831608 0
0.0009209588385241491 0.0004823271269739196 0
0.0009188184984422485 0.0004809707323850245 0
0.0009209638845046416 0.0004798984438980447 0
0.0009190386749354871 0.0004784072666425772 0
0.0009213082677965885 0.0004774089884100674 0
0.0009191298231699828 0.0004758530886206795 0
0.0009199808136028566 0.0004874033899224263 0
0.0007698435391745741 0.0003866947848759733 0
0.0007709678276091438 0.0003732493985369424 0
0.0007605794519167223 0.0003663515621125649 0
0.000771711915773769 0.0003594821559182344 0
0.0007600850409045874 0.000352443172773488 0
0.0007729322613148683 0.0003448014288345472 0
0.0007597719750674217 0.0003370707767664874 0
0.0007744435072650221 0.0003295082373748713 0
0.0007595548433727111 0.0003205499411724914 0
0.0007758933607619423 0.000312128074165074 0
0.0007596595803389503 0.000302626596784804 0
0.000743550798573639 0.0003116297479855539 0
0.0007763622872983985 0.0002933312580541172 0
0.0007429462424867639 0.0002930819922717781 0
0.0007261998798161522 0.0003023609307637998 0
0.0007257355957364109 0.0002826603885454219 0
0.0007072432849300773 0.0002932966648038755 0
0.0006293122737895224 0.0004580619272679951 0
0.0006003216753708609 0.0005287221138914593 0
0.0005972265292780372 0.0005304136690043454 0
0.0006141504987784662 0.0004881786869628118 0
0.0006120263780384696 0.0004868621301799519 0
0.0006160006417895176 0.0004994315989958282 0
0.0005900470209950496 0.0004988073628019156 0
0.0006142293001277371 0.0004856800921204361 0
0.0006120972996858324 0.0004843653742815399 0
0.0006810303398703508 0.0004973533249384816 0
0.000707941636666598 0.0002723776298777241 0
0.0006881865554347799 0.0002831857934667569 0
0.0007281037383930139 0.0002627286063974465 0
0.0008822352304146486 0.0004677970233371715 0
0.0008848985059739369 0.0004700044932999723 0
0.0008795487298151247 0.0004657106584853579 0
0.0008704467680388124 0.000469515202241068 0
0.0007273566786220961 0.0005345428805290946 0
0.0007260268870150335 0.0005384419453457008 0
0.0007291496634421635 0.0005415251847891316 0
0.0009639892861206701 0.0004583381941276896 0
0.0008304618869748425 0.0007079987611401012 0
0.0007249148126446115 0.0005426424613818339 0
0.0007216871831987909 0.0005394103185143571 0
0.0007281236198573164 0.0005459181082342067 0
0.0008761758730277498 0.000342861768309406 0
0.0008654254756161239 0.000515203086599957 0
0.0008674087270174599 0.0005166857481021696 0
0.0007706952568458503 0.0005022823455426843 0
0.0007730805459864213 0.0005015338015733821 0
0.0007683099509602846 0.0005030309078632876 0
0.000632171886417137 0.0005486920119250798 0
0.0007205451904108236 0.0005436741449528045 0
0.00071738418303384 0.0005403484902447209 0
0.0007160295419056557 0.0005447932844032678 0
0.0007128588295795191 0.0005415114503430122 0
0.0007239410468829553 0.0004656532080579059 0
0.0007206001816979132 0.000467535880539793 0
0.0006461053234025646 0.0005224327860426605 0
0.0005035074216158354 0.0004945509502732926 0
0.000749091299772578 0.0004044761735399255 0
0.0006884581891787777 0.0002620787753478253 0
0.000669248238008046 0.0002719432929790902 0
0.0006699505379440681 0.0002942828072250213 0
0.0006499609456484614 0.0002841568977790191 0
0.0009781355122372866 0.0004928733316950375 0
0.000977896980421152 0.0004953619277976753 0
0.0009735866087498681 0.0004949487784115704 0
0.0006095863702870494 0.0004955386279349867 0
0.0008284700511035602 0.0007288335651266628 0
0.000806782451487693 0.0007371878655335402 0
0.0006496997370120578 0.0002616582349683231 0
0.0006307557142911748 0.0002737919761128917 0
0.0006310602592831652 0.0002958783789689714 0
0.00061276989513165 0.000285962597689396 0
0.0006137123819405338 0.0003067282642801636 0
0.0005960418163930477 0.0002978059009398832 0
0.0005972655098639688 0.0003173098461782257 0
0.0005800495898957107 0.000309114633637511 0
0.000524581328713645 0.0004736513991534225 0
0.0005817615850928822 0.0003270818190697791 0
0.0005648144076848633 0.0003195931872796944 0
0.000563219628988127 0.0003012270744286395 0
0.000548055498913052 0.0003121433352720431 0
0.0005506697910024655 0.0003323809648724539 0
0.000533762354325354 0.0003234524161981102 0
0.0005350320259775478 0.000340623517742073 0
0.0005198761417310482 0.000333531984644765 0
0.0005217556610243111 0.0003500616887161789 0
0.0005072180343881228 0.0003434155833181183 0
0.0005085255076839712 0.000358616607158963 0
0.0004950245514923903 0.0003527833756013706 0
0.0004966988336023815 0.0003671859763987934 0
0.0004832579083117489 0.0003618700475747801 0
0.0004816718577320177 0.0003472878928103396 0
0.0004674563539535771 0.000358032514732585 0
0.0004674322663668588 0.0003416851838120196 0
0.0004549988176197584 0.0003504211509661323 0
0.0004852227223673278 0.0003755248122310031 0
0.0004535996777302852 0.0003354786716848024 0
0.0004408297099826316 0.0003449691582941594 0
0.0004387659397455329 0.0003296844946846802 0
0.0005458440514172792 0.0002928659111883067 0
0.0004257982711776429 0.0003391591710015279 0
0.000443004603124426 0.0003588159449740806 0
0.0004233034585335698 0.0003227548051543608 0
0.000409746267909305 0.0003330252540450431 0
0.0004072727158769842 0.0003154247471541249 0
0.0003939231341055951 0.0003262607512629814 0
0.0004222471969345603 0.0003058509482890664 0
0.0004974399184722207 0.000380362883904269 0
0.0004875135192066553 0.0003868957533761334 0
0.0004981474184009304 0.0003923821887966198 0
0.0004876017198676142 0.0003981964335480125 0
0.0003907494124580434 0.0003077690328887132 0
0.0003778774583011486 0.0003192582363133783 0
0.0003979749933234578 0.0003432208711660073 0
0.0004984685595605952 0.000403123502536442 0
0.0004903865505306262 0.0004092159672599598 0
0.0003722877652045917 0.0003001929345685739 0
0.0003577204457068235 0.0003159130027958278 0
0.0004990357274034341 0.0004133483762259615 0
0.0005074633333221521 0.0004078010133855685 0
0.0004916084971294617 0.0004187488176295374 0
0.0004832942795308631 0.0004152203212273096 0
0.000484480169469542 0.00042367429633992 0
0.0004768220487506139 0.0004205510919486321 0
0.0004779266753766568 0.000428550319529373 0
0.000470623956143056 0.0004255988287329899 0
0.0004717114681868378 0.0004330602538969055 0
0.0004647485104799033 0.000430308559007242 0
0.0004657999796759265 0.0004374069163066128 0
0.0004593203829123756 0.0004347910342863435 0
0.0004720026540944029 0.000441425528116281 0
0.0004602977269855488 0.000441408385626846 0
0.0004542074613951236 0.0004390221630146556 0
0.0004546912621017539 0.000445127855630893 0
0.0004490594138293226 0.0004429575044705127 0
0.0004482190939362427 0.0004367861691106156 0
0.0004435196647384248 0.000440708898112261 0
0.0004421686662303053 0.000434393583535616 0
0.0004378771806673273 0.0004384125533580984 0
0.0004358408690484078 0.0004318577821149496 0
0.0004309646738578382 0.0004372591396655162 0
0.0004449705940427306 0.0004467861807677403 0
0.0004917939337452067 0.000427232738998173 0
0.0004291721676457247 0.000429200156675299 0
0.0004235241211126555 0.0004339986139948213 0
0.0003529787571426617 0.0002918733275953848 0
0.0003358973395517362 0.0003055371942449894 0
0.0003706605163887091 0.0002778986316724849 0
0.0003389046420643127 0.0003275742220094462 0
0.0003185396343824045 0.0003189217443022473 0
0.000314139027151509 0.0002970555039035854 0
0.0004247699950720723 0.0004411245612437788 0
0.0004178086465925511 0.0004386801349528331 0
0.0004162212560296374 0.0004312633649854201 0
0.0004102911252391044 0.0004363516567017992 0
0.0004086649223404235 0.0004277324350318418 0
0.0004020597634725537 0.0004337692093031011 0
0.0004003670579336709 0.0004244859221260811 0
0.0003930590564349136 0.0004312890853159421 0
0.0003912627700452235 0.0004219893634737995 0
0.0002950228875977936 0.0003133924248529145 0
0.0002911113446997371 0.00028791518262275 0
0.0003836006018555068 0.0004285792661578258 0
0.0006098231151420345 0.0004880435058236686 0
0.0007451715988125921 0.000517084474149775 0
0.0007427794251172952 0.0005178098205044649 0
0.0009222571591677495 0.0004864791343171214 0
0.0006420300831871165 0.0004899166236213893 0
0.0006441825345524185 0.0004911882172961447 0
0.0006442075404418372 0.0004886883423581808 0
0.0006463599922241827 0.0004899599360371047 0
0.0006464427573085055 0.0004875624540297275 0
0.0006485470769266758 0.0004887487202714731 0
0.0006486314465161181 0.0004863540825129988 0
0.0006507280115244495 0.0004875266015566993 0
0.0006507002094290192 0.0004851181244786141 0
0.00065288793338898 0.000486298067930796 0
0.0006526690499938875 0.0004835048019472572 0
0.0006528688056102028 0.0004887826678251162 0
0.0006550276994066317 0.0004850055710702065 0
0.0006550948321080582 0.0004825469360960311 0
0.0006572402630413556 0.000483811656450521 0
0.0006572647936412652 0.0004812031819964374 0
0.0006594223228487649 0.0004825698574962603 0
0.0006593981626112322 0.0004850855793985231 0
0.0006594440918851484 0.0004799464116669544 0
0.0006552425924695865 0.0004800739628740902 0
0.0006615765289626057 0.0004838576863581417 0
0.0006615518148761306 0.0004863602671540811 0
0.000590005399787801 0.0005061885254480982 0
0.0006158292209378001 0.0005070389864484858 0
0.0006354478758375966 0.0004986012190481415 0
0.0006087992011897948 0.0005205262301074971 0
0.000711434259795794 0.000545928344043802 0
0.0007080681807600208 0.0005426535484280949 0
0.0007237165743559698 0.0004694802220701846 0
0.0007204795067181984 0.0004711883995150996 0
0.0007270944418862948 0.0004678495597684609 0
0.0007175292344825751 0.0004694139686205587 0
0.0007176321609480602 0.0004728798659950742 0
0.0007203395291534194 0.0004745094463985359 0
0.0007175279687321374 0.0004764885467514815 0
0.0007150055303845707 0.0004746591310521067 0
0.0007148026531425095 0.0004776651058474566 0
0.0007125548545921452 0.0004762577021218112 0
0.0007125785699967639 0.0004790215763777928 0
0.0007102368070188528 0.0004777298368287551 0
0.0007103860486192325 0.0004803980594483554 0
0.0007126326930256797 0.0004816275259770758 0
0.0007104905539999618 0.0004829475254384881 0
0.0007082615607180913 0.0004817627198610391 0
0.000708375813020587 0.000484280677653563 0
0.0007101008177791409 0.0004749741025131489 0
0.0007126905714364582 0.0004841498161417079 0
0.0009233318842194454 0.0004788305697627873 0
0.000923640900128232 0.00047631876918222 0
0.0007203152855389115 0.0004775996414944134 0
0.0009661437566785866 0.0004685270969454288 0
0.0006002548041280881 0.0005321200719844367 0
0.000597158885251056 0.0005339353535484917 0
0.0009219660100348691 0.0004889199343751827 0
0.0006143067313921611 0.0004831816933660878 0
0.0006121694989835726 0.0004818658664293165 0
0.0007749214641803617 0.0005032252566436763 0
0.0007754658352716947 0.000500785257448943 0
0.0007061622025213393 0.0004831245038304099 0
0.000706272780016161 0.0004856264602675479 0
0.0006547665897662673 0.0005680716451209561 0
0.0008855367478057453 0.0004664822635958111 0
0.000888370189736415 0.0004687022717694704 0
0.0007773067564478413 0.0005024767092506251 0
0.0007778511359891082 0.000500036700792602 0
0.0007760102155273133 0.0004983452482078642 0
0.0007783955166475935 0.000497596691109886 0
0.0007802364368381167 0.0004992881439920335 0
0.0007807808177808566 0.0004968481339976428 0
0.0007826217380023422 0.0004985395868458911 0
0.0007831661190264078 0.000496099576762358 0
0.0007850070392378209 0.0004977910296216473 0
0.0007855514202726576 0.0004953510195263071 0
0.0007873923404852916 0.0004970424723842633 0
0.0007879367215232253 0.000494602462285525 0
0.0007897776417354779 0.0004962939151438909 0
0.0007903220227738092 0.0004938539050447089 0
0.0007921629429861219 0.0004955453579030197 0
0.0007927073240245812 0.0004931053478036936 0
0.0007945482442368717 0.0004947968006620371 0
0.0007950926252753528 0.0004923567905626877 0
0.0007932517050630598 0.000490665337704346 0
0.000795637006313835 0.0004899167804633366 0
0.0007974779265261238 0.0004916082333216755 0
0.0007980223075646064 0.0004891682232223246 0
0.0007998632277768921 0.000490859676080666 0
0.0008004076088153757 0.0004884196659813103 0
0.0008022485290276636 0.000490111118839652 0
0.0008027929100661458 0.000487671108740296 0
0.0008046338302784341 0.0004893625615986324 0
0.0008052186678320823 0.000487051467460464 0
0.0008070258742817313 0.0004886354903511471 0
0.000807665406562014 0.0004859788991924315 0
0.0008094225389044501 0.000487836512271222 0
0.0008101083143047021 0.0004854192220980899 0
0.0008118048366336979 0.0004871139009500402 0
0.0008123341150692299 0.0004846768797762467 0
0.0008141775523820083 0.0004863678344803296 0
0.0008147388802740774 0.0004839893308749899 0
0.0008106064535783684 0.000482819461782459 0
0.0007789398975814185 0.0004951566811253085 0
0.000816564000041383 0.0004856298604244977 0
0.0008171261778706767 0.0004832477153798576 0
0.0008189498250845593 0.0004848842240053334 0
0.0008194942934217801 0.0004824447007096224 0
0.0008213323493507828 0.0004841270773297618 0
0.0008218762675585164 0.000481685635657984 0
0.000867727531060693 0.0005142254909211059 0
0.0008697119002801107 0.0005157117796791864 0
0.0006637294733433404 0.0004851325015816253 0
0.0006637045489680142 0.0004876329134378318 0
0.0008262567116168278 0.0007517570911286899 0
0.0006137026277183192 0.0002621026914054415 0
0.0006134191848767617 0.0003245767861189508 0
0.0008237166332517917 0.0004833753372145519 0
0.0008242608447319919 0.0004809347966361733 0
0.0005350517218729758 0.0003579166979820509 0
0.0005219161401132263 0.0004752872078487547 0
0.0005216684179044389 0.0004722504650558442 0
0.0005245958550601421 0.0004705034751791655 0
0.000578520011314582 0.0004527856786415688 0
0.0005784213779515879 0.0004475933203455337 0
0.000573659487779209 0.0004501276267660914 0
0.0005737593000105278 0.0004445837283627668 0
0.0005687634864599738 0.0004473128915383735 0
0.0005688700218842408 0.0004414750015224338 0
0.0005741692624848423 0.0004385664339001089 0
0.000563833211370786 0.0004444773841160396 0
0.0005688237012596829 0.0004351283566552162 0
0.0005746347950217794 0.0004320668426154564 0
0.000521550519559408 0.0004689492773516436 0
0.000518688127734294 0.0004708303458219361 0
0.0005245036070002086 0.0004671152179387827 0
0.0005635572452104941 0.0004509471789177992 0
0.0005184744538481444 0.0004673905448607122 0
0.000514830507726498 0.0004695007431804357 0
0.0005588829877561365 0.0004475385788620824 0
0.0005584325002558791 0.0004529569812657249 0
0.0005151530711933784 0.0004657171328528445 0
0.0005123288191587457 0.0004670431847762712 0
0.0005687218077590054 0.0004282784807538129 0
0.0005755518200696143 0.0004246953884642279 0
0.0005119968449527063 0.0004639087572120213 0
0.0005089690136553811 0.0004665234741225606 0
0.0005153758675463259 0.0004619452860662976 0
0.000554132511735953 0.0004501698428867981 0
0.0005542438543814807 0.0004554004425066185 0
0.0005539140765109387 0.0004448209606056117 0
0.0005490961171416577 0.0004475291592902279 0
0.0005488533585119065 0.0004418822342661282 0
0.0005084931464723857 0.0004623922218683478 0
0.0005052003286123894 0.0004644560731972267 0
0.0005054010868744514 0.0004682974447528156 0
0.0005021286449775561 0.0004665740148407573 0
0.0005022236207351627 0.0004701548865984184 0
0.0004987356082597978 0.0004682635050038879 0
0.0004994926261828467 0.0004724651207385547 0
0.0004961818653964557 0.0004708223802405614 0
0.000501864494445642 0.0004624661861829419 0
0.0004965386367183081 0.0004740743504995172 0
0.0004935471397150271 0.0004726963277295404 0
0.0004929387821352169 0.0004696871507202533 0
0.0004904403877858732 0.0004714971165951116 0
0.000491125615564021 0.0004747429582791859 0
0.0004878896895408656 0.0004740265740261835 0
0.0004874358523234166 0.0004702573947569431 0
0.0004849304864500513 0.0004723388007121917 0
0.0004854222095454456 0.0004753790401912502 0
0.0004823968653344041 0.000474444745778845 0
0.0004763571718804613 0.0004964874708381239 0
0.0004819127409451952 0.0004711381435973662 0
0.0004793060464015414 0.0004732648896390757 0
0.0004788283130199403 0.0004700195923208499 0
0.000476341516897978 0.0004721735853984152 0
0.0004768584764271835 0.0004752865414889623 0
0.0004739050803158605 0.0004743391649197921 0
0.0004733257746051418 0.0004712500074973243 0
0.0004709113907781389 0.0004734332716351113 0
0.0004745516268793203 0.0004772512821388427 0
0.0008261016442647255 0.0004826258691977134 0
0.0008266447907149088 0.0004801819273898333 0
0.0008284978708233209 0.0004818795193062861 0
0.0008290351455811165 0.0004794335174621674 0
0.0008308953436847332 0.0004811336079295515 0
0.0008314450238942417 0.0004786670671678953 0
0.0008272418628689517 0.0004774524410509687 0
0.0007937960861015468 0.0004882253276049976 0
0.0003221273563480712 0.0003405094758731346 0
0.0005581544634979821 0.0004579027618727607 0
0.0005543313721383582 0.0004601944697630362 0
0.0005582410952968437 0.0004624711136036674 0
0.0005545240418227135 0.0004645690741116877 0
0.000558085765515028 0.0004666323788390369 0
0.0005546725953894714 0.0004685935713475615 0
0.0005578512752402968 0.0004704377793167009 0
0.0005547514079174015 0.0004721334897713871 0
0.0005577204050014275 0.0004738531505064528 0
0.0005549184835044478 0.0004753702922226656 0
0.0005575664241372128 0.0004768980435026199 0
0.0005551313237866486 0.0004783146945069594 0
0.0005574255687695788 0.000479744804956272 0
0.0005551746333500072 0.0004809825726160859 0
0.0005573241585500069 0.0004823087207499766 0
0.0005551150032934587 0.0004835206513824265 0
0.0005572883723363349 0.0004848131659134001 0
0.0005551200586523361 0.0004860415979865942 0
0.0005572685578780945 0.0004873126796530646 0
0.0005551040404235667 0.0004885447143267423 0
0.0005572487819012217 0.0004898130011558073 0
0.000555073634800724 0.0004910451284110833 0
0.0005572266798441211 0.0004923130369319957 0
0.0005550511287739075 0.0004935451456962818 0
0.0005572054894567336 0.0004948129887755836 0
0.0005550300902643206 0.0004960450833127355 0
0.000552875401922843 0.0004947772584432795 0
0.0005528546593615738 0.0004972771790144308 0
0.0005507000044348401 0.0004960093517181621 0
0.0005506793560045112 0.0004985092673648003 0
0.0005594075404347002 0.0004860898423048944 0
0.0005485246833651124 0.0004972414409952313 0
0.0005485040471340373 0.0004997413560036243 0
0.0005571846958569288 0.0004973129134690724 0
0.0005593599909412092 0.0004960808257383166 0
0.0005463493741128053 0.000498473529654031 0
0.0005463287402868709 0.0005009734445366241 0
0.0005484834134374727 0.0005022412708794541 0
0.0005463081069331855 0.0005034733593945178 0
0.000544153433805347 0.0005022055330505038 0
0.0005441328005426861 0.0005047054479036357 0
0.0005419781273977185 0.0005034376215605181 0
0.0005419574941468573 0.0005059375364130335 0
0.0005398028210015195 0.0005046697100699319 0
0.0005397821877529837 0.000507169624922329 0
0.0005376275146075505 0.0005059017985792325 0
0.0005376068813594665 0.0005084017134316062 0
0.0005354522082140108 0.0005071338870885131 0
0.0005354315749660126 0.0005096338019408805 0
0.000537586248111475 0.0005109016282839707 0
0.0005354109417180378 0.0005121337167932429 0
0.0005332562685725723 0.0005108658904501584 0
0.0005332356353246013 0.0005133658053025237 0
0.0005353903084700609 0.0005146336316456091 0
0.0005332150020766239 0.0005158657201548833 0
0.0005310603289311673 0.0005145978938117966 0
0.0005310396956831896 0.0005170978086641563 0
0.0005288850225377315 0.0005158299823210633 0
0.0005288643892897563 0.0005183298971734296 0
0.0005267097161442966 0.0005170620708303352 0
0.0005266918365985831 0.0005195668474650262 0
0.0005245348687012413 0.0005182949696366634 0
0.0005244710810269652 0.0005208177943512861 0
0.0005267290612053227 0.0005221377987787648 0
0.0005244200286646028 0.0005234448296332144 0
0.000522118219073832 0.0005220693858728104 0
0.0005220337182337795 0.0005248138225406949 0
0.000519312517454211 0.0005228787786637461 0
0.0005194825087598392 0.0005261548611671996 0
0.0005168712740103126 0.0005245885192077639 0
0.0005168898113263016 0.0005276940236594546 0
0.0004938177355822543 0.0005031403643374771 0
0.0005143081494465628 0.0005260779402299744 0
0.0005141411787167681 0.0005292722303859377 0
0.0005168947323114437 0.0005309855132926554 0
0.0005139647728491576 0.000532680154241114 0
0.0005110317182672524 0.0005308150559017476 0
0.0005108185723198128 0.000534442911321917 0
0.0005145762350714642 0.0005366962699601547 0
0.0005106113059349004 0.000538460006598352 0
0.0005141281928367628 0.0005409192618612826 0
0.0005102321254887897 0.0005427675685207454 0
0.0005140549229584516 0.0005451161638708896 0
0.0005098553753924616 0.0005473340231822522 0
0.0005067942766843153 0.0005402734964062752 0
0.0005267754907371167 0.000524859841411486 0
0.0005353696752220784 0.0005171335464979754 0
0.0005441121672923526 0.0005072053627561228 0
0.0005529870117148705 0.0004850055705999314 0
0.0005593393291188155 0.0004985807422381531 0
0.0005245551194905663 0.000515794379536752 0
0.0005599615292997363 0.0004784651719269777 0
0.0005615146288857149 0.0004973486541592706 0
0.000552687430616722 0.0004769748633482694 0
0.0005553949865726327 0.0005412435598802713 0
0.0005552174672709129 0.0005460041546924123 0
0.0005143628008108929 0.0005231044796812734 0
0.0005512164826110913 0.0005432934433674503 0
0.000550829453886222 0.0005481183431314512 0
0.0005551750836759148 0.0005510725040603034 0
0.0005503350989352383 0.00055348187840215 0
0.0005553188178214753 0.0005566373615443737 0
0.0005494937448102782 0.00055932943892158 0
0.0005552531265952047 0.000562755189439013 0
0.000548864791978133 0.0005657164500475698 0
0.0005549001633202724 0.0005693553496520832 0
0.0005484620109696573 0.0005723029904279278 0
0.0005614939897380016 0.0004998485693524805 0
0.0005463472169401484 0.0004960123471965353 0
0.00056366929406446 0.0004986164809978789 0
0.0005398217218925074 0.0005022710292230791 0
0.000551300420317211 0.0004668200095750353 0
0.0005610149902290528 0.0005660152825337746 0
0.0005609257547537559 0.0005731260484512034 0
0.0005670394594457513 0.0005696521517113784 0
0.0005671664925496834 0.0005770297645451772 0
0.00056364865945577 0.0005011163959273588 0
0.0005614733528238533 0.0005023484844182452 0
0.0007688543191166947 0.0005005909118838413 0
0.0007664690149464115 0.0005013394723246696 0
0.0009548904131815548 0.0004845478853347 0
0.0009242770049889711 0.0004879506982206767 0
0.0002711220036380349 0.000304852397065165 0
0.0008809788952395118 0.0004744547255150863 0
0.0008021129655000626 0.0007605624359690364 0
0.0006143841472508425 0.0004806828686341076 0
0.0006122620152701511 0.0004793648552172636 0
0.0006100167563712984 0.0004805427371525685 0
0.0006100867762935049 0.0004779656740619332 0
0.0006123803674524648 0.000476735373769104 0
0.0005658239651228818 0.0004998843074931518 0
0.0005658445984586213 0.0004973843926380789 0
0.0008582631481541642 0.0004920534144638247 0
0.0002666110497292879 0.0002775294721901652 0
0.0002870005949197629 0.000262402379996491 0
0.0009801714321346711 0.0004943242045213029 0
0.0009799329008149491 0.0004968127994390183 0
0.0007205468229538 0.0005902564643859251 0
0.0006219844725457427 0.0005159065601123859 0
0.0006418942369508535 0.0004522046299598357 0
0.0007284477464760246 0.000530821935319094 0
0.0004635783122234834 0.0004230641956135737 0
0.0007067040131276531 0.0005470376880749552 0
0.0007032380035735481 0.0005435937011215742 0
0.000786095801310834 0.000492911009427287 0
0.0007294234709945402 0.0004491171192849905 0
0.0007334536696927795 0.0004530555409341384 0
0.0005689476975641536 0.0004209464529536481 0
0.0005756806882019409 0.000417049962215911 0
0.0008333221035802811 0.0004803644081470751 0
0.0008338723299651384 0.0004778703387476036 0
0.0004702181513717056 0.0004702626776660373 0
0.0004677285123240252 0.0004725046042747899 0
0.0005958867850299033 0.0005150834164023445 0
0.0009258570406983184 0.0004779646435527526 0
0.0009261968321332835 0.0004752251872974557 0
0.0007433466209363327 0.0005153750762703711 0
0.0007409536792032608 0.0005160983164619261 0
0.0005181383474696462 0.0005428266778582605 0
0.0005183589357327009 0.0005478357990700573 0
0.0005910318794668189 0.0005193025024443217 0
0.0007503341275306741 0.0006855459894341985 0
0.0007467653833475469 0.0007042311472097973 0
0.000732327715847317 0.0006914794954306337 0
0.0007282634886529404 0.0007108290374324544 0
0.0007131968409725303 0.0006974188024790711 0
0.0007090902049468546 0.0007175814721693026 0
0.0006932927814776401 0.0007039767603932353 0
0.0006892787868324401 0.0007246318254974372 0
0.0006729750283638138 0.000710611864949738 0
0.0006688705101949994 0.0007318894259417767 0
0.0006520481518901058 0.0007174375580277111 0
0.0006857942478376784 0.0007465783843869571 0
0.0006478360714023692 0.0007393903259299705 0
0.0006305789376261268 0.0007244180695037946 0
0.0006262779959250494 0.0007468258871731145 0
0.0006090749701138703 0.0007314511247935326 0
0.0006141791635719798 0.0007110613503923356 0
0.0005924575502553797 0.0007161796947382069 0
0.0005873807988486399 0.0007383431354590575 0
0.0005708836742405638 0.0007232864418142743 0
0.0005650301534033752 0.0007451460386345742 0
0.0005486828121562841 0.0007287873391668634 0
0.00055510776178441 0.0007097673336668286 0
0.0005332853190574147 0.0007139793256985098 0
0.0005248829069487032 0.0007336878924608307 0
0.0005114527076222318 0.0007177675668936536 0
0.0005195820146725716 0.000696048006827845 0
0.000497589836738699 0.0007021712310448787 0
0.0004910255594920067 0.0007217005004299677 0
0.0004772745177895508 0.0007064137957725814 0
0.0004848080374932022 0.0006853044695169597 0
0.0004639618822974306 0.000691206787319522 0
0.0004572027765659658 0.0007102613892095143 0
0.0004447787441666176 0.0006944552128997652 0
0.0004512336533167157 0.0006768014185327149 0
0.0004332266426511331 0.0006795067489304454 0
0.0004393317524474395 0.0006630735832380611 0
0.0004224351259843567 0.0006657535783249099 0
0.0004154736621302976 0.0006820264147144484 0
0.0004045935295993895 0.0006675432950634206 0
0.0003974734846660906 0.000684260848899344 0
0.0003863844686441208 0.0006705788967229539 0
0.0003790264684123468 0.0006867446552549787 0
0.0004284097668855761 0.0006497604075176854 0
0.0003652064761039493 0.0006699948418375082 0
0.0003591122419650093 0.0006895179728754739 0
0.00037383115137949 0.0007047147413942053 0
0.0004440893626279814 0.0006474718958245282 0
0.0004348727639076423 0.0006354347562796297 0
0.0003456020053727403 0.0006739568618962363 0
0.0003390946269224689 0.0006927874041558883 0
0.0003254727903818281 0.0006756720031659421 0
0.0004487245173914681 0.0006331925208834339 0
0.000440111811240132 0.0006228201118081735 0
0.0003173889667386318 0.0006967838785582787 0
0.0004528041287790292 0.0006206800010162017 0
0.0004447194538208282 0.0006113953376064554 0
0.0004327496322213683 0.0006129707677070025 0
0.0004370671058455904 0.0006024986415242763 0
0.0004259518243777512 0.0006038878732776759 0
0.0004298380577777982 0.0005939025519950577 0
0.0004193807028904403 0.0005952776064937115 0
0.0004403624393309895 0.000592539301241607 0
0.0004335976188094797 0.0005846834673098639 0
0.0004428857353678742 0.000583303304691555 0
0.0004372418689925866 0.0005765309763822314 0
0.0004455227027470751 0.00057514126326637 0
0.0004406118971312404 0.0005690291507554374 0
0.0004327602795402177 0.000569914656062577 0
0.0004479848376784966 0.0005676328921813347 0
0.0004524693339276308 0.000572732034455699 0
0.0004436244105059869 0.0005622411024678938 0
0.000450408496374575 0.0005609769995131043 0
0.0004462532341159715 0.0005560201944588396 0
0.0004522397275410148 0.0005548405797275558 0
0.0004485338210679996 0.0005503371295119944 0
0.0004543185977528999 0.0005495311847012318 0
0.0004579343589813177 0.0005532385256654589 0
0.0004595470590843807 0.0005481967559580618 0
0.0004428050512031881 0.00055127463418027 0
0.0004561574003902073 0.0005444311750336848 0
0.0004611019997254277 0.0005435276949950293 0
0.0004645917885716486 0.0005470826235188593 0
0.0004657853785830962 0.0005417613670016547 0
0.0004578369505770116 0.0005399293332761536 0
0.0003030174340772454 0.0006778810747972748 0
0.0002938029984268642 0.000699946558328763 0
0.0003098691978315327 0.0007198737687854951 0
0.0004693318352726628 0.0005457823274263667 0
0.0004707688193330861 0.0005412805536527587 0
0.0002793639448716447 0.0006802921400530449 0
0.0003349369977514438 0.0006564365033629647 0
0.0002831249334735752 0.0007229219356260739 0
0.0004740665604174658 0.0005447896765012518 0
0.000475386573504312 0.0005403778325300309 0
0.0004722955474590607 0.0005371030486043113 0
0.0004765285576214317 0.0005361792741363124 0
0.0004737878815910508 0.0005331851340793086 0
0.0004774915577707982 0.0005322701590832339 0
0.0004750509752307982 0.0005295916912987199 0
0.0004784151586432954 0.0005287325082157298 0
0.0004760604749754751 0.000526315170657285 0
0.0004792375449557132 0.000525566971883119 0
0.0004728924629946748 0.0005270057220368772 0
0.00047380128984418 0.0005031699290290542 0
0.0004815390243388995 0.0005278328305656011 0
0.0004824102961376593 0.0005243266996488847 0
0.0004726140477648032 0.0005490145605865365 0
0.0004845544523180662 0.0005268646143644005 0
0.0004853311251295427 0.0005239345594591797 0
0.0004874563139817494 0.0005260205410917639 0
0.0004882934730350017 0.0005232222843251548 0
0.0004797888456055406 0.0005225397871686232 0
0.0004871391574041492 0.0005288357483021647 0
0.0004193647117678198 0.0004457175228820244 0
0.0005438498662300237 0.0004448279083963991 0
0.000703970008039436 0.0004843881435133069 0
0.0007041486472895714 0.0004869540864047046 0
0.0007063770715956126 0.0004881219236724311 0
0.0007042669371341555 0.0004894628003094775 0
0.0007039043023569476 0.0004818894509182485 0
0.000691595946252211 0.0004166942062297616 0
0.0006101152450741694 0.0004753004280162276 0
0.0005953723862353183 0.0004532593402511317 0
0.0005959960678524996 0.0004483090126309982 0
0.0008621304512010875 0.0004760488931171645 0
0.0008623863284805721 0.0004731568768879243 0
0.0008596026090403289 0.0004743985464494539 0
0.0008599163280898931 0.0004713104865920519 0
0.0008569948438064974 0.0004726244995523114 0
0.0008573227755389792 0.0004693475118694228 0
0.0008543081116288152 0.0004707408892961965 0
0.0008177805715506925 0.00048086180874547 0
0.0005436760719881464 0.0004387482043374966 0
0.000660009683997983 0.0005174029939856922 0
0.0003814522774499915 0.0004183239525079998 0
0.000372864080720316 0.0004256006631350334 0
0.0004903118995463261 0.0005252109298360345 0
0.0004909946914130492 0.0005224675794629278 0
0.0004890981312882762 0.0005205566795392078 0
0.0004916418929771221 0.0005198109680439526 0
0.0004935679798360931 0.0005216099246660724 0
0.000494124686800911 0.0005190968550928302 0
0.0004960162481105258 0.0005208266258445364 0
0.0004965661328627908 0.0005183501342222485 0
0.0008700261718422453 0.0005132417464768508 0
0.0008719364897079793 0.0005148479113484493 0
0.0008679979863865436 0.000511578681697351 0
0.000563628025346006 0.000503616310827941 0
0.0005614527187972078 0.0005048483993140161 0
0.0006078406655460227 0.0004792034841967714 0
0.000706485308961727 0.0004906210874997268 0
0.0007043758244975799 0.0004919625937310833 0
0.0009239587049132318 0.000490428721931876 0
0.0005705043590768802 0.0005374634845324808 0
0.0008890017778734262 0.0004650317150600223 0
0.0008918383607476439 0.0004674324062713396 0
0.0007812274535950093 0.0003798573972462682 0
0.0005383252276144543 0.0004419501955016193 0
0.0008358090090974583 0.0004795954119380359 0
0.0008363955648826995 0.0004769977740617604 0
0.0008717500183429499 0.0005171561535413593 0
0.0008739266187636253 0.0005163691183097859 0
0.0008737515114519573 0.0005186623731627413 0
0.0008760030750889123 0.0005177580079502911 0
0.000875703519816049 0.0005202309391507851 0
0.0008780397764174201 0.0005192592192497934 0
0.000877691915365883 0.0005217588903176845 0
0.0008801098235367462 0.0005207887377874247 0
0.0008797745928000296 0.0005233871125876783 0
0.0008822645227573253 0.0005223898054732554 0
0.0008818814455435805 0.0005252419611564971 0
0.0008846525555133473 0.0005241762613048924 0
0.0008848118007043148 0.0005213103777227247 0
0.0008872210477765569 0.0005230122075417301 0
0.0008873196709869924 0.0005202921534600346 0
0.0008894985874333414 0.0005218190858907234 0
0.0008897634248246828 0.0005192386603895605 0
0.0008918920788666708 0.0005207435516337716 0
0.0008916254631457241 0.0005233307895973952 0
0.0008940379581348622 0.0005222760319157112 0
0.0008942741168753311 0.0005196623519005563 0
0.0008963914882485904 0.0005211447860928111 0
0.0008962288862113834 0.0005237756462468017 0
0.0008965841725715244 0.0005185772329256661 0
0.0008986657367667428 0.0005199844173288691 0
0.0008988506907231092 0.0005174870189181635 0
0.0009009182236345057 0.0005188585468956071 0
0.0009011020946961214 0.000516389122478344 0
0.0009031824701734935 0.0005177902566303162 0
0.0009033509494564913 0.0005152946937472258 0
0.0009028805902347618 0.0005203710556935569 0
0.000905477041832805 0.0005167845685556786 0
0.0009056044195698538 0.0005142108599887806 0
0.0009077241820060379 0.0005156976724372729 0
0.0009078509528687523 0.0005131152693983905 0
0.000884343741870357 0.0005274504986208992 0
0.0009099268296770243 0.0005145096916006459 0
0.0009100854928128922 0.0005119938104601459 0
0.0009097473228806943 0.0005169823614920631 0
0.000898997092645338 0.0005150212351326315 0
0.0009121627932309716 0.0005133909810983697 0
0.000912330430784496 0.000510893704818711 0
0.000878332142423057 0.0005167728972395929 0
0.0009080590074702713 0.0005106525303156764 0
0.0008788419721538709 0.0005261668015757482 0
0.0006302467232004077 0.0005346593054416359 0
0.0008343404058696764 0.0004751472492894354 0
0.0008371341974538639 0.0004742628859859824 0
0.0008034734958439033 0.0004851617103654832 0
0.0005516405161853034 0.000538740726480048 0
0.0005474997073676776 0.0005406223772874619 0
0.0006125930458915518 0.0004738726652212391 0
0.0006099145231285425 0.0004723155065143337 0
0.0004787031638755391 0.000543746344806078 0
0.0007626336996543913 0.0005178321917337997 0
0.0008328045085981667 0.0006856038012124837 0
0.0008486799831351383 0.0006993258040026542 0
0.0008629361790529826 0.0003344966339426386 0
0.0008777612556196328 0.0003267206945415426 0
0.0004898036014958781 0.000518032072474673 0
0.0003011016307115841 0.0007449364915045814 0
0.0002712406362849954 0.0007482655657063907 0
0.0005679992710945364 0.0004986522190409515 0
0.0005680199044603532 0.0004961523041840837 0
0.0006437361581284386 0.000433310856415689 0
0.0006443526099300525 0.0004262995076200375 0
0.0004670743465299745 0.0004692683030770005 0
0.0004646918231147111 0.0004716196460653649 0
0.0004653385382968556 0.0004747021474988457 0
0.0004623887664328678 0.000473849390239038 0
0.000463199572758273 0.0004767575672883348 0
0.0004601258371743532 0.0004764529155283542 0
0.0004594447545914601 0.0004731310136906174 0
0.0004572267576963299 0.0004753418069919527 0
0.0004564853483091204 0.0004723150700303626 0
0.0004543515749676087 0.0004745393274118634 0
0.0004551234185928893 0.000477372250193772 0
0.0004523486024169082 0.0004766863765081797 0
0.0004514586753930005 0.0004738963234217174 0
0.0004494756722915811 0.0004760802028298745 0
0.0004485440127108994 0.0004732332079000976 0
0.0004464942122179389 0.000475515835005156 0
0.0004455505298890608 0.0004725876717975038 0
0.0004433892203326952 0.0004750010271798531 0
0.000442523509037055 0.0004717356918416917 0
0.0004400191537199026 0.0004746091992497626 0
0.0004388964387119051 0.0004709853091873148 0
0.0004363455509116903 0.0004738949968019812 0
0.0004532213957274599 0.000479329632213309 0
0.0006658820544063883 0.0004864048076200737 0
0.0006658570694781158 0.0004889048012787749 0
0.0006636796239147447 0.0004901331431836284 0
0.0006658320801860514 0.0004914047551344829 0
0.0006636546271283042 0.000492633060684368 0
0.000665907068685641 0.0004839049619266066 0
0.0006658070782111577 0.0004939046503155109 0
0.0006636296205366657 0.0004951329349418534 0
0.0008912186926608339 0.0004709380158913268 0
0.0008946388132787219 0.0004697718886155929 0
0.0008383170848487154 0.0004788089530824199 0
0.0005744017244310001 0.0005730553021293933 0
0.0005738268878258148 0.0005812468485081586 0
0.0005666041518692167 0.0005853134261704644 0
0.0005738908585260492 0.0005899270402772601 0
0.000565539109497791 0.0005943199357743571 0
0.0005744328369194373 0.0005993972387118399 0
0.000564841154651221 0.0006041636867559104 0
0.0005746233309023518 0.000609730518022732 0
0.000564593220876773 0.0006148508238423825 0
0.00055517123602058 0.0006087082997207121 0
0.0005743171701214046 0.0006208327260019569 0
0.0005848149398436542 0.0006152532953689293 0
0.0003983317890320245 0.0004150140630205332 0
0.0005939819433944476 0.0005320485180483589 0
0.0005938922204031802 0.0005357350740949948 0
0.0007808991179951673 0.0003914513909222157 0
0.0007911905765538431 0.0003861344897078469 0
0.0007018969204642183 0.000548215133485462 0
0.0006984993458276575 0.0005445356085051283 0
0.0008953033990859766 0.000466250664930999 0
0.0008981093336503055 0.0004686261471816109 0
0.0007342529829596347 0.0004467896187163775 0
0.0007386858097197585 0.0004499122800200998 0
0.0006161842061269025 0.0004920048433199749 0
0.0008627992283239685 0.0003176643642731496 0
0.0004992140297187369 0.0004757879870037692 0
0.0008040894492399484 0.0004918025716979951 0
0.0009446346734781446 0.0004600519056035528 0
0.0009822073525293986 0.0004957750761535177 0
0.0009819688213414722 0.0004982636707619003 0
0.000979694369645298 0.0004993013939967289 0
0.0009817302901683719 0.0005007522653291556 0
0.0009824458837018536 0.0004932864815939274 0
0.0009794765903925076 0.00050179197762329 0
0.0009814952176505673 0.0005032411914010302 0
0.0009792420943172449 0.000504280958945927 0
0.0009812579354382322 0.0005057299056730112 0
0.0009789836919046418 0.0005067676488517588 0
0.0009810163005539061 0.0005082182027422142 0
0.0009770024904265484 0.0005052512979979321 0
0.0006163882127913347 0.00048453660000833 0
0.0009144060424510032 0.0005122873745400002 0
0.0009145748169625731 0.0005097924552765717 0
0.0005827432170820235 0.0004212984174539686 0
0.0005823835537720453 0.0004131815302539617 0
0.0005610823537518243 0.0004688641858861427 0
0.0005479037880370637 0.0005363091701968153 0
0.0005439825002701729 0.000538085147064842 0
0.0009284769174240059 0.000476958488145105 0
0.000879106795203432 0.0003091263275525217 0
0.0008616875481128901 0.0002996408718214236 0
0.0008918144682447213 0.000336017862687834 0
0.0007018541524931373 0.0004857222046634592 0
0.000926270949608388 0.0004894581929613538 0
0.0008546403556009042 0.0004673792473695102 0
0.000857871998435706 0.0004658558179191535 0
0.0004984269195935369 0.0005200226644370657 0
0.0004989651903759451 0.0005175858826946486 0
0.0004979171445368895 0.000522485185436812 0
0.0002456173387212566 0.0002951561447515146 0
0.0002506873927935859 0.0003223934875874336 0
0.0002404456311125077 0.0002667912203787891 0
0.0008723707874505593 0.0005123702362810464 0
0.0007868479594468865 0.0004994824824835408 0
0.0007443097529588933 0.0005368732378258339 0
0.0007434802656125694 0.0005410183279465502 0
0.000767013393351391 0.0004988994651119809 0
0.0007646280911750745 0.0004996480233673074 0
0.0005972077960537864 0.0005378332164280469 0
0.0005936370795988435 0.0005397512973722347 0
0.0005907318800318129 0.0005336494049174146 0
0.0009289103233634648 0.0004741674957691454 0
0.0006657820724882547 0.0004964045285102159 0
0.0006636046142154428 0.0004976328104248852 0
0.0007415229477787835 0.00051366471315219 0
0.0007391302600908899 0.000514387364770385 0
0.0006876292639375974 0.0004981756724830516 0
0.0006463349857491252 0.0004924598109692096 0
0.0004349542071559245 0.0004243275086197589 0
0.000467246707084022 0.0003261222962194792 0
0.0005636073918006445 0.0005061162256953823 0
0.0005614320853459137 0.0005073483141759298 0
0.000983528373930659 0.0005046917977821151 0
0.0009264436810490579 0.000472237078204279 0
0.0005678725478337154 0.0004123427389567979 0
0.0007764812719136368 0.000594963408256803 0
0.0004700997773878617 0.0004665110238547399 0
0.0007383609365683292 0.0004553496366185203 0
0.0007430945004851887 0.0004527886283215564 0
0.000743665986924225 0.0004475335303546219 0
0.0007478751972754624 0.000450433079646883 0
0.0007425145251525984 0.0004578404721140338 0
0.000748633396946068 0.0004452205300271103 0
0.000753107741304103 0.0004482383517428461 0
0.0007538001618070308 0.0004427131254280582 0
0.0007585851924175279 0.0004461092755863521 0
0.0007591891463991428 0.0004402086161965684 0
0.0005545115079911012 0.000620137371662361 0
0.0005448804409923725 0.0006136700028784459 0
0.0007065926297652183 0.0004931193950167437 0
0.0007044829925580219 0.0004944607585418215 0
0.0007022665690873181 0.0004933043187649941 0
0.0008876985783011176 0.0005177097423712543 0
0.0009787413315749899 0.0005092558763871631 0
0.0009807766139047465 0.0005107066865492105 0
0.0003710058913651979 0.0004134881881747415 0
0.0003613776036687556 0.0004221492319764935 0
0.0004482318308696487 0.0004698032582280817 0
0.0006353062777883865 0.0005210961787618985 0
0.0008112508877801616 0.0004895515793464495 0
0.0008731386064203938 0.0004295040270636063 0
0.0006009915034516506 0.0004517572889815762 0
0.0006009631186722975 0.0004459948873474587 0
0.0005701745775193416 0.000497420130562165 0
0.0005701952108055471 0.0004949202157099633 0
0.0005701539442240332 0.000499920045414888 0
0.0004350774116544802 0.0004700607126920834 0
0.0004323713253797062 0.0004730851889511341 0
0.0006680595568519875 0.0004851767483163532 0
0.0006680845572630442 0.0004826768412657694 0
0.0008988128256728953 0.000464986326759007 0
0.0007147322048947781 0.0005496367883205894 0
0.0006503224522571831 0.0004301147570481132 0
0.0006509016043330693 0.0004226486119808904 0
0.0009259483326656899 0.0004919422051454069 0
0.0009236408337410555 0.0004929063417795696 0
0.00090166203574693 0.0004674528449074166 0
0.0008225259985042036 0.0007767715249374108 0
0.000798059935348083 0.0007862633151201446 0
0.0004150821715902617 0.0006051134106140423 0
0.0004082801206743663 0.0005962008445503285 0
0.0007640804064661716 0.0004438145102715516 0
0.0007647641140153543 0.0004376108266034675 0
0.0007139858783753447 0.0005373941800418224 0
0.0007885702977051737 0.0004705125191506645 0
0.0006128332469825017 0.0004708112616996706 0
0.0006967306069954769 0.000549381497156899 0
0.0006933798752112839 0.0005455207622850786 0
0.0006950717913628723 0.0005409908385295115 0
0.0006904550615088531 0.0005419044317387601 0
0.0006917415317201377 0.0005377484819060708 0
0.0006874217763738321 0.0005385576378650813 0
0.0006860020717020097 0.0005427286363249251 0
0.0006830121443098538 0.0005393557253485319 0
0.0006815228305349244 0.0005436001442670263 0
0.0006886729443665157 0.0005345972535919109 0
0.0006785468523734236 0.0005401534666096247 0
0.0006769964353121121 0.0005444959562424919 0
0.0006961205560110434 0.0005367494268873397 0
0.0005844867985147727 0.0006271544651963243 0
0.0005952806569892824 0.0006209997896145061 0
0.0005421710809855411 0.0005683984576094123 0
0.0004444934195318196 0.0004779526724181778 0
0.0008207874909317468 0.0004865655747227266 0
0.0003950982833515126 0.0004399690210611528 0
0.0005381970798656146 0.0004355780748931001 0
0.0005325832196853666 0.0004389490478006427 0
0.0006739922438782186 0.0005411063440613048 0
0.000804039529018348 0.0004634635185383232 0
0.0006211166138875886 0.0005296727390619677 0
0.0006679845364813599 0.0004926763683889848 0
0.000880369732074116 0.0002900452628103855 0
0.0008612999177315986 0.0002794804834896138 0
0.000834815934716099 0.0004722169398114725 0
0.0008379340836067889 0.0004712508232133297 0
0.0007681695200947773 0.0006263272095966459 0
0.0008939954041747985 0.0004731155501082737 0
0.0004039297649191035 0.0006066623969697117 0
0.0003972146704344103 0.0005975054376700115 0
0.0004016311478689276 0.000587219064316929 0
0.0003908290360498861 0.0005883350389440495 0
0.0003953735817520438 0.0005785418450660431 0
0.000384636002543167 0.0005794583044954809 0
0.0003891177043976348 0.0005698538618697451 0
0.0003784221913358359 0.0005707122005465587 0
0.0003738695749062426 0.0005809331555063462 0
0.0003671485865341386 0.000571380024668027 0
0.0003622597332080939 0.0005828998171901003 0
0.0003547146592045147 0.0005721180642521151 0
0.0003491581816975533 0.0005834933429769683 0
0.0006614521622370697 0.0004963612167351629 0
0.000661427155823756 0.000498861091800816 0
0.0006592747038424396 0.0004975894980977521 0
0.0006592496974038069 0.0005000893730486846 0
0.0006635796077955843 0.0005001326854609467 0
0.0006570972454272581 0.0004988177793672082 0
0.0006570722389854955 0.0005013176543039593 0
0.0004337731578375909 0.0004770185739615618 0
0.0004295693623028023 0.0004762909282976962 0
0.000428071850316261 0.00047212576019193 0
0.0007769670015529431 0.0005139252649495702 0
0.0003411185852168382 0.000571950101187567 0
0.0003349873156150774 0.0005852440729525558 0
0.0009842432730283442 0.0004972259475390674 0
0.0004613109499588633 0.0006304476060518489 0
0.0004652936156357979 0.0006163980191794945 0
0.0004736681354030132 0.0006269752598767556 0
0.0004775803540165421 0.0006154491624393518 0
0.0007940038631983892 0.0004972368107613891 0
0.000702373394762704 0.0004958021595860658 0
0.000709243290571966 0.000311746416559218 0
0.0008515909295694912 0.0006802345237783317 0
0.0008663843399420687 0.0006917483821122566 0
0.000597234582103669 0.0005420455470844543 0
0.0005931371152344256 0.000544230327876903 0
0.0009311591242860621 0.0004759418526766824 0
0.000224296271787235 0.0003136968411992214 0
0.0004857895350067197 0.0006243922070819912 0
0.0004893980725486373 0.0006131820796642373 0
0.000500780841183577 0.0005191285907284597 0
0.0005013402249977224 0.0005167960002256139 0
0.0008951523194522367 0.0004329200745924963 0
0.0005442884089134098 0.0005339987015315354 0
0.0005405740112242995 0.0005356656287291867 0
0.0005401300881941732 0.000539774039803123 0
0.000790848371058377 0.0003975674556767864 0
0.0008010487905483956 0.0003924628867584034 0
0.000801569887498967 0.0003810686848164284 0
0.0006309018324685013 0.0005160425672252706 0
0.000654919787008919 0.0005000460606223701 0
0.0006548947805663386 0.0005025459355554071 0
0.0006570472325427781 0.0005038175292363727 0
0.0009024102314033555 0.0004636944126878877 0
0.0008992806135820065 0.0004611376891128777 0
0.0004994914937895593 0.0005151383934500711 0
0.0005018695119381324 0.0005143696746234479 0
0.0005812299213684658 0.0005779987747198376 0
0.0008948950584705975 0.0003845065273901374 0
0.0007396977544534508 0.0005119580353210944 0
0.0007420787380015256 0.0005112397161833864 0
0.0007373069101197218 0.000512677300832641 0
0.0007367370754869577 0.0005151107045674022 0
0.0007349141741401774 0.0005133998995966885 0
0.0007343440357839732 0.000515833897810756 0
0.0008377210100399969 0.0004813082990000561 0
0.000840176200773793 0.0004805673844741265 0
0.000536711956009122 0.0005373265139785253 0
0.0009307192570570983 0.0004786773190899865 0
0.0006999264315511348 0.0004537815531074469 0
0.0005635867584452383 0.0005086161405516603 0
0.0005614114520221696 0.0005098482290303398 0
0.0005592567788929662 0.0005085804026563687 0
0.0005592361455980818 0.0005110803175090799 0
0.0005570814724726873 0.0005098124911348844 0
0.0005570585910605506 0.0005123084368204944 0
0.0007045898116608755 0.0004969585931099245 0
0.0004662632449585301 0.0004656107365622559 0
0.0009293773561077228 0.0004710570350791057 0
0.0009282555593022308 0.0004909783675999637 0
0.0006046286592277081 0.000515392364140985 0
0.0002901093500470753 0.0007720169640179938 0
0.0002593752070434525 0.000776978527754465 0
0.0002397189901000187 0.0007509747319160367 0
0.0007698183413486787 0.0004412833598551358 0
0.0007705574566343415 0.0004348788058973528 0
0.0008279514574283356 0.0004843198993176381 0
0.0006483245354907691 0.0004840888147130102 0
0.0007943420203121003 0.0005540524843920471 0
0.000700156933113364 0.0004946456837387546 0
0.0003831146439838033 0.0005613241266924046 0
0.0003931026888162971 0.000560483245195436 0
0.0005440470077413865 0.0006254318383262031 0
0.0006548697741236526 0.0005050458104879439 0
0.0009166504139954138 0.0005111860946562749 0
0.0009168194528899544 0.0005086917234804289 0
0.0009147438817788683 0.0005072981378387373 0
0.0009169885268739888 0.000506197425047955 0
0.000914912961611148 0.0005048038515301699 0
0.0009164813345494702 0.0005136803817657415 0
0.0005052186802171955 0.0004714954641646716 0
0.0005723498839168508 0.0004961880420849815 0
0.0005723705172034363 0.0004936881272327579 0
0.0005702158440766545 0.0004924203008586461 0
0.0005723911504856732 0.0004911882123807886 0
0.0005702364773581682 0.0004899203860067211 0
0.000572411783768919 0.000488688297528757 0
0.0005702571106415799 0.0004874204711546833 0
0.0005724324170526486 0.0004861883826766993 0
0.0005702777439253793 0.0004849205563026226 0
0.0005724530503365248 0.0004836884678246367 0
0.0005703838730398795 0.0004824213470984877 0
0.0005724976024422371 0.0004811882732033981 0
0.0006723666785556741 0.0005452936348832563 0
0.0006693266505468393 0.0005419406149898877 0
0.0005902921728942718 0.0004176875434471172 0
0.0005900849304591369 0.0004088539289302718 0
0.0008818463008207766 0.0002689116160424394 0
0.0008628770121025458 0.0002573909288250174 0
0.0008833094377566212 0.0002459412386298802 0
0.0008612744203874317 0.0002324455815719918 0
0.0006032467107011968 0.0005303322272854571 0
0.0006193562036660627 0.0005415321331137932 0
0.0005657620648517529 0.0005073840520739403 0
0.0006311928024671245 0.0004910582799992888 0
0.0006290403504351761 0.0004897866863178687 0
0.0006290153439826942 0.0004922865612502083 0
0.0005037254421218001 0.0005160447040104838 0
0.0005042490652136021 0.0005136032057562133 0
0.0007006316235117569 0.0005531888710300217 0
0.0004250504439957342 0.0004754746541203306 0
0.0004234439963782402 0.0004710178100751162 0
0.0007651724716204734 0.0004972080139181586 0
0.0007627871701165496 0.0004979565714364961 0
0.0007622427890357792 0.0005003965815820623 0
0.000760401868612908 0.0004987051289545225 0
0.0007598574875947456 0.0005011451390314598 0
0.0007675577727724162 0.0004964594567856242 0
0.000978501969631693 0.0005117443913171293 0
0.0009805377516925176 0.0005131952493782683 0
0.0009828121803087157 0.0005121575239397074 0
0.0009825735901186419 0.0005146461128420086 0
0.0009848480281290637 0.0005136083883038798 0
0.0009846094848417069 0.0005160969817018017 0
0.0009823350311289514 0.0005171347047348673 0
0.0009843784708825896 0.0005185862967839748 0
0.0009820891893198098 0.0005196249641223499 0
0.0009841540821101907 0.000521109637985002 0
0.0009817666387908317 0.0005222154362726245 0
0.0009839797053873842 0.0005237669776699215 0
0.0007087024842250085 0.0004917782366784999 0
0.0007580165673508316 0.0004994536862077795 0
0.0007574721863103551 0.000501893696309164 0
0.0007556312660901298 0.0005002022434595151 0
0.0007550868850523017 0.0005026422535580005 0
0.000680275130790679 0.0005480286570146277 0
0.0006758913244882529 0.0005368475912699201 0
0.0006173609112061914 0.0005206190293679581 0
0.0008539647913952946 0.0004741298469860306 0
0.000230459595006152 0.000339859633792058 0
0.0009053024193896296 0.0004662381446024183 0
0.0009061061965312998 0.0004624179690275267 0
0.0009171576092089416 0.0005037031439275831 0
0.0008548978465357196 0.0004636179463777315 0
0.0008586321847910252 0.0004619675036896055 0
0.000846959640613797 0.0007667085503183829 0
0.0008435124979747463 0.0007935869302916278 0
0.0005951797533215977 0.000633618110307443 0
0.0006065206962978666 0.0006272220766159876 0
0.0007723069494847035 0.0005375187152010429 0
0.0003590556765109898 0.0004099372223156275 0
0.0003490766798195603 0.0004184719325841582 0
0.0009150820453379201 0.0005023095732951551 0
0.0009128373967954104 0.0005034102789392784 0
0.0007731654520989926 0.0004784620841683821 0
0.0005974845119339176 0.0005468377947843904 0
0.0005929739993788229 0.0005491566970092977 0
0.0007477197408030991 0.0005396735562142978 0
0.0007467040263858431 0.0005440934250981114 0
0.0008750465436047156 0.0004764893507952421 0
0.0003924434412209503 0.0006081996823385242 0
0.0006055062298808207 0.0004490551035030498 0
0.0006059341918372156 0.0004434211007756281 0
0.0005703965836820507 0.0004799123365584371 0
0.000572542809782922 0.0004786477104552672 0
0.0008505162816237074 0.0003423261110260291 0
0.0005495840425286998 0.0004580155582323842 0
0.000352188698704648 0.0004327574749818078 0
0.0003392412339330675 0.0004276381776098082 0
0.0003357522496941503 0.0004138303333038199 0
0.0003247583626957145 0.0004238603319466191 0
0.0009256249232084207 0.0004944128281513865 0
0.0007166502097891711 0.000461349723606266 0
0.0005973167591164 0.0005518771026929031 0
0.0005418237204670494 0.000575630773857834 0
0.0005355064080772342 0.0005714026553911614 0
0.0005350909254485998 0.0005793001988723363 0
0.0005283892390839861 0.0005748439284875239 0
0.0005279535899554548 0.0005829618413664074 0
0.000520952704495979 0.0005782916675144108 0
0.0006561153978212501 0.0006968304028112159 0
0.0004773211691710889 0.0004781810165983005 0
0.0004752723145705148 0.0004799133274923432 0
0.0004777771459417764 0.0004807889954352608 0
0.0004758736086612204 0.0004824536737821864 0
0.0004782531263504829 0.0004832829986211805 0
0.0004734144054728009 0.0004816684460883753 0
0.0004740223339850827 0.0004841375113131629 0
0.0004716513023799241 0.0004833981828828001 0
0.0004722001978426762 0.0004858354033254208 0
0.0004698189625377004 0.0004850892228634754 0
0.0004557899402403803 0.0004799956246184459 0
0.0004540013533261456 0.0004818478764262463 0
0.0004564376404767814 0.0004824854020023621 0
0.0004546714068086783 0.0004842633828354001 0
0.0004570895668438499 0.0004849000940910565 0
0.0006100388629260588 0.0004690123077815491 0
0.0006130434362373227 0.0004673867376048876 0
0.0006702370142658414 0.000483948461711756 0
0.0006702620205410065 0.0004814485858871519 0
0.0006680937930464717 0.0004801723289857386 0
0.0007576495970342884 0.000451146755125054 0
0.0007324628031217803 0.0005140943094725823 0
0.0007319412358495243 0.0005165523294031658 0
0.0008651855707384836 0.0005329355782364589 0
0.0002266658010148916 0.000781608623462775 0
0.0004738519924716043 0.0005240249048249174 0
0.000470951880494354 0.0005245674036931199 0
0.0004718298203881247 0.0005218628230258041 0
0.0004691285013891291 0.000522349578693969 0
0.0004700249970838885 0.0005198214064941928 0
0.0004674275846578573 0.0005203057386824137 0
0.0004664935377225078 0.0005227609116449727 0
0.0004648381911694184 0.0005207138783694396 0
0.0004657410801588115 0.0005183329804554897 0
0.0004632352513950008 0.0005187254696009251 0
0.0004622861776246651 0.0005210562531888245 0
0.0004606919273514368 0.0005190964078247387 0
0.0004597546675352705 0.0005214449037646127 0
0.0004581482664223725 0.000519472548922295 0
0.0004572229349810277 0.0005218485248337591 0
0.0004555884547438203 0.0005198548178954828 0
0.0004546511243332663 0.0005222224210050641 0
0.000453007058559986 0.0005202364592481729 0
0.0004520703142261552 0.0005226710498865521 0
0.00045043472983115 0.0005206343911177359 0
0.0004494348293541549 0.0005230267246147852 0
0.0004477712595891154 0.0005210073832318536 0
0.0004467073171920185 0.0005235020396468753 0
0.0004449155369590071 0.0005213390460247648 0
0.0004438301949846084 0.0005241184051227933 0
0.0004418669962802091 0.0005216843580685682 0
0.0004406323032214676 0.0005247027326021012 0
0.0004384917603793383 0.000522033353617508 0
0.0004371529977180989 0.0005253487707862058 0
0.000451346283438814 0.0005182785092121208 0
0.0004428049273546386 0.0005272413247529191 0
0.0004616583574186924 0.0005167660604191486 0
0.0004347819930481494 0.0005223808974307586 0
0.0004333381420067908 0.0005260431018618638 0
0.0004307418655452395 0.0005227880897729369 0
0.0004291591445415253 0.0005268183028280176 0
0.0004263875988171226 0.0005233205809547512 0
0.0004245948268409407 0.0005276504827580136 0
0.0004277394284695742 0.0005313351851269135 0
0.0004228419516350006 0.0005324886117907629 0
0.0004725831691426148 0.0005192967198781651 0
0.0004194881378503046 0.0005283112335728289 0
0.0004174819799273828 0.0005333760478751113 0
0.0004211369304463495 0.0005377795783906808 0
0.0004139326583820071 0.0005289365134296598 0
0.0004689305144044494 0.0004628370708891772 0
0.0009267636249081072 0.0004689993914001121 0
0.0005061051104931543 0.0005152787563488823 0
0.000506627954045196 0.000512834633358095 0
0.0005084839022421659 0.0005145098408044259 0
0.0005090066001191365 0.0005120652234759113 0
0.0005108625077659894 0.0005137402914039036 0
0.0005113851747103608 0.0005112955682454057 0
0.0007487079632934582 0.0004395300804876661 0
0.0009043984582236902 0.0004699822305127102 0
0.000702480090839573 0.0004982998778154099 0
0.0004588394232501139 0.0005239343595257375 0
0.0004509012911572896 0.0005249764450399562 0
0.0007266797213238963 0.0004718122827690175 0
0.0007300918977400998 0.0004698958509729467 0
0.0007300190211293432 0.0004732533363872006 0
0.0007328274010172583 0.0004718101484357241 0
0.0007326683451531317 0.0004750478093634159 0
0.0007354347674814781 0.000473629610982326 0
0.0007352070516802239 0.0004766225496057383 0
0.0007326848228557086 0.000478004698390894 0
0.0007379296314091009 0.0004753197314503212 0
0.0007349846729225262 0.0004794206394499532 0
0.0007326092161841894 0.0004806517387425751 0
0.0003202592398469316 0.0007672100933740383 0
0.0003095546518912741 0.0007957757334976206 0
0.0003402794838376984 0.0007905842889063179 0
0.0005549057913722782 0.0005110439180851926 0
0.0005548828475134553 0.0005135397535161024 0
0.0002888984594941927 0.0006581567594927696 0
0.0002651178749054081 0.0006606098768075458 0
0.0002744491521990791 0.0006385806958436973 0
0.0002509535016583594 0.0006409924451508187 0
0.0005746077234637477 0.0004849562941987198 0
0.0007733177550488836 0.0005190839873318504 0
0.0003211254752146694 0.0004088289147351719 0
0.0003087999896373368 0.0004205153866235941 0
0.0003053249600699741 0.0004030562782574686 0
0.000291625562612115 0.0004161699852841739 0
0.000452248818030316 0.0004836387400088444 0
0.0007192703237817621 0.0005800549537740258 0
0.0007280321324327299 0.0005847615885773311 0
0.0007287799868023356 0.0005936652198469424 0
0.0005095293104119601 0.0005096206420508165 0
0.0005119078748894642 0.0005088509469426121 0
0.0005137637367122819 0.0005105258676017408 0
0.0005142863964074983 0.0005080811192364711 0
0.0006949376842834323 0.00055454423557566 0
0.0005362314045088496 0.0005416175324674976 0
0.0007758331370311463 0.0004387141578215256 0
0.0005480051753037531 0.0005322752516839755 0
0.0005446707826945357 0.0005301893141294283 0
0.0005478384520199654 0.0005285902291316063 0
0.0002029788644831159 0.0003326759491260967 0
0.0006570222261000722 0.0005063174041688231 0
0.0005388627069070973 0.0004486026839182494 0
0.0003264258765701672 0.0005724677908584565 0
0.0007378508236715603 0.000510259171033341 0
0.0005000150102631477 0.0005126984768157152 0
0.0009187259377965019 0.0005125795822204611 0
0.0009185568461452443 0.0005150738440272867 0
0.0004430570753459178 0.0005187448131931448 0
0.0009814028884519883 0.0005249590017026402 0
0.0009839444943873705 0.0005266689542509786 0
0.000908859927755998 0.0004649880263369741 0
0.0004565723043266788 0.0005176274064047897 0
0.000545097418005551 0.0005267119102894489 0
0.0005420086304627846 0.0005280215009067072 0
0.0004968079841935014 0.0004771289484178991 0
0.0004993049094586485 0.0004784770445094719 0
0.0004971384647756986 0.0004799085233063503 0
0.000499487214854663 0.0004810320120273779 0
0.0004973947793861568 0.0004824365874253434 0
0.0004996489189153805 0.0004835425546686579 0
0.0005017414901438456 0.0004821668094060043 0
0.000497573078623219 0.0004849275401076673 0
0.0004953497616412932 0.0004838646493041206 0
0.0003873729976238011 0.0005523590469991658 0
0.0007765915132058171 0.0004320462472112569 0
0.0009864270657136381 0.0005200328993226918 0
0.000511951216433275 0.0005244781812801032 0
0.0005480264232382906 0.0005251979007855031 0
0.0005454250555291105 0.0005235852299875256 0
0.0007823197823102568 0.0004360680480086621 0
0.0005155864780441635 0.0004731711982629359 0
0.000532446552245601 0.0004322758517893595 0
0.0005267805424666199 0.0004358639521944091 0
0.0005383703068517547 0.0004286735864198823 0
0.0008354084932764476 0.0004689951929681366 0
0.0008386564221872251 0.0004679232096952986 0
0.0006676769405084619 0.0005462247166946553 0
0.0006644591830276571 0.0005426931345517501 0
0.0008115256315371043 0.000387575801005664 0
0.0004323671177503068 0.0004956287318718843 0
0.0006572200024172154 0.0004267771118180229 0
0.0006576576037844639 0.0004188782277500873 0
0.0006513308757213661 0.0004144804914407704 0
0.000658378431870793 0.0004102193681134698 0
0.0006497638788016992 0.0004049410528331377 0
0.0006591585903757264 0.0004007836107441578 0
0.0006505474758119743 0.0003949548578072937 0
0.0006601341135514765 0.0003903567917557211 0
0.0006506140450350229 0.0003846374695488716 0
0.0006605849591127845 0.0003792292694239187 0
0.0006413323284088027 0.0003893570434275171 0
0.0006568942318203715 0.0004342780026417379 0
0.000670333721536248 0.0004789202915025536 0
0.0006681127698478679 0.0004776384659382235 0
0.0009170079485958496 0.0004768889735333969 0
0.0006155223460632749 0.0004725723937268174 0
0.0004817720697544603 0.0006045462858393291 0
0.0004318128002493768 0.0005048813916417799 0
0.0004708333322148378 0.0005173677074455216 0
0.0004732912810212721 0.000516825714581645 0
0.0004715743574176541 0.0005149710532876611 0
0.000474023373712779 0.000514424482763911 0
0.0008678060222880908 0.000673316773939003 0
0.0008819675881859116 0.0006837268676802614 0
0.0008538405744212752 0.0006624148659996392 0
0.000933326601740951 0.0004777181105090389 0
0.0009328769196471948 0.0004803682500308649 0
0.0008815496533357965 0.0007028073924984675 0
0.0008993928393114702 0.0006923828172881994 0
0.0008975084540070642 0.0007144454949477831 0
0.000753245964838884 0.0005009508007008914 0
0.0007527015838002137 0.0005033908108002972 0
0.0009299576351131908 0.0004676471779786391 0
0.0004200764527605822 0.0004748211994263971 0
0.0004182812785927246 0.0004695418290040497 0
0.0005695133554918094 0.0005190037475587876 0
0.0005833719619359988 0.0006396725170798002 0
0.0007657168522906054 0.0004947680042226907 0
0.0007681021534800012 0.0004940194470490993 0
0.0007585609483841474 0.0004970136761142491 0
0.0008396155868573335 0.0004830110797091899 0
0.0008371818017742827 0.0004837387000302231 0
0.0006064142525647662 0.0006404497116224866 0
0.0006183176637817755 0.0006337455265822268 0
0.0007362146090853783 0.000588466973410882 0
0.0007354524879056377 0.0005797260926275349 0
0.0007300603459705767 0.0005148061258274991 0
0.0007295396641668161 0.0005172552979228449 0
0.0007313858777190128 0.000518988526570823 0
0.0007289854890841827 0.0005197098342153305 0
0.0007271528490601202 0.0005179796461027931 0
0.0007265775238351731 0.0005204055744008527 0
0.0007247536841220936 0.0005187226291554269 0
0.0007241692805765545 0.0005211615173018455 0
0.0009810949646817165 0.0005278970851089794 0
0.0009838133095114265 0.0005298230608149069 0
0.0005886739689685385 0.0005463788466981896 0
0.0008029301331439984 0.0005937639508801345 0
0.0008010626223198005 0.0004049347658767079 0
0.0004379940617391223 0.0004669735899579615 0
0.0004532935247982829 0.0005407753685347679 0
0.0009568539340540823 0.0004694911758502631 0
0.0007346717037336894 0.0004820286858820546 0
0.000732480112191795 0.0004831915789351041 0
0.0007368848081918514 0.0004812937743132952 0
0.0006975593065161544 0.0006846674858588922 0
0.0007844223184972956 0.000526192497101519 0
0.0004698254421585206 0.0005273965766529178 0
0.0005178597206459219 0.0003167463180452635 0
0.0007223118906879673 0.0005194510144249525 0
0.0007217389230832276 0.0005219580521511784 0
0.0008321407212399711 0.0004703332960530628 0
0.0007303622871628092 0.000481864174483997 0
0.0007302715088194314 0.0004843673478095187 0
0.0008390307548930346 0.0004461709305664585 0
0.0004954996666268437 0.0004863250597721643 0
0.0004932748274784943 0.0004852571154644037 0
0.000452916555051952 0.0004860444860089961 0
0.0004504970244096188 0.0004854175226792378 0
0.000738105069810183 0.0006727529104500713 0
0.0005161422833488522 0.0005097561175412141 0
0.0005166649404839258 0.0005073113609389744 0
0.0005140916012889419 0.0004954831897028959 0
0.0005225973027256521 0.0004903472370389653 0
0.0005290730764837432 0.0004866473829500366 0
0.0005291023577368747 0.0004891472118478133 0
0.0005312526284959717 0.0004878719396897236 0
0.0005312819108812294 0.0004903717680475536 0
0.0005334321844981077 0.0004890964951085197 0
0.0005334614663456097 0.0004915963236133023 0
0.0005313111922703604 0.0004928715966775945 0
0.0005356117403328556 0.0004903210505730572 0
0.0005355824585019251 0.0004878212220637456 0
0.0005377620143936817 0.0004890457775127021 0
0.0005377327325645706 0.0004865459490028942 0
0.0005399122884719959 0.0004877705044475681 0
0.0005398830066399358 0.000485270675938566 0
0.0005420625625492996 0.0004864952313827102 0
0.0005420332807172528 0.0004839954028737023 0
0.0005398537248073147 0.0004827708474297174 0
0.0005420039988850448 0.0004814955743647425 0
0.0005398208037273177 0.0004802648826819194 0
0.0005420214905566753 0.000478967225174813 0
0.0005397306415429628 0.0004776859839736386 0
0.0007963891644491557 0.0004964882535203838 0
0.0007958447834106673 0.0004989282636197402 0
0.000798230084661439 0.0004981797063787274 0
0.0009072643261941568 0.000485694465660885 0
0.000901529227209459 0.000495101330027468 0
0.0005354728414619889 0.0005046339722361462 0
0.0005375449816155187 0.0005159014579886983 0
0.0008820435057575692 0.0004938536746838245 0
0.0008668629190900306 0.0004931530967723525 0
0.0007118385262259658 0.000506716363413887 0
0.000681196690188233 0.0005022936557530053 0
0.0008923015513287517 0.0004989548995209062 0
0.000852179201521715 0.0004876413449443554 0
0.0006814830644947217 0.0005121254797028611 0
0.0007311716637640722 0.0004952062707734189 0
0.0007033835130254926 0.0005192812789237456 0
0.0007010850317964226 0.0005205727443705946 0
0.000703486013375754 0.0005218474899092364 0
0.0007011781003380013 0.0005232066340861441 0
0.0006988217031797744 0.0005218824085828469 0
0.000703549176811104 0.0005245821038603566 0
0.0006990442157625088 0.0005092750233342736 0
0.0005289056557856988 0.0005133300674686986 0
0.0009764923282247102 0.0005102256590455339 0
0.0008190454839341303 0.0005084309849654236 0
0.0006527173221472284 0.000503774216807067 0
0.0007226870482246145 0.0005002351844948842 0
0.0009491622479637874 0.0005016085174669815 0
0.0006666430575113042 0.0005210262641490916 0
0.0008098186268651637 0.000512286515139444 0
0.000874803612823065 0.0004992233977738408 0
0.0009474994198832665 0.0004952060749050904 0
0.0005332975350685347 0.0005058660607454221 0
0.0005333181683165099 0.0005033661458930557 0
0.0005311428619230725 0.000504598234402325 0
0.0006706427075844621 0.0005110993842968167 0
0.000637380914105137 0.0004822536248358873 0
0.0005836637985181475 0.000497120847716825 0
0.0008375065600087011 0.0005007270121864633 0
0.0008282725091322266 0.0005045758573614828 0
0.0008810860936967251 0.0005012923147667912 0
0.0008978635704131141 0.0004894335423277847 0
0.0008757610723229459 0.0004917847318462352 0
0.0008246862889724687 0.0004989773704100417 0
0.0008467300437018175 0.0004968739007803526 0
0.0008886451250371939 0.0004934430444091385 0
0.0008083947566692766 0.0005056790664900464 0
0.0008830738754514408 0.0005028084690124944 0
0.0008807669564789251 0.0005037718613871223 0
0.0008827547382328482 0.0005052880156332644 0
0.0007985666886030861 0.0004867282131229708 0
0.0008160169855953971 0.0004880613833056988 0
0.0007820773569654075 0.0005009795969435497 0
0.0009783269072060651 0.0005142056055703322 0
0.0009407108078327067 0.0004983485813834972 0
0.0006094342449446224 0.0005005362452985143 0
0.0005832098547297153 0.0005069618979755289 0
0.0006418541717881292 0.0005074157392990299 0
0.0005156789976569268 0.000512206710572209 0
0.0008008087623921961 0.0005158598839211154 0
0.0005592980456471048 0.0005035805729413121 0
0.0007088092536562439 0.0004942760241269636 0
0.000710919057474665 0.0004929348178335757 0
0.0005527303496569212 0.0005122757676781675 0
0.0009363153074170366 0.0005030967478114341 0
0.0007659246334187725 0.0005037794829553076 0
0.0007505044125627317 0.0004836957294587091 0
0.00056586523134678 0.0004948844778091878 0
0.0005507305894150499 0.0004935270299255063 0
0.0004887082452959057 0.000496853768744647 0
0.0004787697468344136 0.0005031065686455219 0
0.0007923384173359621 0.0005125972305929673 0
0.0005785204105816693 0.000514290155436333 0
0.0009035106632587798 0.0005128689152578889 0
0.0008900419761867126 0.0005167055689635372 0
0.0008878928713828192 0.0005151901162980558 0
0.0008902772488083443 0.0005142188067016463 0
0.0003292596530190341 0.0008205607661269273 0
0.0003608079492611972 0.0008149479769489036 0
0.0006548447676809475 0.0005075456854204043 0
0.0009636379631728156 0.0004852274580456353 0
0.0005421992158999192 0.0004761985543420847 0
0.0005396574442173632 0.0004749269740575656 0
0.0002057775559222521 0.0007537271454831147 0
0.0005907509043766099 0.0004860606993746016 0
0.0006877343418263852 0.0004853742244894869 0
0.000368495962748685 0.0004002552382700673 0
0.0003758532667337616 0.0004360179180774407 0
0.0003775019318334977 0.0005530243350200805 0
0.0007806942239011682 0.0005649512352597949 0
0.000570310204087133 0.0004773689110860493 0
0.0005726434927071216 0.0004759753882429328 0
0.0009664654114482341 0.0004790561269678701 0
0.0006633596173851628 0.0004309570327754682 0
0.0008595670798656082 0.0004132933090745736 0
0.0004947132019034688 0.0005166697643436587 0
0.0005980845313097584 0.0004138312258040091 0
0.0005989365567164763 0.0004046295700830615 0
0.0005899930691488634 0.0003993884941483217 0
0.0005999032157384 0.0003945537372844753 0
0.0005905691863972472 0.0003889016318375825 0
0.0006010036755749581 0.0003836218633072204 0
0.0009192331724828368 0.0005050967133221338 0
0.0009338249473466412 0.0004749116534320067 0
0.0009868839322349622 0.0005150592580629995 0
0.0009871224626885416 0.0005125706634349643 0
0.000259979579756479 0.0006189225068192942 0
0.0002364257927376036 0.0006209782469050218 0
0.0002258837468444421 0.0006442236679803506 0
0.0002105404523360381 0.0006227227066000851 0
0.0001990117023390536 0.0006479394394115316 0
0.0005204622192353049 0.0005867444527612554 0
0.0005135663470958882 0.000581838464758826 0
0.0006268628919953945 0.0004910149675692342 0
0.0006268378855492399 0.0004935148425016347 0
0.0006268878984362902 0.0004885150926367805 0
0.0006993986914480958 0.0005587496085828599 0
0.0004756324110889193 0.0004128031969150507 0
0.0007157049376213264 0.000439912681027891 0
0.0005377912962286499 0.0004915456060209097 0
0.0004155187081640959 0.0005387780508258368 0
0.0004193168516325041 0.0005433187840638637 0
0.0009612983306917415 0.0005494715051859046 0
0.0006812612372474206 0.0004847716880461902 0
0.0006059146225982508 0.0006143997218318775 0
0.0005527097278759421 0.0005147757028392978 0
0.0005505553851573381 0.0005135084598161823 0
0.0009130064816109294 0.000500916002961329 0
0.0009108408850001222 0.0005020220675242317 0
0.0009152511300392653 0.0004998152970805027 0
0.000738172064607892 0.0004723355818832825 0
0.0007407240580060838 0.000474061624089794 0
0.0007331086424991549 0.0004684754145691955 0
0.0005276264886837059 0.0004688271116798769 0
0.0005275850587459206 0.0004651838377895256 0
0.000582709441778955 0.0005194012146117097 0
0.0005549119114669385 0.000516037309804642 0
0.0006408964260176686 0.0003786252461398621 0
0.0008688980757650172 0.0007828716116842884 0
0.0008659999774589648 0.0008112696045519854 0
0.000948536149701271 0.0004803084187740956 0
0.0005883809507461558 0.0005515889914599541 0
0.0007687992311916074 0.0004469934371649756 0
0.0009676939105666972 0.0005143676861728757 0
0.0009678918747087397 0.0005118757266944068 0
0.0008420213197428795 0.0004823179629833489 0
0.0008426153579174069 0.0004799162752732517 0
0.0009099360823844323 0.000461051710910369 0
0.000959217916260072 0.0005376964843423889 0
0.0007198534055129901 0.0005202196681977902 0
0.0007192729367814202 0.0005227384662500743 0
0.0009675541654209966 0.000460884732414199 0
0.0009679922422304677 0.0004563945715785531 0
0.0009716880773107504 0.0004588936678224519 0
0.0009721610143952667 0.0004543393111729009 0
0.0009759490677874712 0.0004571238565684766 0
0.0009754653877768185 0.0004613375951403063 0
0.0009764627361140196 0.0004522959224783582 0
0.0009723580557258126 0.000449324606976618 0
0.0007767413099053991 0.000467193986054954 0
0.0004147088168596032 0.0004741841870407057 0
0.0004126679624803821 0.0004687788194982266 0
0.0004086818837608767 0.000473024848960759 0
0.0004363963577212718 0.0005189655965330189 0
0.0007508606635876947 0.0005016993579422028 0
0.0007503162825491287 0.0005041393680414955 0
0.0007484753623368704 0.0005024479151831153 0
0.0008224415251158752 0.0004793121799210698 0
0.0007432648217527819 0.0005831558294105209 0
0.0007423433333249533 0.0005747025963290999 0
0.0007498682172946639 0.0005780822069301309 0
0.0007489999605517465 0.0005701262330870334 0
0.0006628948936511533 0.0005472125689680101 0
0.0006596041876104683 0.0005435466234186738 0
0.0006659256067794415 0.0005507887935814949 0
0.0008967799757360786 0.0003011902711715247 0
0.0004064147658282437 0.0004670013578152019 0
0.0003564435927859735 0.0005959786606421409 0
0.000679358757863389 0.0004642687538006774 0
0.000474591174535161 0.0004865832251162003 0
0.0004727503564803723 0.0004882756346115143 0
0.0006277681615435376 0.0004484036321838501 0
0.0006069938631935951 0.0004706994088346934 0
0.0006169855039090994 0.0005694878482739023 0
0.0006163295832231779 0.0005767131386790592 0
0.0008444344717610381 0.0004816224600206639 0
0.0003483580636142455 0.0005592566426678428 0
0.0009696228165947962 0.000568405401785703 0
0.000962979462703519 0.0005715260291185031 0
0.0008804478192622262 0.0005062514080068542 0
0.0005185208311850111 0.0005089863708118243 0
0.000518954259463014 0.0005065371277373043 0
0.0008513585243798887 0.0004721991178263169 0
0.000704696530889086 0.000499456333230895 0
0.0007173211893743406 0.0005209719787030473 0
0.0007167132130139061 0.0005236034946894404 0
0.0005818608302829824 0.000761773140052981 0
0.0005577633442888073 0.0007687721090094673 0
0.0005768259172463636 0.0007872166450812445 0
0.0005499659943106794 0.0007949258443237094 0
0.0005714865899556662 0.0008151056065873642 0
0.0005429417565099275 0.000823712209871536 0
0.0004650573697899533 0.0004617248945820195 0
0.0009193792267552473 0.0005026367371256106 0
0.000956151201474828 0.0006090376482253145 0
0.0004815382294194992 0.0004675714777412455 0
0.0007282437543597414 0.0004830508463829836 0
0.0007280835655702309 0.0004855468659276536 0
0.0007257946569257995 0.0004840939113537231 0
0.0007258409020045577 0.0004867029972716747 0
0.0007236325314297241 0.000485506234050866 0
0.0007236502891203801 0.0004878745000492176 0
0.0006010636644573586 0.0005398812161985931 0
0.0005334907481064741 0.0004940961521417604 0
0.0006070901688863786 0.0004671861676827833 0
0.0008007162709139778 0.0006380397894462629 0
0.0005053023448664003 0.000500180932943773 0
0.0007187744846131588 0.0005255111409368836 0
0.0007662612332126242 0.0004923279942511385 0
0.0007686465344440001 0.0004915794370315273 0
0.0005740096994381997 0.0004557868892460852 0
0.0001821131003188512 0.0006243235898843503 0
0.0002120058829713483 0.0003626013763262391 0
0.0006703889020791972 0.0004763123383744212 0
0.0006678910365282122 0.0004748205377477352 0
0.0001692548974319306 0.0006515678099466199 0
0.0008692715977107967 0.0006560934252050284 0
0.0008570065301703266 0.0006463145370968075 0
0.0005018862706832607 0.0004846623769308282 0
0.0005039772972699736 0.0004832932260244801 0
0.0004358753540133563 0.0005286251664025367 0
0.0001809555545105571 0.0003521988086033035 0
0.0001742082561472596 0.0003220435476741839 0
0.0007110257469809504 0.000495432529875251 0
0.0007131354964242002 0.0004940912722323432 0
0.0005214398956719036 0.0008021043125447786 0
0.0005133192967364625 0.0008320920489181081 0
0.0004915425209748491 0.0008100127295479133 0
0.0006580282176330498 0.0005481626320726095 0
0.0006548315808423493 0.0005443841861408075 0
0.0005311634951710543 0.0005020983195499586 0
0.0005289881887776136 0.0005033304080592259 0
0.0005290308026892797 0.0005008380533181831 0
0.0005308671047881213 0.0004670114498668899 0
0.0003347111417840213 0.0003969374477815029 0
0.0009771096575316421 0.0004469785306581047 0
0.0009725533419404368 0.0004438216685385589 0
0.0006228804897837007 0.0005802889743719045 0
0.0004278925994929764 0.0004212379888017648 0
0.00043405957095393 0.0004161891133121554 0
0.0006531030660678509 0.0005491145148898639 0
0.0004268550989984131 0.0004675094608411356 0
0.0009288079071814046 0.0005138819795338333 0
0.0005309881423180003 0.0005195431326911359 0
0.0007342347787579501 0.0005720307988712663 0
0.0005268569946453313 0.0004433899851428101 0
0.0005210087807043189 0.0004396577550135153 0
0.0008843570891538402 0.0002204228184121372 0
0.0008621758319122019 0.000205584870377364 0
0.0008371546431640587 0.0002191232237559065 0
0.0008382438371404986 0.0001915079912284016 0
0.0008611217463582606 0.0001771589835920613 0
0.0008125643345705666 0.0002056596284404401 0
0.0008124190211055361 0.0001761767761238577 0
0.0007852275937730221 0.0001911317408995618 0
0.0007858670149282371 0.0001595742111247715 0
0.0007571721935885546 0.0001756237292471891 0
0.0004723245355809797 0.0005125887059501511 0
0.00046987635212608 0.0005131233644860077 0
0.0004747642790916154 0.0005120368620015821 0
0.0004764620591573069 0.0005138704677112652 0
0.0005926923072397341 0.0004731577655341949 0
0.0007161223707826757 0.0003958815275963421 0
0.0009797861875596382 0.0005206289686708542 0
0.0007183668391149119 0.0005103434578463872 0
0.0006907394785745123 0.0004423793582654737 0
0.000520607352079524 0.0004842808554417174 0
0.000247299086137833 0.000806583338023418 0
0.0007976857036229525 0.0005006197164780832 0
0.0007953004023721813 0.0005013682737190914 0
0.0008000710048737243 0.0004998711592370689 0
0.0005832981636710566 0.0004448767261538637 0
0.0005449072154523402 0.0005558411493125824 0
0.0007333762429888684 0.0005013522304299052 0
0.0008384398779907622 0.0008226546494437797 0
0.0005206847079817186 0.0005080982373117271 0
0.0005843634566396676 0.0004868100425595044 0
0.0006881694011868943 0.000472757656270877 0
0.0007441727828958271 0.0005917379548441724 0
0.0004934278107862993 0.0004877238435920847 0
0.0004911826650057989 0.0004866255991364541 0
0.0004956628531267112 0.0004888110601314808 0
0.0005971554556706921 0.0008058323306372862 0
0.0005935681866512621 0.0008357613819693273 0
0.0006245117427807335 0.0008205968543084497 0
0.0005840302269535866 0.0004742386935134856 0
0.0004261266455611912 0.0004127481215501922 0
0.0004334787555167499 0.0004069186112012218 0
0.0004240881888286752 0.00040343591535541 0
0.0005171727254417266 0.000504865854401729 0
0.0005198628345007089 0.0005040651880706127 0
0.0009622429612934739 0.0005242597497255505 0
0.0005695185016224835 0.0005302428333233118 0
0.0008908246693008627 0.0004742351932354543 0
0.0008933230992631925 0.0004761940002929002 0
0.0008905878078577262 0.0004772858840361024 0
0.0008927217809984484 0.0004790224205963423 0
0.0008902635738322253 0.0004800155517356877 0
0.0008953325641535347 0.0004781396343224957 0
0.0008922524168323284 0.000481619790884056 0
0.0008899008739460187 0.0004825513816345715 0
0.0008879144203803623 0.0004810230902884365 0
0.0008875836787875257 0.0004835067745951866 0
0.0008856331251530251 0.0004820699262394759 0
0.0008852829886223934 0.0004844832909870917 0
0.0008833555381935131 0.0004831067551211355 0
0.0007510433017903697 0.000542694384125221 0
0.0007519857281545799 0.0005382632688425336 0
0.0007501648579375377 0.0005474076194526532 0
0.0007454088704662517 0.0005488488953477595 0
0.0008551919138416946 0.0004594760809614463 0
0.0008591039265678719 0.0004576433398073661 0
0.0007507346342689293 0.0005222898058749796 0
0.0007707305421770011 0.0004274041825608808 0
0.0005221669036033239 0.0005278120746571173 0
0.0008509517938523614 0.0004616606331983929 0
0.0009795711771719551 0.0004598379761067251 0
0.000979139441336445 0.0004643268675920198 0
0.0005745664568960773 0.0004899561239028439 0
0.0005635661251427572 0.0005111160554048181 0
0.0009864704328635457 0.0005252763897143265 0
0.0005322545792196532 0.0004250539651573228 0
0.0005386607663413116 0.0004211357275472963 0
0.0005372523560593483 0.0004764117957540457 0
0.0007059532592662635 0.0005231105630367432 0
0.000706111122196649 0.0005260224479208097 0
0.0006254643892633252 0.0004297405487777919 0
0.0006253227594396546 0.0004221140047130836 0
0.0009214258618029042 0.0005040733925698849 0
0.0005075311581891978 0.0003857480392602154 0
0.0004910645100860133 0.0004842272967511992 0
0.0004889540765853803 0.0004855547898149674 0
0.0007895389407676026 0.0003375980086608321 0
0.0008467199634853936 0.0003091731677591403 0
0.000618222049897073 0.0006476235651638326 0
0.0006302465342534218 0.000640433626776342 0
0.0009260288592659177 0.0004315977547025997 0
0.000945268009046863 0.0004448545682989554 0
0.0006056775619189897 0.0006548154824303146 0
0.0006704426551735618 0.0006018410435474508 0
0.0009067603848226552 0.0004581884656848792 0
0.0008275947553672194 0.0005668742802529356 0
0.0008859775211254937 0.0004626135584472921 0
0.0007597790381739076 0.0004343089878523031 0
0.0005047721621603992 0.0005111598047160026 0
0.0004020284295036994 0.0004720810646997073 0
0.0009360042772668869 0.0004767667449884622 0
0.0009365585276385714 0.0004739538336962937 0
0.0006556675234393627 0.0005285046703131088 0
0.0006529664308472097 0.0005302494090775023 0
0.0005141456372853553 0.0005736614116236057 0
0.0005069947146288006 0.0005770005149061073 0
0.0004829233358881705 0.0008402297546919212 0
0.000477202715718824 0.0005114839354416027 0
0.0004789007975284042 0.0005133192666989858 0
0.0004873367073937106 0.000518657586112351 0
0.000488065936307315 0.0005162135824034969 0
0.0005746797872650553 0.0004799651056503053 0
0.0007837007309721893 0.0005422374181501978 0
0.0006705326945130475 0.0004734325901057366 0
0.0006679445365795095 0.0004718431417594395 0
0.0005509629720037494 0.0005303757688815975 0
0.000437061990683401 0.0007133867704690625 0
0.0004504570113647484 0.0007303641410203919 0
0.0004286262675014569 0.000734047222903194 0
0.0009130912523271053 0.0004639927550244817 0
0.0005375243483675417 0.0005184013728410657 0
0.000539699654760978 0.0005171692843317857 0
0.0003995093636955096 0.0004656758489181819 0
0.0007889390945002306 0.0005205195600667031 0
0.0005745251903284483 0.0004949559536069711 0
0.0005745045570441482 0.0004974558684590583 0
0.0004979218538921659 0.0006220671408293243 0
0.0007397849245261139 0.0004901235435472797 0
0.0001916694456098847 0.0007867095260514106 0
0.0005077590325513392 0.0005324348683183063 0
0.0006987737255734958 0.0005245563614220655 0
0.0006963145660765944 0.0005232201314200866 0
0.000468111918754396 0.000458956164545253 0
0.0008824356010163298 0.0005077675622528955 0
0.0008847425199864894 0.0005068041698795601 0
0.0004932911381023033 0.0006337314751558552 0
0.0008122994792748865 0.0003756058783066098 0
0.0007242670216953209 0.0007297172817358074 0
0.0007829035084675413 0.0004290979685888233 0
0.0007888643836798222 0.0004332795470437569 0
0.0006632361181425205 0.0004376368699252172 0
0.0006106508579125792 0.0005730886699919476 0
0.000609599371728925 0.000580622661147498 0
0.0008731656831197599 0.0005207093357670213 0
0.0007410196515769015 0.0004709200185595551 0
0.0007435813900737811 0.0004727911621622126 0
0.000743260720036063 0.000475825956176383 0
0.0007460454902883841 0.0004746217369852406 0
0.0007464626235739086 0.0004715111518091493 0
0.0007490084225847292 0.0004734894968064552 0
0.0007494443214059482 0.0004702653985191997 0
0.0007524010510490925 0.000472846529053084 0
0.0007525630264255464 0.0004690367298977592 0
0.0007025867948540262 0.0005007976035504289 0
0.0007003703534815839 0.0004996411468840012 0
0.0006497986923292061 0.0005451937313504567 0
0.0006480761383159662 0.0005500257839804207 0
0.0005308200121465702 0.0004632655356172373 0
0.0005343498032507122 0.0004650609952396169 0
0.0005278871766502597 0.0004613578981521459 0
0.0007215174119333016 0.0004865977322028066 0
0.0007215462001234736 0.0004889826073170529 0
0.0008359583780831643 0.0004654934565464139 0
0.0007304397546301867 0.0004140929385106297 0
0.0004891082164561128 0.0004880212069934296 0
0.0004868976428031375 0.0004869744908942251 0
0.0005224799511057161 0.0005170273169461525 0
0.0006651984438124811 0.0004733956035540304 0
0.0006651644339752622 0.000470213892551923 0
0.0006622568092784125 0.0004719205514549764 0
0.0006622592083656313 0.000468539261331377 0
0.0006592169071421365 0.0004703318377053978 0
0.0006591438742288457 0.0004667282284165197 0
0.0006623227336696906 0.0004648756031619292 0
0.0006589655173204735 0.0004628927871622271 0
0.0006561760858543852 0.0004686626251880771 0
0.0006625202856670606 0.0004608396128956561 0
0.0006586284138926459 0.0004587053536418148 0
0.0006543992836097732 0.0004608845015565207 0
0.000668263297081018 0.0004687283781241931 0
0.0006628112894181077 0.0004564545883378421 0
0.0006583980859667466 0.0004540989323969493 0
0.0009286749689885055 0.0004885598272120945 0
0.0009306107972087963 0.0004901025670841503 0
0.0009302509168135358 0.0004925097163589369 0
0.0005912962318453972 0.0003775336073513039 0
0.0005807162704665128 0.0003831050322921147 0
0.000882981470005903 0.0004854597673325003 0
0.0008810204463315498 0.0004840030366438413 0
0.0008630590043780594 0.0008421939709405045 0
0.0008407651426359104 0.0004923217570496553 0
0.0006549447934516128 0.0004975461856898175 0
0.0006527673350326042 0.0004987744669419578 0
0.0006592997102843369 0.0004950896231616156 0
0.0005549267369088623 0.0005085445545288894 0
0.0007545425040124174 0.0005050822636587476 0
0.0007593131065222592 0.0005035851491679514 0
0.0005679758575814561 0.000483353126555208 0
0.000596234875956611 0.0004428013075287709 0
0.0005680818042304082 0.0004886525596326709 0
0.0007767623755700298 0.0005049167191738739 0
0.0009271525539794082 0.0004654520307334548 0
0.0003830847267482649 0.0005430620498966931 0
0.0004511668501027344 0.0004878171016920205 0
0.000448744600163676 0.0004871990353674204 0
0.0004535810481310775 0.0004884340579452493 0
0.0004161044695704674 0.0005237005502879503 0
0.000652848816995049 0.000518673455419841 0
0.0007550189325394032 0.000488746161790188 0
0.0006569972196573651 0.0005088172791012674 0
0.0006591746780764929 0.0005075889978496882 0
0.0006662340769424906 0.000538181792623847 0
0.0005702206471473136 0.0004745318275061644 0
0.0005729082720461464 0.0004730405383267798 0
0.0005441589870745976 0.0004827638572858467 0
0.000737048874414766 0.0005265028144483665 0
0.0009749967154243668 0.0005587827678514093 0
0.000542196727039807 0.0004729754032805259 0
0.0006724144735050339 0.0004827201848269683 0
0.0006723894670491198 0.0004852200596891001 0
0.0004102544235035295 0.0005242853953198272 0
0.0004077893675584757 0.0005300435967715417 0
0.0004037590715125057 0.00052498890145512 0
0.0009698283467709747 0.0005759232275075606 0
0.0009626107477026169 0.0005790721201092927 0
0.0004759177086175471 0.0003831288185425535 0
0.0004797188665480305 0.0005109617300338381 0
0.0003722344446411104 0.0005444639826122248 0
0.0006423483577763174 0.0005860791306158245 0
0.0005055827732678896 0.0005177245963421969 0
0.0006548197612382328 0.0005100455603528418 0
0.0006526673092618193 0.0005087739666719717 0
0.0006293165230956468 0.000528294020968882 0
0.000150583361963566 0.0006255269606021542 0
0.0008923143148106018 0.0007994451289394045 0
0.0004510147553656694 0.0005901014793536482 0
0.0004868408986945464 0.0004844688590781915 0
0.000520808729558296 0.0004327751127514108 0
0.0005154338586211215 0.0004365364539019801 0
0.0005592549871661899 0.0005135917764466244 0
0.0006247104400134141 0.0004897433738883132 0
0.000624735446455201 0.0004872434989558688 0
0.0004706266854284812 0.0005107513300245408 0
0.0004681896761849568 0.0005112948444417244 0
0.000431119140493995 0.0004802550804459838 0
0.0003198472246750065 0.00058684755418764 0
0.0003107915235716463 0.0005737040126395834 0
0.0004720618159743438 0.0004601326387746327 0
0.0009697667184583511 0.0005849200515519969 0
0.0005502660405301878 0.0004356531974595782 0
0.0007252729238115419 0.0005162512777198298 0
0.0003412685939768578 0.000440649745656485 0
0.0002879070039129278 0.0003967061956887293 0
0.0002732970932990417 0.0004105059322879105 0
0.0008488980466615581 0.0005572371155128671 0
0.0009388421602331797 0.0004758113760704678 0
0.0009393702363310425 0.0004728925325811965 0
0.0007563531084791521 0.000573335286262126 0
0.0006085772890894243 0.0004005914540877274 0
0.0009325590984098788 0.0004915488564043968 0
0.0009329105303205157 0.0004891465601371027 0
0.0009322304067122121 0.0004940115698970034 0
0.0004257439594938507 0.0004480525071816872 0
0.0005826650209265857 0.0005939708136560474 0
0.0008709376773570254 0.0006404886204971657 0
0.0008591057872311995 0.0006320071976108289 0
0.0008830732570356007 0.0006494300825276432 0
0.0006301331266352378 0.0006267811100777074 0
0.0006420227593341042 0.0006332946031627424 0
0.0004751320344268072 0.0004890380909041782 0
0.0004713728068063139 0.0004969801330899957 0
0.000989158379167247 0.0005140215343800031 0
0.0009893969107326768 0.0005115329398585319 0
0.0007330358044675255 0.0005116787673162619 0
0.0005124305705807 0.000506406334604484 0
0.0009163531644752248 0.0007060464323863801 0
0.0009142762039180959 0.0007272194376728936 0
0.0005839293020746814 0.0005486634841822815 0
0.0003996676462707111 0.0006181333070877466 0
0.0003862466704499546 0.0006196210304971638 0
0.0008801201161899161 0.0005087104430086253 0
0.000878139472649123 0.0005072113817773914 0
0.0005077148415283442 0.0005692503136063198 0
0.0005008526468155802 0.0005723087091797581 0
0.0005016344055901821 0.0005650588928691679 0
0.0004950483045570297 0.0005679043031395811 0
0.000495793959948072 0.0005610734272973569 0
0.0004894325887013136 0.00056373289198371 0
0.0004885569244083409 0.000570712957618525 0
0.0004829785227803447 0.0005663978329817098 0
0.0004819651890358498 0.0005735204587671934 0
0.0004880816714392825 0.0005778839772425686 0
0.0005155901819905044 0.0004430759846294488 0
0.0005093759973424168 0.0004397301563936153 0
0.0006932830538057468 0.0005601882759362019 0
0.0006975328642437976 0.00056488725445495 0
0.0007040879996480775 0.0005632085617584689 0
0.0007159895332197028 0.0005264352366413881 0
0.000537573073095884 0.000481634851353805 0
0.0008219551855342856 0.0003825641434665932 0
0.0008211215112281609 0.0003940750747573367 0
0.0009110058212535848 0.0004566631109702125 0
0.0007479309812982676 0.000504887925282448 0
0.0007460900610860474 0.00050319647242403 0
0.0007497719015104812 0.000506579378140875 0
0.0002227982001653916 0.0005989189617417572 0
0.0009131755665626358 0.0004984217272657007 0
0.0009154202150136698 0.0004973210214319289 0
0.0007147674201634067 0.0005217516805856735 0
0.0005327828822188684 0.0005390236893586163 0
0.0005322150288237246 0.0005434703402257245 0
0.0003413491370974949 0.000347940374298903 0
0.000550534919953449 0.0005160086714210034 0
0.000548380218812886 0.00051474079558812 0
0.0005317927420138298 0.0004170919635427118 0
0.0005387506894223199 0.0004129186839504196 0
0.0005313187982061696 0.0004086079428760403 0
0.000539004604300231 0.0004038059320578881 0
0.0009593887398875183 0.0005608786914086719 0
0.0005295168227480482 0.0005672032517011949 0
0.0009806339926921536 0.0005311373146653565 0
0.0009833907415374517 0.0005332920884274521 0
0.0008515958428379104 0.000456892589325047 0
0.000847367852274099 0.0004584757994889294 0
0.000956148358683943 0.0005744822133584883 0
0.0007469327467347084 0.0003433888321894106 0
0.0004257205156181678 0.0005422320288818642 0
0.0004234058536412029 0.0005478730318308191 0
0.0004172192065412325 0.0005492254530968159 0
0.0005835451399180708 0.0005541288731338384 0
0.0005882966652156842 0.0005572329877815748 0
0.0005063417419872574 0.0005847739826819273 0
0.0007811081292827039 0.0004425813570039831 0
0.0006019849091360031 0.0003718268118384088 0
0.0009306255234640919 0.0004640332694716471 0
0.00086267531800977 0.0004603984227480658 0
0.0008632289671226418 0.0004558258621262029 0
0.0008668164400883901 0.0004587840501436497 0
0.0008676462853213912 0.0004541256683345297 0
0.000617444488389055 0.0008579016803094509 0
0.0006498069749144798 0.0008471295623343722 0
0.0007035149249780467 0.0005275327984080419 0
0.0004588562911868513 0.0004831308032051286 0
0.0004595062411645437 0.0004855424006985287 0
0.0004612704534038498 0.0004837710288433117 0
0.0004618312775133288 0.0004862087403665482 0
0.0004611747966128857 0.0004968493089883917 0
0.0004601428205439581 0.0004879596496410674 0
0.0004624655251548777 0.0004886268831919535 0
0.0009417223697324106 0.000474817405135406 0
0.0009422493278647926 0.0004717747281947613 0
0.0009397339752219664 0.0004699607966652176 0
0.0005700913124319784 0.0004714364747838013 0
0.000573082217884507 0.0004698278614707665 0
0.0005699781209774301 0.0004680691774960665 0
0.0008417355337050454 0.0002682885095044837 0
0.0006706393773508899 0.0003857562495676748 0
0.0006716422485794026 0.0003738275402785466 0
0.0006608892739517866 0.0003669803112004844 0
0.0006723506213324677 0.0003608406298236361 0
0.0006608702051850907 0.0003534304711476022 0
0.000683548391144078 0.0003683608476666648 0
0.0007308000339946851 0.0005214699609412774 0
0.0005908692015944338 0.0005300728395005133 0
0.000587692450207897 0.0005315877305657761 0
0.0003140376909764297 0.0004364449462939684 0
0.0008685131671127809 0.0004807033975625349 0
0.0008450294451873633 0.0004791979883399713 0
0.0008468507148970762 0.0004808795085349116 0
0.0005738097013235605 0.0005243693176384061 0
0.0003503644019909132 0.0008467544882173174 0
0.0006963215982574937 0.0005260565537809028 0
0.0006938687266314484 0.0005246225080902005 0
0.000394672778001522 0.0004715821650249586 0
0.0003919874947024537 0.0004641353554352818 0
0.0009233211954921984 0.0004953840800013987 0
0.0009254051461469517 0.0004968858583053633 0
0.0004352317981227805 0.0004807813470677565 0
0.000714838120009133 0.0004828681077145972 0
0.0006938573921930216 0.0005218075863337923 0
0.0006914498783955688 0.0005231381676659282 0
0.0007551413977883124 0.0005411193660845925 0
0.0007559510525105143 0.0005367777542030253 0
0.0007514050446263406 0.000499259347842827 0
0.0008820376300528761 0.0005102857382912059 0
0.0004319689504248655 0.0003972907112251499 0
0.0004222503967796208 0.0003932297568453747 0
0.0004414174003209736 0.0004012138113163643 0
0.0007132421961610509 0.0004965889939390769 0
0.0007153519385582269 0.00049524772963955 0
0.0005420918443815281 0.0004889950598916654 0
0.0005442421184592667 0.000487719786826684 0
0.0007257627348897235 0.0004890278092584664 0
0.0006729597626044901 0.0004775579530788869 0
0.000587918990966483 0.0005280826978121989 0
0.0005848043341245709 0.0005295339710348735 0
0.0005844787342622334 0.0005331300659446259 0
0.0005815512348485892 0.0005310075841930534 0
0.000581258197635626 0.0005346214306894735 0
0.0006020923219982841 0.0005493880467620178 0
0.0005038358187213312 0.0004807944520176145 0
0.0005060739835857062 0.0004819243091322527 0
0.0009010570817728376 0.0002591056779854325 0
0.0007148761662899145 0.0004853678141554686 0
0.0009169148569578428 0.0004741305155371858 0
0.0009143733480663471 0.000475719326214728 0
0.0004870368113555302 0.0004894206385547104 0
0.0004848876434006618 0.0004883702328061831 0
0.0006692774494752057 0.0004350736078002267 0
0.0006698403799962052 0.0004277803468127055 0
0.0005332385777584204 0.0005348902824786404 0
0.0005294801138433696 0.0005364568910895312 0
0.0009658326598333343 0.0005104580995773651 0
0.0009680906139843902 0.0005093829260277281 0
0.00096603152829792 0.0005079651587126549 0
0.0009682889707884512 0.000506890544923336 0
0.0009662298213567131 0.0005054728475353073 0
0.0009684871679462789 0.0005043983386938808 0
0.0009664279919068357 0.0005029806704516761 0
0.0009686853180782891 0.0005019061839592022 0
0.0009666261342012144 0.0005004885242994615 0
0.0009643688147113022 0.0005015630034774859 0
0.0009645669504723437 0.0004990708644777218 0
0.0009623096300990744 0.0005001453446228884 0
0.0009625077637159344 0.0004976532079705318 0
0.0009602504437461381 0.0004987276876739765 0
0.0009604485770851193 0.000496235551325842 0
0.0009581912571240176 0.0004973100310197633 0
0.0009583853780298905 0.0004948237228249266 0
0.000960672357513603 0.0004937411516727445 0
0.0009647600698887067 0.0004965842239961378 0
0.0009561314017196357 0.0004958933457719659 0
0.0009563254111617907 0.0004934071994781955 0
0.000528967555529632 0.0005058303229115957 0
0.0006269129048741731 0.0004860152177042941 0
0.0006247604528966232 0.0004847436240234213 0
0.0006289903375250811 0.0004947864361824991 0
0.0006268128791024426 0.0004960147174340304 0
0.000624660427126467 0.0004947431237531678 0
0.0006246354206831441 0.0004972429986855961 0
0.0006267878726594611 0.0004985145923664679 0
0.000624628551923945 0.0004997430550506827 0
0.0006267658891639495 0.0005010144975376787 0
0.000624607072253009 0.0005022429652616896 0
0.0006267356223405449 0.0005035143198501205 0
0.0006245636391918059 0.000504742655871235 0
0.0006267066680646282 0.0005060141552920747 0
0.0006245353949120596 0.0005072424984153358 0
0.0006266829602197394 0.0005085072463591395 0
0.0006447243701233414 0.0004863159570113486 0
0.000687863518792716 0.0005105984571773955 0
0.0005441909021081323 0.0004972121587339254 0
0.0008619403292656938 0.0004811857860296944 0
0.0006593744978787945 0.0004875892848135598 0
0.0006419551205375894 0.0004974162489849946 0
0.0009196650028727449 0.0004898745527703949 0
0.0006901564710107139 0.0005045074059260119 0
0.0006527923414753826 0.0004962745920097826 0
0.0007914107848507699 0.0004889738848460055 0
0.0007919516809346958 0.0004865376676536031 0
0.0007895692838127259 0.0004872830641388216 0
0.0007901100830923565 0.000484846952304945 0
0.0007877281538578043 0.0004855918395572857 0
0.0007882724999391865 0.0004831518675040688 0
0.0007907180540161836 0.0004824268216891788 0
0.0007858877548649322 0.0004838998194213201 0
0.0007864333269621303 0.0004814585130138646 0
0.0007840472127284221 0.000482207955078059 0
0.0007835026961927748 0.0004846481126479408 0
0.0007816618164102623 0.0004829566157871939 0
0.000781117419527201 0.0004853966431312322 0
0.0007792764912955812 0.000483705183109758 0
0.0007787321062797614 0.0004861451948893631 0
0.0007805730379460246 0.0004878366507312666 0
0.0007781877366048399 0.0004885852075557191 0
0.0007763468000609693 0.0004868937564953731 0
0.0007638759319526336 0.0004930765515021155 0
0.0009600523104731887 0.000501219823949824 0
0.0006506148830562371 0.0004975028732612992 0
0.000921300075543248 0.0005065031794874408 0
0.0006289153181930542 0.0005022860609797771 0
0.0007704874546529735 0.0004932708898935066 0
0.0009774515383576582 0.0005003245354595858 0
0.0009464636826523336 0.0005077255018504641 0
0.0009786125759776057 0.0004878961390357322 0
0.0009788556060178774 0.0004854174097489218 0
0.0009808877760418425 0.0004868600636359176 0
0.0009811309318419274 0.0004843816064389376 0
0.0009831624981558773 0.0004858229350416063 0
0.0009834010744091039 0.0004833344395868752 0
0.0009813340978660743 0.000481910761736833 0
0.00098364595615773 0.0004808457186380886 0
0.0009815278130261111 0.000479393656188911 0
0.0009838882836152403 0.000478317355738325 0
0.0009854342983308727 0.0004847865131673214 0
0.0009859881664491367 0.0004797921616564891 0
0.0009862375577584124 0.0004771972275557798 0
0.0009817293905826873 0.0004768421740263802 0
0.0009793332194200756 0.0004779200443983943 0
0.0009884063923592456 0.0004787209184809474 0
0.0009886826182397919 0.0004760156406258973 0
0.0009863660961437217 0.0004743981804566035 0
0.0009795326535113056 0.0004752115969363061 0
0.0009769262704041022 0.0004763849144830589 0
0.0009851972961191489 0.000487272531921965 0
0.00098746958232168 0.000486237372473458 0
0.0009872329234547764 0.0004887231888490579 0
0.0009895051191223707 0.0004876885270853055 0
0.000989268731154124 0.0004901740716682227 0
0.0007111324554461017 0.0004979302598139208 0
0.0005528340266123939 0.0004997770938388843 0
0.0005484627800971191 0.0005047411857366462 0
0.0009163121965776639 0.0005161745475463195 0
0.0009183812052137595 0.0005175547498989695 0
0.0009161334758210419 0.0005186663747127445 0
0.0009182831965756888 0.0005200264770766733 0
0.0009160764767484368 0.0005212009376350411 0
0.0009182182988739167 0.0005226256284208196 0
0.0009158439154963623 0.0005238673119725155 0
0.0009205029966963829 0.0005164415817588711 0
0.000559401697850291 0.0004910809921196044 0
0.000764291499236329 0.0005110995015242296 0
0.0006091327518573371 0.0005105319259587064 0
0.0006352785442673507 0.0005110841700351686 0
0.000700050229573977 0.0004921479584556994 0
0.0006979405057788632 0.0004934892403521754 0
0.0006978338079623636 0.0004909915204790685 0
0.0006957240704804224 0.0004923327894311843 0
0.0006958307715192868 0.0004948305123524614 0
0.0006956173713366133 0.0004898350683023086 0
0.0005917826283351002 0.0005124978910053267 0
0.0006176912709950236 0.0005133024964835275 0
0.0006439536065693564 0.0005136869096654506 0
0.0007672309599205459 0.0005168094849811078 0
0.0006224533016781238 0.0005034451700539842 0
0.0009180453727020139 0.0005254188437458368 0
0.0009154024848112663 0.0005266904431617653 0
0.0009128829748842222 0.0005246603134665374 0
0.0009124487158994893 0.0005279336397079608 0
0.0009152081687632712 0.0005298812224856485 0
0.0009121885555747668 0.0005313184611939086 0
0.000909343803251621 0.000529263988088274 0
0.0009090219444146588 0.000532775049293393 0
0.0009062470454099648 0.0005306062642747951 0
0.0009057583370625637 0.0005342091079751818 0
0.0009085700113894344 0.0005364427293644614 0
0.0009050917531709561 0.0005380391418173151 0
0.0009022330793529139 0.0005356097390100601 0
0.0009013764649626911 0.0005397065690968356 0
0.0008981615514794558 0.0005366144873813159 0
0.0009048575697826619 0.0005418176346401475 0
0.0008974396075147893 0.0005413641761529085 0
0.000893612059080812 0.0005379550075798771 0
0.0008932828475709126 0.0005430027597584735 0
0.0008895815096003426 0.0005401843042480319 0
0.0008971651057645251 0.0005463695277071628 0
0.0009150525269752868 0.0005333367977100981 0
0.0007457424103170839 0.0005146432062619298 0
0.0007579274721553012 0.0001424829631268407 0
0.0007294282918286051 0.0001595187656975268 0
0.000845992924012314 0.000636966193077895 0
0.0008484840432217115 0.0006237154211913576 0
0.0008602362965922591 0.0006189243654189214 0
0.0008507021712708138 0.0006113841672945298 0
0.0008612027268402243 0.0006070017536711581 0
0.0008522543039076334 0.0006000401897667121 0
0.0008422196672924397 0.0006040176603792537 0
0.0008438480015824806 0.0005935665110299735 0
0.0008533267017570788 0.000590079432959666 0
0.0007361703528376385 0.0005175409291962516 0
0.0005810588867960675 0.0003708701216430691 0
0.0005669559392135758 0.0005615683403621598 0
0.0004692681355097276 0.000482661841847764 0
0.000971550688340406 0.0004934979068171255 0
0.0003284743212840359 0.0006003741817875416 0
0.0009831742863198308 0.0004623105740146555 0
0.0009836519430695481 0.0004581130758939065 0
0.0006077866177733798 0.0004817414212384742 0
0.0006056239980688229 0.0004804389490853748 0
0.0006055873925570486 0.0004829505123520181 0
0.0006034318093733363 0.000481667989233357 0
0.0006033981632419813 0.0004841690973415198 0
0.0006034554266765924 0.0004791674845164169 0
0.0006012484693896224 0.0004828903094659375 0
0.0006012152429254914 0.0004853898165886624 0
0.0005990667704039205 0.0004841112124354168 0
0.0005990995090048054 0.0004816118696825043 0
0.0005990336727742363 0.0004866109311482351 0
0.0006011818762597994 0.0004878894384797943 0
0.0005990288278217492 0.000489111047248462 0
0.0006011536009964855 0.0004903892506163237 0
0.0005990217533558426 0.0004916111604224018 0
0.0006011256693403489 0.0004928890924191466 0
0.0005989656054136672 0.0004941106332572129 0
0.0006010896160329506 0.0004953888324558173 0
0.0005989077129348261 0.0004966100854082665 0
0.0006010519183618493 0.0004978885520846131 0
0.0005988697412028714 0.0004991098016361759 0
0.0006010172667543627 0.0005003883123253407 0
0.0005988355972726544 0.0005016095686455582 0
0.0006009837607911087 0.0005028880877983036 0
0.0005988022822500984 0.0005041093466572338 0
0.0006009505839198354 0.0005053878676436916 0
0.0005987691602274896 0.0005066091272313616 0
0.0006009174940638857 0.0005078876486448921 0
0.0005967095285566144 0.0005029308711772134 0
0.0008251301958422365 0.0008561444012047854 0
0.0006032893457424665 0.0004916542471870226 0
0.0006424951871987487 0.00064729630042593 0
0.0006545458831899704 0.0006397446994512177 0
0.0001692328717534186 0.0007566844039573254 0
0.0003866057991698287 0.0004705854347032929 0
0.0005701836851393485 0.000376829605302834 0
0.0008909422283542021 0.0005967700138752738 0
0.0007063198591129695 0.0005291333756049139 0
0.0009778181697768238 0.0004413192183275599 0
0.000972864171983536 0.0004377475548230199 0
0.0009672922504356279 0.0004406319694226068 0
0.0009671843529871997 0.0004344226043186098 0
0.0009734600697959546 0.0004311305889533242 0
0.0009678267181728447 0.0004270478041445395 0
0.0009608509071305843 0.0004310936537788605 0
0.0009610306209639444 0.0004232113008143058 0
0.0009684992125572973 0.0004192999579637656 0
0.0009616359575474548 0.0004150273669534953 0
0.0009539421374732883 0.0004190401815322102 0
0.0009543242977950333 0.0004103264069526786 0
0.0009467488986600861 0.0004146823399873942 0
0.0009467805941144007 0.0004056318885725904 0
0.0009548651796059258 0.0004010170178979648 0
0.0009464570199189129 0.0003955389474758666 0
0.0009555104323694132 0.0003905575365902194 0
0.0009462798884375338 0.0003846558711707222 0
0.0009385590864948481 0.0004012213529512151 0
0.0009564102526491803 0.0003793098813258398 0
0.0009463823540530622 0.000372932895803153 0
0.0009363082047704346 0.000378499361825768 0
0.0009361268654493045 0.0003662829721088025 0
0.0009468567413208693 0.0003599788584952236 0
0.0009351017749498025 0.0003526994177337519 0
0.0009475259242082521 0.0003454753588861444 0
0.0009228034391766637 0.0003606341602056837 0
0.0004042669844193606 0.0004601400794819822 0
0.0007301619998933695 0.0004868126321870653 0
0.0008340649407162249 0.0005969534377283696 0
0.0004762689235617377 0.0005690954134739077 0
0.0004754554086737491 0.0005766977654008897 0
0.0006224829687067021 0.0004959714050047316 0
0.0006417571752900903 0.0005198671502692454 0
0.0008414381596985564 0.0004847238685280466 0
0.0008322641642654868 0.0006070130678331493 0
0.0004283276717500611 0.0005184877118809151 0
0.0006188836813714729 0.0004262108969485741 0
0.000894885261992414 0.0005345667027884285 0
0.0008671906977147434 0.0005191665378508948 0
0.0007048032347933007 0.0005019540588616809 0
0.0004167659291709833 0.0004794657139147257 0
0.0001870039771662633 0.0003819890994004039 0
0.0001572992688660825 0.0003720277176475029 0
0.0007830949093222061 0.0005163737047899755 0
0.0009450991123793179 0.0004740406058788058 0
0.0009452956169097729 0.0004706813311876591 0
0.0007181989690578214 0.0005283809507775891 0
0.0005177572238020694 0.0005024164430835748 0
0.0005200888032916624 0.0005016521029646685 0
0.0007152505932954939 0.000492758430436752 0
0.0003839714425385837 0.0004625125438015447 0
0.0004060163477354468 0.0005780025733149955 0
0.0009246526715111752 0.0004852083137797607 0
0.000934562974741386 0.0003376657892458373 0
0.0006225931263516454 0.00048844938902685 0
0.0005968079618448558 0.000495284087074657 0
0.0004719652466651243 0.0006397296396335746 0
0.0007971413225844632 0.0005030597265774366 0
0.0007947560213336828 0.0005038082838184352 0
0.0005678920641455083 0.0004787211701965759 0
0.0009772226153795032 0.0004734663767603038 0
0.0009744436846039191 0.0004747419094375189 0
0.0004624266584260077 0.0008177669652475845 0
0.0004498742871237609 0.0008504343732359749 0
0.0009183821224062039 0.0006887026995943518 0
0.0009897463011223195 0.000485196122927186 0
0.0004549004875988533 0.0005365280523104007 0
0.0004591128699273924 0.000535803651074415 0
0.0004507680200258308 0.0005368600259404394 0
0.0006559357217966662 0.0005318582316349328 0
0.000831146114405859 0.0003894433292021534 0
0.0009784235514397445 0.0005260856457897234 0
0.0007343750681341848 0.0004843994143367055 0
0.0005103111977182443 0.0005160965091329872 0
0.0007553942514222967 0.0005657675287897224 0
0.0004801662566853525 0.0004816730155793953 0
0.000755200329047924 0.0004710305963571927 0
0.000755892060767701 0.0004676490603520753 0
0.0007528610340440776 0.0004653774200149712 0
0.0004903885501575883 0.0005571620354317794 0
0.0006020357031736598 0.0005547343438171048 0
0.0009699517794762616 0.0005132925973115137 0
0.0006591496716337886 0.0005100888727821273 0
0.0006613271300529179 0.0005088605915305463 0
0.0006670724450839375 0.0004062859107673309 0
0.0007285592934396304 0.0004809349809980635 0
0.0008874579875354869 0.0004861498081328029 0
0.0007668056142193539 0.0004898879841867332 0
0.000769190915464846 0.0004891394269516419 0
0.0005071320990232447 0.0006308020578192459 0
0.0005019446895053796 0.0006440044793697061 0
0.0005094723818311606 0.000618518311003865 0
0.0007204443775182493 0.0005177459881853363 0
0.0004713305084425843 0.0004559456741965101 0
0.0004756900299111522 0.0004575127497256129 0
0.000485640959153532 0.0005168384087345111 0
0.000486113335980216 0.0005141633275963254 0
0.0004887471554090087 0.0005137827973875164 0
0.0004885415483665031 0.0005031377743028441 0
0.0004870878796597034 0.0005119950041078464 0
0.0004895154506137393 0.0005114240238998722 0
0.000976745665173041 0.000484025433182823 0
0.000315934505640197 0.0008524423229752073 0
0.0008411897516331628 0.0004703412662109096 0
0.0005623213885409862 0.000460258689820451 0
0.00088907119576795 0.0005448783243655582 0
0.0008918543017328543 0.0004841172417497536 0
0.000894189306986488 0.000483227111249709 0
0.0006915355747082663 0.0005204471128135584 0
0.0006891777118735563 0.0005216899128329267 0
0.0006890303396132325 0.0005244221368296272 0
0.0006867275884900955 0.0005229225323218276 0
0.0006868769118305416 0.0005202454526047209 0
0.0006844940868894406 0.0005214190548826017 0
0.000684249130336557 0.0005241152851510513 0
0.0006819754789323531 0.0005225612729645612 0
0.0006817201392122099 0.0005253616704054715 0
0.0006793517706224078 0.0005237136853152699 0
0.0006790945307022336 0.0005266496733715733 0
0.0006766064893107824 0.0005249428012946639 0
0.0009691654981095538 0.0004109283929172468 0
0.0004639675182657744 0.0004577354204676786 0
0.0004607127788860265 0.0004605152055082128 0
0.0008637070036339105 0.0004509563284562038 0
0.0008684981084939166 0.000449072220831837 0
0.0008724740697169296 0.0004523882526972652 0
0.0008734547768392138 0.0004472131333105701 0
0.0008772967754564853 0.0004505312403863746 0
0.0008785811378459858 0.0004452202754240476 0
0.0008825733008844109 0.0004496327441382039 0
0.00088901184175768 0.0006077358928665865 0
0.0007004770540784612 0.0005021388693873992 0
0.0006982606133491543 0.0005009824133290682 0
0.0006040670888166374 0.000468995159289097 0
0.0006039740597210326 0.0004653220609189053 0
0.000607162007015727 0.0004634155806415183 0
0.0004802207475093564 0.0005347698538400707 0
0.0006105538002164733 0.0004467269870989449 0
0.0006845471526982045 0.0003548666113983538 0
0.0006957439649242707 0.0003627758876074107 0
0.0009866554373481051 0.0005316216143300615 0
0.0009864730262544614 0.0005353890789713074 0
0.0004750061051668183 0.0008738062111833357 0
0.00070771838475653 0.0004764795179477797 0
0.0007075301663315261 0.0004735874692052216 0
0.0007050121921099257 0.0004752071288289798 0
0.0007048496439306111 0.0004721692136060111 0
0.000702234247445105 0.0004738715610884684 0
0.0007020313341572387 0.0004706657326283211 0
0.0007048163791140074 0.0004688713163840655 0
0.0007017439759239453 0.0004672262349821402 0
0.0007048618741688556 0.0004652345457470632 0
0.0006993975087374291 0.0004724806886205935 0
0.0006996602454999338 0.0004755560255927835 0
0.0007894109924129714 0.0004260670391927876 0
0.0007835258903443043 0.0004216310312865487 0
0.0007952730411873513 0.0004304020226040377 0
0.0009890327334605841 0.0004731099269490928 0
0.0007174625719089008 0.0004939078677124538 0
0.0005103637187394824 0.0004463718327176086 0
0.0005050042350105427 0.0004439943472494074 0
0.0008853848542982025 0.0005161752263436425 0
0.0005041178556544908 0.000485789205229845 0
0.0005020281445555325 0.0004871583681365127 0
0.0005445924338712194 0.0004776592991668272 0
0.0006501132741042707 0.0005286471028955645 0
0.0006500964969696739 0.0005320497976758601 0
0.0006470101925113414 0.0005303376850986351 0
0.0006470523668133441 0.0005339142261723348 0
0.0006438138873072137 0.0005321233712881608 0
0.0006438951694202015 0.0005358200952147456 0
0.000542985726786085 0.0005835764044298576 0
0.0004995023096019659 0.0004969700849640949 0
0.0004986356245623 0.0005028626577340354 0
0.0009747656818612708 0.0004716559879371801 0
0.0007563179134059801 0.0004638678939405664 0
0.0007594516654866468 0.0004663053511093072 0
0.0006182312429709552 0.0006626911541811299 0
0.0005343413928729372 0.0004612233678800731 0
0.0005379529554762224 0.0004631026015350795 0
0.0002785861410186438 0.0004297829403819143 0
0.0002585865457719118 0.0004245400286876497 0
0.0007599642966126981 0.0004624004814260752 0
0.000752965458484274 0.0005340500767877294 0
0.0007567570344283576 0.000532814090407982 0
0.0007603150791967788 0.0005352394615425639 0
0.000760265606986803 0.0005312585947992405 0
0.0003779042858409129 0.000469361335730053 0
0.0003748456019963959 0.0004606502792340316 0
0.0007886180301510012 0.0002190868702210682 0
0.000575295512051526 0.0004746986835612356 0
0.000930502215369063 0.0004813429849663357 0
0.0008806702280763258 0.0004864128497853051 0
0.0008786831516904414 0.0004848936150278328 0
0.0003179931567944378 0.0005591071700631479 0
0.0003017122558347506 0.0005600167288693128 0
0.0009237941781130386 0.0004669169557346226 0
0.0009241412980560515 0.0004631389685772873 0
0.0009382748004371288 0.0004785905124697074 0
0.000526812882384173 0.0005045624965684963 0
0.000684698534015296 0.0005188280703147276 0
0.0006869783100488695 0.000517694519235293 0
0.0005333388015644919 0.0005008662310406912 0
0.0009206142451126688 0.0005240952589277129 0
0.0004494597182469169 0.000489821168894991 0
0.000446883915327549 0.0004889616449896293 0
0.0004461353077218537 0.0004863993325312728 0
0.0004441800940386599 0.0004883590115937675 0
0.0008329299756718037 0.0003779133562241893 0
0.0004169997933493652 0.0004632236067817844 0
0.0007845675456614168 0.0004797532474258186 0
0.0007870275460479053 0.0004789920743545759 0
0.0005146902237865909 0.0004297349124223806 0
0.0006815504143921761 0.0005284250501401063 0
0.0004216166542473985 0.0005539443326195474 0
0.0004151595465208223 0.0005554676612773783 0
0.0004102488465572231 0.000550079697606558 0
0.0005267944473697794 0.0005070586755189365 0
0.0008971557069740848 0.0004094733418140882 0
0.0007572921085258831 0.0005813160247452242 0
0.0004961281247016231 0.0005546485696520166 0
0.0007236016681529885 0.0005232351867866377 0
0.0004011298675189452 0.0005312263820473353 0
0.0003966501762757312 0.0005256069837968594 0
0.0009337324084181333 0.000718381839177323 0
0.0005059404097609938 0.00047940849135924 0
0.0005081736210401726 0.0004805589524723453 0
0.0005083099947902848 0.0004830676254016745 0
0.0005104274042319214 0.0004817098921133578 0
0.0005102808765976856 0.0004791813935341215 0
0.0005125655133835882 0.0004803467416455182 0
0.0001369811205157326 0.0006561694134384209 0
0.0004911160201963463 0.0005511950399483133 0
0.0007456566257215728 0.0004775664606566316 0
0.0004892764976815507 0.0004905106038783453 0
0.0008154091031318881 0.000147561508927875 0
0.0005975923235482938 0.0004223857691352418 0
0.0003765961840765811 0.0005353225366797311 0
0.0003664150857138889 0.0005361382349016137 0
0.0005766798634553169 0.0004962237799810773 0
0.0005766592301713234 0.0004987236948331506 0
0.0006769524554916617 0.0005220190414271536 0
0.0002584244649104035 0.0006816435004406846 0
0.0007469162874646141 0.0004681933627858172 0
0.0007637102128813056 0.0005763339273092521 0
0.0009348650301746676 0.0004905871170052161 0
0.0009351840028563765 0.0004881078458815902 0
0.0008300328849499446 0.0004003844726275286 0
0.0008398316588969104 0.0003960068660215302 0
0.0002937579974944619 0.0005753484830810557 0
0.0002837541590250326 0.0005603124213044829 0
0.0008897415522534026 0.0004610733222062988 0
0.0006757807304437858 0.0004319598796371871 0
0.0005730715392370912 0.0004663930314561319 0
0.0005790593772516856 0.000551003371435158 0
0.0008855716495942621 0.0005418659273830765 0
0.0007100532021904582 0.000471957922793932 0
0.0008456362066869602 0.0005840903043589094 0
0.0008541704627570082 0.000580855480295467 0
0.0008612751155184256 0.0005857618885295585 0
0.0006045891724120972 0.0005229586313761193 0
0.0006968887496244473 0.0004742769564246542 0
0.0006971438809556249 0.0004771955859443196 0
0.0005277194356862205 0.0005917047558428937 0
0.0005296080360323415 0.0004764264930557026 0
0.0004433686046677464 0.0004855572856204684 0
0.0004412817602682981 0.0004877783013140938 0
0.0007927866641351717 0.0003040827901488392 0
0.0001547547046083994 0.0007917801873162471 0
0.0001781165907182384 0.0008235641364780009 0
0.0008881424862676481 0.0005126321999724545 0
0.0008905539036699558 0.0005117098662310078 0
0.0004475918369111637 0.0004301734530028123 0
0.0009554169075979538 0.0005825080948427704 0
0.0005614438301964797 0.0002808584351402728 0
0.0005429084842601496 0.0002718363976598194 0
0.000560633345264892 0.0002587458812782873 0
0.0005403945877182453 0.0002491275175218694 0
0.0005612598600493159 0.0002343618180620938 0
0.0005361655981421058 0.000223473049886098 0
0.0005602020356721004 0.0002076875737606442 0
0.0005338075810448269 0.0001959534110264165 0
0.0005100340289886192 0.0002125093173907992 0
0.0005071094718495549 0.0001837804004477775 0
0.0004830581611364394 0.0002014567761659906 0
0.0005205326023969654 0.0002615272025253654 0
0.0005574817858538613 0.0001794502740092409 0
0.0005853818020626156 0.0001920260711752646 0
0.0005833766485753797 0.000161731625456949 0
0.0004792368707781276 0.0001711715752417891 0
0.0004551450057788652 0.0001900564315166994 0
0.0006118618618427137 0.0001757346401967642 0
0.0004591406541094483 0.000219197473000763 0
0.0004317872841063627 0.0002087375668592261 0
0.0004270045261265806 0.0001793189626487323 0
0.0004047390659745322 0.0001978392115780843 0
0.0003983309266971672 0.0001677553225500774 0
0.0003746557477000575 0.0001869038526655248 0
0.0003683181253364573 0.0001555279640613707 0
0.0003423780678424743 0.0001765790418125229 0
0.0006098981769396047 0.0001433999070183632 0
0.0005049080895946438 0.0001522728330294346 0
0.0003364691290152322 0.0001421233441020024 0
0.0003089078878393756 0.0001649193837445075 0
0.0004743305686262028 0.0001385166678450904 0
0.0004368022796523207 0.0002367460439188214 0
0.000349309813065726 0.0002105649609065449 0
0.000947966475477828 0.0004726036503177955 0
0.0009483018913107977 0.000469497901117883 0
0.0007631259919986995 0.0004648785742844299 0
0.0007637125170962884 0.0004608336578813532 0
0.0006936143314133764 0.0004936740568842041 0
0.0006937210320101263 0.0004961717793873856 0
0.000729606893225089 0.0004435446877792473 0
0.0007348635467229723 0.0004408440256376971 0
0.0007296638367323041 0.0004374602423555503 0
0.0007355613205741031 0.0004344744203944904 0
0.000794644989069375 0.0004374135359421987 0
0.0003678179598722427 0.0007857820009103904 0
0.0008860654518203934 0.0005375270659759529 0
0.0008821948394752856 0.0005389576734949163 0
0.0004781615522751163 0.0005157040172102011 0
0.0007574129642441684 0.00052915576469477 0
0.0007607333259670833 0.0005279229328875555 0
0.0007634226513214292 0.0005298463885234979 0
0.0007638924178086516 0.0005266850279254629 0
0.0007393267436662922 0.0005422614975029237 0
0.0005360779826809575 0.0008546067721469247 0
0.000539633957769687 0.0005195896371654901 0
0.0005375037151195813 0.0005209012876934314 0
0.0005417661669507125 0.0005182814586670041 0
0.0005418602676301937 0.0005159112537953984 0
0.0009235432806173316 0.0005054046230988005 0
0.0009233811714682543 0.0005078885087330859 0
0.0005164072801718195 0.0006409964682867514 0
0.0007598420221632182 0.000713833734505231 0
0.0005606914716029675 0.0005315575472867883 0
0.0006321444843782629 0.0004180990960628914 0
0.0009642250203473338 0.0004540485272549295 0
0.0005537754098811769 0.000632602862128299 0
0.0008791675221397748 0.0004824982240693292 0
0.000876720494497825 0.0004833817233346278 0
0.0004327115575423923 0.0004841142094001023 0
0.0004284928670411133 0.0004835945190134563 0
0.0006030657916395072 0.0005753374982855812 0
0.0006026941166963229 0.0005846901652725467 0
0.000609861729422017 0.0005891987932110912 0
0.0007154586385156467 0.0004977454515546537 0
0.0004616387655863748 0.0002466437384023825 0
0.000991500597386728 0.0004891356177831108 0
0.0009912696538529556 0.0004916216081504184 0
0.0008627706153208679 0.000470178026101929 0
0.000313043279951611 0.0006019691734877271 0
0.0007938150828236736 0.0002842418977125145 0
0.000545624895048885 0.0004176806841439615 0
0.0004878154614809364 0.0005096025307151805 0
0.0004902522200137057 0.0005090391629472821 0
0.0004919574642830232 0.0005108650020477464 0
0.0003382923062111988 0.0008791611081952393 0
0.0006550033741622186 0.000653765038082214 0
0.000667008786586478 0.0006462808220316935 0
0.0008925822056769963 0.0005132353559704128 0
0.000892869685131726 0.0005107508930196953 0
0.0008909105588857841 0.0005091566827805372 0
0.000893197680419317 0.0005082590460623733 0
0.0008951744351667565 0.0005097631777723999 0
0.0008954583462073225 0.0005072839595602788 0
0.0008974653216678275 0.0005087750404865174 0
0.0008977489135939561 0.000506281820875422 0
0.0008997588814515459 0.0005077823238009123 0
0.0009000474640679003 0.0005052988613135621 0
0.000902054369095497 0.0005067924609973474 0
0.0009023431212238939 0.0005043090535615969 0
0.0009042927228907326 0.0005057945002874043 0
0.0009046035046317741 0.0005033138737935258 0
0.0008935558615827733 0.0005056580818900174 0
0.0008981088765955341 0.0005037452321407337 0
0.0009026262768432139 0.0005018254391540803 0
0.0009048529739699631 0.000500826042661297 0
0.0004753702894102032 0.0005093187080269002 0
0.0006245135875187859 0.000509734438669881 0
0.0006223584696678347 0.0005084694572205851 0
0.0006301963192003104 0.0003843614834157853 0
0.0006312050701956229 0.0003720475911181132 0
0.0006745669256666644 0.0004839917794940742 0
0.0006745419191908826 0.0004864916542504237 0
0.000696518332834755 0.0004711696311474492 0
0.0005155636635111716 0.0004491234713710128 0
0.0004498078482258742 0.0004830383978995525 0
0.0004564137636525877 0.0005327163335406973 0
0.0004602993208045154 0.0005319149997821313 0
0.0005204216126001774 0.000510642605322678 0
0.0008006153859122073 0.0004974311491377137 0
0.0008024563061244955 0.0004991226019960531 0
0.0009540719735493936 0.0004944760399509296 0
0.000954271969751295 0.000491987960427857 0
0.0009565283369944015 0.0004909081018722995 0
0.0009538746162297627 0.0004969670491332622 0
0.0006723644607662378 0.0004877199354726396 0
0.0006745146003319199 0.0004889915061638724 0
0.0009873609902755188 0.0005100820685321583 0
0.0009896354413715469 0.000509044345248249 0
0.0009916313327515787 0.0005104913797975236 0
0.0009918189126720484 0.0005079979015735459 0
0.0009898588089548906 0.0005065542972628569 0
0.0009920464247028375 0.0005055082508324146 0
0.0009900929763374067 0.0005040652844355392 0
0.000661352136495615 0.0005063607165981087 0
0.0006635045884720426 0.0005076323102789614 0
0.0006288493903497971 0.000507242733230815 0
0.0007929151011214083 0.0005021168309600852 0
0.0007923707200829021 0.0005045568410594364 0
0.0007758024345112028 0.0004893337654549212 0
0.0009106059233534781 0.0005045118772775969 0
0.0009890247054007545 0.000492661603999292 0
0.0009910597101587431 0.0004941122982990149 0
0.0005505760735385003 0.0005110086422046792 0
0.0006266511998968409 0.0005109989024662266 0
0.0005987360848741044 0.0005091089084251971 0
0.0005965877398830259 0.0005078303868635498 0
0.0005703317808561897 0.0003640154809945165 0
0.00065624123902744 0.0004721255457730604 0
0.000653286992538093 0.0004705663485959553 0
0.0004607892972265959 0.0004903745222733747 0
0.0004632045157975539 0.0004910168244287234 0
0.0004648086733697688 0.0004893311441638514 0
0.0006526423028191008 0.0005112738416044066 0
0.0006504898508426846 0.0005100022479235331 0
0.0006547890395086359 0.0005125353034042362 0
0.0006442326370633394 0.0007630927605718464 0
0.0008643152348849251 0.0004456988019264134 0
0.0004962152980018384 0.0005486554142446724 0
0.0004916477269330114 0.0005455757670944511 0
0.0007430696206069165 0.0004786819722782368 0
0.0005371064716055919 0.00047359045107374 0
0.0007473866002596613 0.0005073279353817875 0
0.0007492275204718708 0.0005090193882402121 0
0.0005056652614110399 0.0004497485232926445 0
0.0005003851936871927 0.0004474077884878065 0
0.0007773197851212001 0.0007689064455495369 0
0.000772153371911161 0.0007958747925200147 0
0.0003686282759174114 0.0004678663568864109 0
0.000639343958608364 0.0001568914051925911 0
0.0006413117093962951 0.0006201630267374976 0
0.0005105742185529811 0.0004842242637601128 0
0.0009864625992892272 0.0004713446089957468 0
0.000989663053895211 0.0004698860921867915 0
0.0006763594173826182 0.0005279951561404522 0
0.0006737910067812875 0.0005262061833870278 0
0.0009707445058010665 0.0005033238394085205 0
0.0005307255509957962 0.0003990360881027109 0
0.0005392581576624653 0.0003937959087243511 0
0.0005467914735966192 0.0004005568680001066 0
0.0008860350030884478 0.0004796465967075276 0
0.0007127531388055804 0.0004866393093634005 0
0.0007033605098443728 0.000530827124207621 0
0.0009109710416480605 0.0005645998314144156 0
0.0009688785505994329 0.0004994211680384077 0
0.000696802039267812 0.0005156692347430264 0
0.0005483678285888809 0.0005172267822350886 0
0.0005505227859301002 0.0005185063753534287 0
0.0007111371981966125 0.0004533213974338251 0
0.0009703481778977351 0.0005083081791565091 0
0.0005145887868432521 0.0005660803457728692 0
0.0002683692625380857 0.0003905625918828192 0
0.0002842939617681249 0.0003761738048719974 0
0.0006032071724937986 0.0004966535973075902 0
0.0006405890219377416 0.0005339638727471737 0
0.0006405946319379209 0.0005302596374454711 0
0.0006401265993214294 0.0005384488581152528 0
0.0009488846898256316 0.0005777318037381802 0
0.000948223251708766 0.000330211228160788 0
0.0006304467143350809 0.0006141584056031026 0
0.0007215417547184004 0.000483941172583271 0
0.000801911925086015 0.0005015626120954061 0
0.0008042972263367869 0.0005008140548543889 0
0.0008048416073752649 0.0004983740447550368 0
0.0008066825275875576 0.0005000654976133722 0
0.0008072269086260347 0.0004976254875140205 0
0.0008090368070923009 0.0004992180886005322 0
0.0008096070395858007 0.0004968604549777019 0
0.0008114337415827096 0.0004985066010444229 0
0.0008119934179946777 0.0004961153301349473 0
0.0008137970885993829 0.0004976880859442231 0
0.0008143752397327842 0.0004953556853171108 0
0.0009066064736038472 0.0005272330157524726 0
0.0009035664238763497 0.000528473375941105 0
0.0005969334404201837 0.0004877740851375575 0
0.0004734216380888327 0.0004906898323641666 0
0.0007531564693306683 0.0004614787988715145 0
0.0004401704829943786 0.0003907533158610895 0
0.0004498049683447708 0.0003951885816471329 0
0.0008474434263152624 0.0004784023626768406 0
0.0008493147465938006 0.0004801557513654427 0
0.0008454517791290488 0.0004768509733185445 0
0.0008067341681332266 0.0005568868887945048 0
0.0008590354147662489 0.0008749325861811127 0
0.0006031357114357984 0.0005016784242179319 0
0.0006269379113158571 0.0004835153427718487 0
0.0006247854593392667 0.0004822437490909901 0
0.0006432135564138743 0.0001901091656664253 0
0.0006630634633897405 0.0004515861713683498 0
0.0006583949405191697 0.0004490823145387587 0
0.0004689309108121929 0.0005089168269035642 0
0.0004664930250432083 0.0005094694543958662 0
0.0004612267943825796 0.0005032913083466323 0
0.0004657728493143859 0.0005118345588505724 0
0.0004640832555965491 0.0005099968981483272 0
0.000877811531636544 0.0005096698470119063 0
0.000875832038141256 0.0005081735396552693 0
0.0008761528319029179 0.000505697959765236 0
0.0008738458279315215 0.0005066611485964932 0
0.000750926583555796 0.0004757828157697115 0
0.0009829119612951786 0.0005371147726113041 0
0.0009863099879575516 0.0005394200319225029 0
0.000666717031622698 0.0004591211499155003 0
0.0006658464070938414 0.0004789048772025477 0
0.0005182532699725985 0.0005000149083133759 0
0.0005206273838200723 0.0004992523687514673 0
0.0005158655839816027 0.000500752236028373 0
0.0006102339771998947 0.0004519813660063985 0
0.0009236250681688596 0.0005026124175928695 0
0.0006735169197036543 0.000529392781285204 0
0.0006708846292974095 0.0005274188968846517 0
0.0007669251015650311 0.0004634555631998144 0
0.0007675698509481875 0.0004588618197751064 0
0.0005123449184742533 0.000654872116031679 0
0.0005265268868596309 0.0006521845818494525 0
0.0005357311504975218 0.0005461674815878242 0
0.0005315502663284305 0.0005483143278050954 0
0.0006030988965665875 0.0005066663887757851 0
0.0006030658312533509 0.0005091661701029434 0
0.0005041166378120529 0.000488293166448965 0
0.000882735514383449 0.0004876716640419745 0
0.0008204243609460579 0.0004049174037680895 0
0.0004429555675001764 0.0007514256618204575 0
0.0009344442113466932 0.0003215146595225862 0
0.0009923151649270916 0.0005030998085955132 0
0.0009903358150520291 0.0005015899788852714 0
0.0009929240999812432 0.0005005417992079985 0
0.0006226080009201177 0.0004834720303425648 0
0.0006226321197102286 0.0004809705818075261 0
0.0006248162025071691 0.0004797306299941663 0
0.0006226007935969086 0.0004784246844994518 0
0.0006249107285143548 0.0004771219176058736 0
0.0006226137308467398 0.0004758038029537904 0
0.0006199528083709955 0.0004769297982976276 0
0.0008462977175269618 0.0004833692381977946 0
0.0006049976270689594 0.0006702337183298601 0
0.0007066982877719078 0.0005326525522248236 0
0.0005795944177768168 0.0005457353686035102 0
0.0009908608539203943 0.0004776337691331087 0
0.0004748090967538848 0.0004527927648316046 0
0.0004793360727103194 0.0004544050481968636 0
0.0009326817372809628 0.000741852819867712 0
0.0005969466773008763 0.000482833001957632 0
0.0005969939156164612 0.0004803281430486914 0
0.0006564551595230988 0.0005530685978715245 0
0.0008954651091577483 0.0003721373393916401 0
0.0007466344421246448 0.0005007564623246914 0
0.0007442491408738407 0.0005015050195655998 0
0.0007437047598352368 0.0005039450296649276 0
0.0004587131420757941 0.0004699579531687064 0
0.0004555081471855863 0.0004691367676659497 0
0.0004849736513571162 0.0004908167124374765 0
0.0004827101681860362 0.0004895204720335411 0
0.0007290760662170598 0.0001918138631451796 0
0.0006382156681877273 0.0001235890232698242 0
0.000427432318142784 0.0005526815664585406 0
0.0007153930054091713 0.0005192226048370394 0
0.0009145918670358378 0.0004723741940354147 0
0.000911803750823651 0.0004736127918998216 0
0.0009114379839531108 0.0004765987445589702 0
0.0009074766834050142 0.0004536121424121364 0
0.0009120572962210062 0.000451979269821352 0
0.0009164211545110608 0.0004551547141330468 0
0.0004704040903421763 0.0004513037826701425 0
0.0001164512446736339 0.0006272886206320095 0
0.0007664461118120983 0.0005286691547432413 0
0.0007669256382229969 0.0005255073257019757 0
0.0005674821603530805 0.0004728818735180597 0
0.0007021706148716464 0.0005698601321033803 0
0.000695586624880338 0.0005713906699499364 0
0.0003491314468970843 0.0002684906849159486 0
0.0005442847177245019 0.0004901771108356181 0
0.0005464238939413928 0.0004889372581873216 0
0.000395061654810872 0.0006306126265315827 0
0.0003808662088353206 0.0006325442072521094 0
0.0006613021236102157 0.0005113604664629861 0
0.0007084994863828712 0.00052435632036356 0
0.0008420142566990147 0.0004669182140224697 0
0.0007491278189754796 0.0005524521495263168 0
0.0007439482804626986 0.0005539874189087559 0
0.000754178999830576 0.0005508288472704666 0
0.000712914585842319 0.0005199398689371966 0
0.0004995860776735095 0.0004419944522250756 0
0.0004950437464405774 0.00044526212783085 0
0.0004957560278567725 0.0004507719722506015 0
0.0004711031243167757 0.0004902391311696139 0
0.0007763216010363259 0.0002725365253255279 0
0.0006945073165889809 0.000475991315924133 0
0.0006947841776733391 0.0004787725237305825 0
0.0006972515535422412 0.0004799391429973779 0
0.0006950077566566335 0.0004813987886164257 0
0.0005852336867359179 0.0005261486276965289 0
0.0006113517191729272 0.0004410239862690246 0
0.0008009465907297189 0.0004346718965174118 0
0.0008018989664939794 0.0004275426019531492 0
0.0009058300298343635 0.0003789973840142492 0
0.0004945982374948726 0.0004788077381503904 0
0.0007091451656169736 0.0005307575016226139 0
0.0006938284498798622 0.0005276532171822868 0
0.0007228302798600934 0.0004761486347430983 0
0.0007014525825515731 0.0004634832816872188 0
0.0004627778957734925 0.0005348267646532526 0
0.0004195214336468016 0.0005604238868600552 0
0.0009299111110136393 0.0005770804901261235 0
0.0004596284943819158 0.0004564275056664345 0
0.0004561243367544311 0.0004593920123051249 0
0.0005297219599843262 0.0003879062871711392 0
0.0009371662102048915 0.0004896114464805182 0
0.000485489636975725 0.0005100665129599819 0
0.0005781727392121235 0.000532556722587401 0
0.0004963732827631211 0.000543539952338915 0
0.000492395155429366 0.0005406659964539834 0
0.0004966019665577285 0.0005387186703396316 0
0.0004929800957669153 0.0005362682062990507 0
0.0004964948417185105 0.0005345987300184067 0
0.0003734732912911678 0.0008702727177676973 0
0.0001872664772484598 0.0006744002855180111 0
0.0001635944998416547 0.0004026845987278461 0
0.0001328523249956124 0.0003927837236601844 0
0.0001921436450407381 0.0004088379056944141 0
0.0001260113052449162 0.0003600274222207505 0
0.0009465235277928896 0.0004231649440697638 0
0.0009393892100492712 0.0004190503361630073 0
0.0005830228142286195 0.0005600041544858883 0
0.0005882078080301033 0.0005632866216648936 0
0.0008838395018333726 0.0004432466753652403 0
0.0008892371294875953 0.0004472946919188122 0
0.0006535126378501905 0.0004738577100666728 0
0.0006505711913351794 0.0004723878635914892 0
0.0006503278678630972 0.0004690099285944959 0
0.0006475652750334587 0.0004709420388071516 0
0.0006478426592296436 0.0004741789524764839 0
0.0006068753540485691 0.0004378564664489996 0
0.0005224924235014357 0.0005009095069116265 0
0.0005229924998340128 0.0004984419879257629 0
0.0004908191762744334 0.0004489900815166188 0
0.0004915369330169721 0.0004541950052139592 0
0.000489500063106852 0.0004429322380131356 0
0.0003648512101415984 0.0004583909636247963 0
0.000357752967976986 0.0004670048656676025 0
0.0003923419720810158 0.0001356653538887951 0
0.0006249624888343957 0.0004138956745672642 0
0.0004784718926764665 0.0004493774174829034 0
0.0004859791278830438 0.0005530976462179895 0
0.0007514760044622752 0.0007778103418132976 0
0.0007452834095723975 0.0008058420379915217 0
0.0007727788574106601 0.0008274170433930116 0
0.0007399465990096112 0.00083629680631103 0
0.0007640903240782951 0.0008593312325600631 0
0.0007336856691963047 0.0008696398776736531 0
0.0007591833392446249 0.0008926759031506032 0
0.0007114615004381799 0.0008159942372631776 0
0.0009804799882869245 0.000472080041387874 0
0.0007851297429164424 0.0004772792815144715 0
0.0005772705242442828 0.0001322224886208085 0
0.0003988262328865706 0.0004790049030648093 0
0.0005313492962294125 0.0004953080241408606 0
0.0005291623884736282 0.0004941363029217006 0
0.0007613126843107705 0.0005247512087799535 0
0.0006971967390010586 0.0004824284763770416 0
0.0006950660633758673 0.0004837889737740745 0
0.0007088123038449344 0.000568007871859989 0
0.0005197074795234612 0.0005958105667929913 0
0.0009762583667788052 0.0005729241691366427 0
0.000890722701686414 0.0008618977905600889 0
0.0008838404016786189 0.0005465719425255387 0
0.0008471514704370753 0.0005437488715393117 0
0.000480634858898402 0.0004840511624611445 0
0.0005914586913451193 0.0005262918363312117 0
0.0007292386170076652 0.0001257644283445157 0
0.0007598408307314313 0.000107088489708814 0
0.0007453416307786443 0.0004802613788260366 0
0.0007429788102481261 0.0004813478789363026 0
0.0007477591012989737 0.0004792127196804812 0
0.0009334802394960168 0.0004866200753936814 0
0.0009355524875352497 0.0004858240820575101 0
0.0007382821478212507 0.0004601127906985748 0
0.0004757026562763557 0.0004914609225383573 0
0.0008938295064728078 0.0004857946497175505 0
0.0008961714015464058 0.0004849206315336403 0
0.0005842566619065164 0.0005367174545396274 0
0.0005299744997900296 0.0005325019983501928 0
0.0005335893202428443 0.0005309850726638847 0
0.0005263499568108186 0.0005341299653389155 0
0.0004927179277158353 0.0005086060450941206 0
0.0004943593315310934 0.0005102983740104813 0
0.000495123108077081 0.0005079102476184501 0
0.00061503548539852 0.0004499932338771919 0
0.000614533680603129 0.0004552158213225267 0
0.0004454338280513117 0.0005453623970106976 0
0.0004397407274932299 0.0005466554280763901 0
0.0004414534600115508 0.0005417796631942459 0
0.0004634173390224375 0.0004846259395486604 0
0.0006539311082262675 0.0004518876333290646 0
0.0006537151725938938 0.0004465016845698232 0
0.0008020154718185902 0.0003685828175086688 0
0.0008136304253881932 0.0003627870690435881 0
0.0009745594445846339 0.0005386610985722343 0
0.0009133446515825519 0.0004959274517114696 0
0.0009111066471880896 0.0004970182619146437 0
0.00091553359958947 0.0004947735375565688 0
0.0008162155800263001 0.0004970452902459856 0
0.000816765492760798 0.0004946229070704304 0
0.000818607238269304 0.0004963169897611508 0
0.0008191526788064729 0.0004938803557878302 0
0.0005378493904403995 0.000458909558260074 0
0.0005338070247768601 0.0004566311189260784 0
0.0004125717866294776 0.0005187595700932922 0
0.0008353459613690503 0.0006267467642858911 0
0.0008330319011454906 0.0006415130197962818 0
0.0009719540576073936 0.0004729840688485418 0
0.0006928922810118582 0.0004828090035095145 0
0.00069300251113076 0.0004853218092208709 0
0.0002751441265525115 0.0005769801864804443 0
0.0002643559605456929 0.0005606585256088088 0
0.0009090699455978134 0.0004748579812867993 0
0.0009087743324598144 0.0004777177641709869 0
0.0009065217823273605 0.0004761868298011978 0
0.0009062896323369807 0.0004788740637267688 0
0.0009040697691690262 0.0004774282807485179 0
0.0009038498032003604 0.0004800019271869835 0
0.0009017457745399347 0.0004785278330793346 0
0.000901508981425189 0.0004810413628225506 0
0.0009019582959480703 0.0004756790710227211 0
0.0006472202911308381 0.0004674642750094687 0
0.000642702445498617 0.000882060566983346 0
0.0001625906781571481 0.0005989967111680192 0
0.0009257801148354341 0.0005042442306709448 0
0.000668752211933122 0.0004417096986459066 0
0.0006021447063746439 0.0005936083390066919 0
0.0009234080437369417 0.0004982202099508057 0
0.0006769838048465164 0.0004246281283863152 0
0.0006826143511930746 0.0004288942748385227 0
0.0003223720107179457 0.000616577696786182 0
0.0006038488749172833 0.0004613962926237205 0
0.0008479340505558627 0.000454158737908227 0
0.0008429855964617961 0.0004559809060494621 0
0.0008520674399080381 0.000452106636262045 0
0.0003718354207446392 0.0006206719411056283 0
0.0004510498550338379 0.0004051568118902755 0
0.0004592889107387217 0.0003994991532904633 0
0.0008074358610966194 0.000432136159719558 0
0.0008087251792067977 0.0004248706292848239 0
0.0006936618728307153 0.0003764527298582535 0
0.0007069684074436335 0.0003732647079729808 0
0.0007083304511531632 0.0003574018218223945 0
0.0006673599887268228 0.0006633168479004658 0
0.0006815437093368686 0.0006530519276938226 0
0.0003026345115931986 0.0001280672108837413 0
0.0002738957410034518 0.0001520107530664979 0
0.0003323264984788969 0.0001043932690627702 0
0.0004656083388879686 0.0004916692979202503 0
0.0005393634385738996 0.0003825286866977983 0
0.0008328022222275537 0.0004828347106552203 0
0.0007659244064556356 0.0005322329381570575 0
0.00088036736327039 0.0007282708699163151 0
0.0006040274120227726 0.0004724150957662964 0
0.0006011288800988071 0.000470803674601134 0
0.0009212111127671442 0.0004963806014140695 0
0.0006705634976261574 0.0005308347007721522 0
0.0006679030847987108 0.0005285742683996218 0
0.0005699359759561036 0.0004645727765577268 0
0.000650413163892869 0.0005358454077051752 0
0.0009823773232413352 0.0004444776165265257 0
0.000882730965489386 0.0005349305235993055 0
0.0008789204961429412 0.000536348316968041 0
0.0005225878478248654 0.0005094611783687977 0
0.0007298720106248999 0.0004307724707190852 0
0.0008844887263243896 0.0006348693628181984 0
0.0008964826002335377 0.0006428302980799707 0
0.0005705149094924714 0.0003889285949074512 0
0.0008865449280498218 0.0005334500859673689 0
0.0009496228472812705 0.0005699581597151679 0
0.0009648672844887983 0.0003856829634299713 0
0.0005021431074681525 0.0004896558434244696 0
0.0009716970933937744 0.000476043444822298 0
0.0003917364250899753 0.0008038603165007591 0
0.0007418638396230341 0.0005022535768064917 0
0.0007413194585844257 0.0005046935869058176 0
0.0006077213382097194 0.0008933181780128838 0
0.0009177151736671052 0.0004709822233126817 0
0.0005012788309168799 0.0007814768277022957 0
0.0004657234681436199 0.000477599957044079 0
0.0006250171781027414 0.0004743637249973575 0
0.0006225323729905763 0.0004728816007182255 0
0.0005082660174766703 0.0005284647404832638 0
0.0005048872651182371 0.0005303363368405533 0
0.0005050337109423579 0.0005269415990927904 0
0.0005020798822325632 0.0005284407551003518 0
0.0008764331576901396 0.0004855957528052256 0
0.0008744883727300684 0.0004841640019843079 0
0.000880197877016882 0.000488807062991048 0
0.0002827330922979239 0.0001881659242813784 0
0.0002463002086779114 0.0001769506948029397 0
0.0002378472411291362 0.0001389779759308222 0
0.0002078819048181293 0.0001647022262757222 0
0.0005031277732394241 0.0001175969428417487 0
0.0009692803206513305 0.0004746497965047642 0
0.0003266657894929441 0.0003602771772020553 0
0.0003436078488961692 0.0003666611642081165 0
0.0004890056062932636 0.0005378177765890577 0
0.0006413381409912583 0.0005623285155136998 0
0.000664691359833785 0.0006317847871633168 0
0.0008245537219636617 0.0006001396010807411 0
0.0008263872521724272 0.0005903647164658693 0
0.0003575441830304929 0.0003555525419091693 0
0.0006922007289337209 0.0004776291019174697 0
0.0007035776550864277 0.0005346357155232158 0
0.0004685787703436982 0.0001027026791084673 0
0.0009869496148194809 0.0004606624785116784 0
0.0009875758012614188 0.0004563111076105648 0
0.0007808578785930464 0.0004024601585308931 0
0.0008754896033238268 0.0004556798533510011 0
0.0007380754126200236 0.0005233783439576611 0
0.0009524766305142435 0.0007320190166843465 0
0.0007601078936598706 0.0006527535486296834 0
0.0005619383664395454 0.0004253069164695274 0
0.0009670059061412223 0.0003739727216507237 0
0.000365992353906373 0.0006345693702644595 0
0.0009259671171334669 0.000501794594364573 0
0.0009833043855529786 0.0004387193581746014 0
0.0006966894249323052 0.0005291842838063443 0
0.0004365906143906419 0.0005425948155888128 0
0.0004925402321834935 0.0006023846171315917 0
0.0007424082206616408 0.0004998135667071674 0
0.0009493812454213628 0.0003128294979442188 0
0.0009324940426858953 0.0003030728858849635 0
0.0009503187788870498 0.0002938756494208825 0
0.0009943914485165417 0.0005046845881314908 0
0.0008391181817688078 0.0004077710270547066 0
0.0003094466945172415 0.0005454982116981136 0
0.000325143273032875 0.0005467796202318792 0
0.000493369091287452 0.0005324303499090167 0
0.0005395461869987791 0.000522087425212016 0
0.0005374111799786548 0.0005235218829272752 0
0.0009356351612526136 0.0004546676202070508 0
0.0004800068245902694 0.0004591649731738933 0
0.0006447929505232452 0.0005461654487286721 0
0.0007673949795567608 0.0004875913180094072 0
0.0007697877781906953 0.0004868666514221583 0
0.0007649721913828944 0.0004882204219900749 0
0.0006449260431285318 0.0004728342641923205 0
0.0006452432973701543 0.0004759110027937622 0
0.0006480573662620298 0.0004776110857148964 0
0.000645329416857162 0.0004788465891306259 0
0.0004140672039276052 0.0004002831511885689 0
0.000411473203794576 0.0003894021820612481 0
0.0004203800446070155 0.0003823971805475523 0
0.0004094895801979692 0.0003776795009594191 0
0.000399847127641449 0.0003856872112819979 0
0.0004208269335003214 0.0003694515183690946 0
0.0009721878769762956 0.0004697436753863349 0
0.0006013230244086766 0.0004740490744804408 0
0.0007361363822303522 0.0004275567953946587 0
0.00072274994856161 0.0004789722556263793 0
0.0006849493867827958 0.0005163470402476188 0
0.000682990417781779 0.0005169790534864797 0
0.0004778886773867953 0.0004663641421499381 0
0.0008445946136421893 0.0004693528971838498 0
0.0008209939131512544 0.0004955728096392246 0
0.000821538523128252 0.0004931335290597235 0
0.0008233795338523851 0.0004948252703368768 0
0.000823923968132587 0.0004923854298939697 0
0.0006915072254646094 0.0004950102744943441 0
0.0008261973937222412 0.0008904233918988408 0
0.0004371793945926203 0.0008852052007078657 0
0.0004653467427781785 0.0009101387664412092 0
0.0005124483504667791 0.0004777581517510398 0
0.000514724955239142 0.0004789673803459263 0
0.0005101326406389354 0.000476546911983278 0
0.0005148295161474896 0.0004815128530665226 0
0.0005169827589422402 0.0004801646491121356 0
0.0007047745811074033 0.0004612908869509362 0
0.0006983673135030695 0.0005034801354136514 0
0.0006961508727876835 0.0005023236793684909 0
0.0007005837542126086 0.0005046365914532426 0
0.0004551536843650376 0.0004551689008080291 0
0.0004516834404998606 0.0004583388998973719 0
0.0005257159795189069 0.0005379197049510514 0
0.0003982573395855509 0.0003729742129587886 0
0.0003873177065479684 0.0003816042852808242 0
0.0006067988089238416 0.0005520193549441884 0
0.0006069740068711331 0.0005577845446024744 0
0.000602074067582993 0.0005606668174464493 0
0.0006067666609599424 0.0005467085764334496 0
0.0007394898209089249 0.0005030046512496883 0
0.0004807738107896751 0.0005155990872198146 0
0.0006890764148170986 0.0005557149863831448 0
0.0006872457177348275 0.0005614085454515309 0
0.000511899342457766 0.0005217592480084291 0
0.0005139979821548923 0.0005199911285753777 0
0.0005097300176300781 0.0005232672104449393 0
0.0009113294621188035 0.0004946530940232702 0
0.000886470407061689 0.0004581045573143882 0
0.0008906073005527224 0.0004565067907498193 0
0.000847645304773263 0.0005755249012049886 0
0.0008551104654585183 0.0005725751454745088 0
0.0008396473807482645 0.0005781357761365894 0
0.0006592361579134048 0.0005126190069535431 0
0.0005311596673884002 0.0004854017793434051 0
0.0006505898766135136 0.000500002748193728 0
0.0006484374246371081 0.0004987311545128872 0
0.0006484124181943922 0.0005012310294453337 0
0.0006506398894989647 0.0004950029983288996 0
0.0009299815902737166 0.0004948885169689288 0
0.0009319815771014813 0.0004963972269588514 0
0.0009342299064006611 0.0004955120758833767 0
0.0009339127221737503 0.0004979890144594442 0
0.000931880544118498 0.0004988274922665497 0
0.0009520136970778713 0.0004930570612539593 0
0.0009522118031719407 0.0004905706061004571 0
0.0005421482279581676 0.0004913993343188346 0
0.0006615021735425089 0.0004913614599087882 0
0.000963972507607696 0.0005065473204252857 0
0.0005744839237601563 0.0004999557833111244 0
0.0005766385968873665 0.0005012236096852185 0
0.0005744632904762035 0.0005024556981631916 0
0.0005766179636034211 0.0005037235245372864 0
0.0005744426571922602 0.0005049556130152647 0
0.0005765973303194804 0.0005062234393893556 0
0.0005744220239083202 0.0005074555278673358 0
0.000572267350781099 0.000506187701493242 0
0.0005722467174971598 0.0005086876163453151 0
0.0005744013906243828 0.0005099554427194033 0
0.0005722260842132246 0.0005111875311973863 0
0.0008101560282680602 0.00049443512728053 0
0.0007871844467725615 0.000488031116148666 0
0.0006528173479181002 0.0004937747170773465 0
0.0005289472886539079 0.0005083296151136427 0
0.000874165296800886 0.0005041823961474033 0
0.0008718583492100834 0.0005051457199864045 0
0.0008716175937858311 0.0005075224850478082 0
0.0008695645396072109 0.0005060920916170207 0
0.0008698727980857783 0.000503626838466894 0
0.0008675662508872452 0.0005045897762946468 0
0.0008678836369422549 0.0005021125361625915 0
0.0008655764880738563 0.0005030762371928716 0
0.0008653405686924378 0.0005054466807556144 0
0.0008632830702498688 0.0005040219330236324 0
0.0008635905880177831 0.000501557620823313 0
0.0008612839826639546 0.0005025206028427226 0
0.0008609648977173714 0.000505000081069715 0
0.0008589743156399294 0.000503487598643835 0
0.0008586547290613236 0.0005059643396597872 0
0.0008566673217759724 0.0005044505234166001 0
0.0008563428014475343 0.0005069171317052751 0
0.0008543595555495561 0.0005054120711351898 0
0.000854035822577204 0.000507880643548182 0
0.0008520524853866402 0.0005063751759776514 0
0.0008517333229718582 0.0005088546746751582 0
0.0008497462777784684 0.0005073402935547688 0
0.0008494272591228091 0.000509820127708051 0
0.000847439619888802 0.0005083043169053129 0
0.0008471205261862311 0.0005107839686875035 0
0.000845132775437627 0.000509267889209189 0
0.000844813650641478 0.0005117474658169388 0
0.0008468014344656528 0.0005132636250610102 0
0.0008444945264188556 0.0005142270437842457 0
0.0008425067431443939 0.0005127108858723512 0
0.0008421876084308716 0.0005151904385188178 0
0.0008401998262500916 0.0005136742832528995 0
0.0008398806893800881 0.0005161538307067552 0
0.0008418695153475598 0.0005176701208203973 0
0.0008395617262438763 0.0005186334000788727 0
0.0008375737994674244 0.0005171172269804031 0
0.0008372546670943584 0.0005195967742497731 0
0.0008352555379843158 0.0005180784790016186 0
0.0008349477142900676 0.0005205601622350062 0
0.0008329364766765874 0.0005190409890348309 0
0.0008326152446170509 0.0005215630899320361 0
0.0008305524217426408 0.0005200314519865879 0
0.0008302442445792363 0.0005225740497248168 0
0.0008415430955140493 0.0005201613520286095 0
0.0008281435574922293 0.0005210301396661908 0
0.0008278216826042552 0.0005236855290899831 0
0.0008256329985602656 0.0005220823137982593 0
0.0008253675196637201 0.000524763438219913 0
0.0008230185315307348 0.0005231530612676513 0
0.0008228869582929118 0.0005263923080815727 0
0.0008203351468620844 0.0005243486845096092 0
0.0008199657341862812 0.0005272732897368506 0
0.0008348614083954647 0.0005231228307407155 0
0.0008174939519356617 0.0005254703371198449 0
0.0008171533348788219 0.0005285564821978904 0
0.0008146216200912674 0.0005266497135776012 0
0.0008142327981164336 0.0005298883261134622 0
0.0008116835689201305 0.0005280478687515796 0
0.0008112042263531225 0.0005312811475733593 0
0.0008082805024247756 0.0005287988725650359 0
0.0008277496265408281 0.0005264227348220076 0
0.0008080038127923989 0.0005326536670983121 0
0.0008049932663207008 0.0005305125743345358 0
0.0008198749754476368 0.0005305751987729005 0
0.0008308874050069004 0.0005175273914163039 0
0.000804799510580179 0.0005340806825398544 0
0.0008234465907597352 0.0005204991123024859 0
0.0008018329503141491 0.0005319619648620226 0
0.000817956174694785 0.0005225515503350127 0
0.0008017185772555776 0.000535919629295987 0
0.0008355769044409868 0.0005155988018666786 0
0.0008464826264067949 0.0005157427786177009 0
0.0008405189633949774 0.0005111947364635889 0
0.0008077702582093481 0.0005364328975106014 0
0.000812142605726785 0.0005250976299732725 0
0.0008487892790069373 0.0005147797329219484 0
0.0008484704710741875 0.000517258853817301 0
0.0008021235642803652 0.0005284765733502715 0
0.0007990207897624115 0.0005298114911946275 0
0.0008140137241424185 0.0005330630178907365 0
0.000856986521403429 0.0005019713664644179 0
0.0008523726093714983 0.0005038980160370337 0
0.0008477587808581483 0.0005058248275265249 0
0.0008536354531677575 0.0005103497040147836 0
0.0008616012355746489 0.000500043526900918 0
0.0007994909809342999 0.0005264868566350296 0
0.0008023851823698133 0.0005252265210058005 0
0.0007964351870788902 0.0005277207529045525 0
0.0007959077637992344 0.0005310872545788549 0
0.0008508695035143801 0.0005163068144962972 0
0.000850574532316408 0.0005187893096755909 0
0.0008481661772200696 0.0005197459859134198 0
0.0008501481871999567 0.0005212647096962729 0
0.0008478183034243037 0.0005222796577074158 0
0.0008605832615286342 0.0005075385482753499 0
0.0008498464092305281 0.0005239023827517586 0
0.0008473481792723154 0.0005250093720097419 0
0.0008496260472109275 0.0005267907843558017 0
0.0008468513055378383 0.0005279880086849554 0
0.0007932872140211839 0.0005287687191949695 0
0.0008441944424440168 0.0005258951058343781 0
0.0008439200934792846 0.0005291553098263879 0
0.0007926960356709275 0.0005323098013470599 0
0.0007999687484701286 0.0005234363324955038 0
0.0008026859146739591 0.0005222765135220416 0
0.0008639078404939504 0.0004990805463071661 0
0.0008619197446164416 0.0004975648040783759 0
0.0008528159531216809 0.0005201789420874623 0
0.0008412965194063378 0.0005271832311985674 0
0.0008407207950763956 0.0005303864273748959 0
0.0008431382274225984 0.0005328204266955151 0
0.0008399873892475622 0.0005339606888094233 0
0.0008373055333905847 0.0005315727925622096 0
0.0008366600736953706 0.0005352263171719046 0
0.000833760334530552 0.0005327901852553269 0
0.0008330614580837783 0.0005364844721589115 0
0.0008301035427261754 0.0005340302203411206 0
0.0008293703064161898 0.000537910470981669 0
0.0008050394507299162 0.0005239331707837618 0
0.0008052657991780719 0.0005211309218333337 0
0.0008493563888302909 0.0005299727556075173 0
0.0007941139929663844 0.0005253560942751175 0
0.0008396611172323033 0.0005377101127749347 0
0.0008263896353146179 0.0005353601596145766 0
0.0008255396184801314 0.0005394321861671952 0
0.0007899518159839806 0.0005301149738586411 0
0.0005269740841668422 0.0004903833266467925 0
0.000679139717739891 0.0005061055471614051 0
0.0005767004967392501 0.0004937238651290074 0
0.0005788551698663969 0.0004949916915030982 0
0.0005788758031503349 0.0004924917766510272 0
0.0008767913934010873 0.0005007395526605935 0
0.0007945190442125006 0.0004859537266032877 0
0.000838212044758923 0.0005121581296431148 0
0.0008385311820187444 0.0005096785831298338 0
0.0008362242631115513 0.0005106419756551928 0
0.0008365434003453421 0.000508162429078895 0
0.0008388503193184923 0.0005071990367127348 0
0.0008342364813886226 0.000509125821484725 0
0.0008339175553316546 0.0005116050912685054 0
0.0008319295976190564 0.0005100891677367976 0
0.0007516128217226809 0.000508270830999317 0
0.0006225079751494059 0.0004934715300722969 0
0.0006723390689474544 0.0004902198067104286 0
0.0006744891442571502 0.0004914913766440353 0
0.0005700714110860034 0.0005099197048232971 0
0.0005700507778020681 0.0005124196196753673 0
0.0005355642145395303 0.0004853400048530767 0
0.0008596127732923757 0.0004985282651212484 0
0.0007800286593947408 0.0004902766609231046 0
0.0007824139603913899 0.0004895281036857449 0
0.0008149254944978466 0.000492934392032719 0
0.0005463927624657595 0.0004864433330811281 0
0.0005485573058634629 0.000487667868316815 0
0.0006505148572854032 0.0005075023729910948 0
0.0006483373988662741 0.0005087306542426579 0
0.0006483624053089875 0.0005062307793102215 0
0.0007791476753503409 0.0005041681635448338 0
0.0007786032940935612 0.0005066081738834955 0
0.0007809885950628823 0.0005058596169510253 0
0.0007804442139410991 0.0005082996271416891 0
0.0007828295151310873 0.0005075510699673145 0
0.0007822851340685819 0.0005099910800929964 0
0.000784670435305216 0.0005092425228674807 0
0.0007852148163413633 0.0005068025127707148 0
0.0007870557365468727 0.0005084939656364526 0
0.0006635295949147337 0.0005051324353465285 0
0.0006656820468911554 0.0005064040290273748 0
0.0006462599662179784 0.0004999594357644667 0
0.0006723139233367184 0.0004927196802850461 0
0.0006744663521184588 0.0004939912737396119 0
0.0006722892627499986 0.0004952195586850358 0
0.0006744417723690824 0.0004964911529438309 0
0.0006722643850655006 0.0004977194349073598 0
0.0006744168585016228 0.0004989910288032133 0
0.0006722394155116919 0.0005002193102092666 0
0.0006743918736362553 0.0005014909039517228 0
0.0006721980530312345 0.0005026901724948562 0
0.0006700592398059545 0.0005014427561070144 0
0.0006769376562749145 0.0004928224050870097 0
0.0006765693330800898 0.0005002626227104294 0
0.0006462849726606889 0.0004974595608320392 0
0.0009880707918001222 0.0005026178757156679 0
0.0008701902640522693 0.0005011495282037993 0
0.0007905297998706501 0.0005028653882011012 0
0.0008196976410723896 0.0004914421977880335 0
0.0006462349597752727 0.000502459310696915 0
0.0009883151140771078 0.0005001276902104618 0
0.0006700199535547245 0.0005039173123309782 0
0.0006678812216628339 0.000502670041230371 0
0.0008682022037564796 0.0004996337466838623 0
0.0005506380864936257 0.0005035090972272288 0
0.0008368625375839697 0.0005056828825142683 0
0.0008391694565522083 0.0005047194901363202 0
0.0008411572383060896 0.0005062356443814552 0
0.0008414763755249398 0.0005037560977692189 0
0.000832248705508651 0.0005076096595699658 0
0.0008299417875175012 0.0005085730506651641 0
0.0008296226504646739 0.0005110525970713495 0
0.0008276348617052231 0.0005095364520123685 0
0.0008273141974368396 0.0005120123376574526 0
0.0008253276882263579 0.000510499234223437 0
0.0008250069803722522 0.000512975019705848 0
0.0008230206771556553 0.0005114624065155576 0
0.0008226898155421032 0.0005139138782176661 0
0.0008246025151099542 0.0005153950220557765 0
0.000820712035192052 0.0005124216732317565 0
0.0008203809017630109 0.000514872494004533 0
0.0008184044965881374 0.0005133835818978078 0
0.0008180527823911732 0.0005157851203776802 0
0.0008160939409453833 0.0005143382659865506 0
0.000815781129638216 0.0005168329604981704 0
0.0008137922935659253 0.0005153142816036294 0
0.0008134391806140964 0.0005177124706462479 0
0.0008114804148518243 0.0005162657974800294 0
0.0008112873979843574 0.0005187617057312093 0
0.0008091667229908016 0.0005175576140605047 0
0.0007762179928067381 0.0005073567311640642 0
0.0005127112485033124 0.0005154000786425412 0
0.000706912975328203 0.000500612792802315 0
0.0007069601662024322 0.0005030169095976418 0
0.0007049000171364539 0.000504436180446167 0
0.0007090968113816122 0.0005017179629002171 0
0.0009887900230547146 0.0004951503707686708 0
0.0005571640179592254 0.0004998128309909959 0
0.0005506174531925464 0.0005060090120906705 0
0.0005527927595720833 0.0005047769235883732 0
0.0005484421467976985 0.0005072411005789057 0
0.0005615352611578028 0.0004948487394921214 0
0.0007672214381313879 0.0005079106551502126 0
0.0006978037834217234 0.00048861440475639 0
0.0004935950619661064 0.0004902119924357247 0
0.0004958179423323096 0.0004913075628324395 0
0.0007193430894392142 0.0004877608309790778 0
0.0004712576889117463 0.0005084690745071005 0
0.0007403703948889469 0.0005184896839222439 0
0.000632436930041182 0.0004094290638062413 0
0.0007248264681235401 0.0005317371569640407 0
0.0006055482948016884 0.0004854468081398095 0
0.0005274622196132356 0.0006011837894788266 0
0.0004773428196055722 0.000562156546385473 0
0.0004708475673229586 0.0005646826908832856 0
0.0005600372349756106 0.0005537360695275235 0
0.0006203476885387751 0.0004946999830948016 0
0.000450880884354921 0.0003831651025684167 0
0.0005488310451688996 0.0004850216524230321 0
0.0004848852154078479 0.0005191885038504445 0
0.0005064876667799131 0.0004873473644625635 0
0.0009697545393676949 0.000515783470157748 0
0.0009719766900505252 0.0005147071506014936 0
0.0007625823913869706 0.0004687213884375438 0
0.0004583937405404856 0.000489726860315363 0
0.0004590423327310648 0.0004921412682887876 0
0.000746845148045739 0.0005097685989196469 0
0.0007486839136489903 0.0005114592026206526 0
0.0004861280552732599 0.0005077595793069224 0
0.000483695800952122 0.000508321360165299 0
0.0004194170369052012 0.0007556402880884568 0
0.0005789433743313525 0.0005287521879371094 0
0.0004774177086417572 0.0004898123464651627 0
0.0004780684099171314 0.0004922098435452319 0
0.0004566324550005575 0.0004914988507320166 0
0.0009204894206358622 0.0005270364535135096 0
0.0007106495748172103 0.0005614423030651015 0
0.0007154029169484924 0.000566047938871965 0
0.0003577781941992691 0.0006222845672775577 0
0.0009824997166672151 0.0005412210803341352 0
0.0009860845630937913 0.0005436917002243045 0
0.0009819411397279593 0.0005458281475142419 0
0.0009859878729399202 0.0005481431148298334 0
0.0007942116402951714 0.000506248293917786 0
0.0007918263390444045 0.0005069968511587832 0
0.0007431592581104683 0.000506381468662467 0
0.0005415508002512161 0.000461079740864439 0
0.0005415599590074449 0.0004651663498248224 0
0.0005415964689740564 0.0004566908511824384 0
0.0006483145126243474 0.0005112269402689248 0
0.0006461603036847937 0.0005099583206346166 0
0.0008150997510761482 0.0004992837325975131 0
0.0004750001865410724 0.0005186360920472983 0
0.0006429170044702997 0.0004776057520251355 0
0.0006432124327659706 0.0004803107283738716 0
0.0005820098820086625 0.0003578169748937882 0
0.0009889220302046926 0.0005165070675499511 0
0.0009911946631126697 0.0005154718954544131 0
0.0009909583742058711 0.0005179573435319779 0
0.0006202943840828399 0.0004971530210968588 0
0.0005789495272917565 0.0004999832205627803 0
0.0005778079686471591 0.0005360527594795877 0
0.0008955557282754133 0.0006579306791385199 0
0.000908818685446798 0.0006508376634025423 0
0.0005226793568697524 0.0004805861316916577 0
0.0007798131856345858 0.0004812735521973328 0
0.0007774313534448043 0.0004820144622828303 0
0.0009111164536997645 0.0007495925205770222 0
0.0009301358616734986 0.0007636814939035799 0
0.0001317622721796102 0.0007596734022038044 0
0.0003684054667634748 0.0002538751937054089 0
0.0003913155170412829 0.000264957455883319 0
0.0009230975049677898 0.0005256726469252182 0
0.0006714210366142158 0.0005241703149691963 0
0.0007389335980474178 0.0005054347894708306 0
0.0009049662926100951 0.000391244255346085 0
0.0005991206238231652 0.0004788294462080824 0
0.0005969660347779142 0.0004778003046961705 0
0.0004385623254361082 0.0005381261588232611 0
0.0005761408643512381 0.0004683168140500144 0
0.0005763104747923029 0.0004645616173651351 0
0.000652621968345631 0.0005137473384451761 0
0.0009138297201971981 0.0005200535389267364 0
0.0008882618167431135 0.000475676850959591 0
0.000131690092994179 0.0008289587042777017 0
0.0006223321143008618 0.0005109683545253587 0
0.0006201853933894537 0.0005096900571923687 0
0.0006202138652906582 0.000507210712311616 0
0.0006374330324659542 0.0005319353010343563 0
0.0006375886322717143 0.0005284180436373082 0
0.0006404909066850994 0.0005268257106753095 0
0.0008747223320413435 0.0004818286075941301 0
9.871905282536182e-05 0.0003826003247953258 0
0.0009368278931492157 0.0004920865518069381 0
0.0007332453716876522 0.0005207393436922367 0
0.0007326679922788257 0.0005232826999386649 0
0.00073006844530872 0.0005240766795133312 0
0.0007320927163117219 0.000525993326096928 0
0.0009439043901166278 0.0004770018478448971 0
0.0007834785623103709 0.000577036633468453 0
0.0008288687677552012 0.000541942334850275 0
0.0008245768662633384 0.0005435646768316997 0
0.0008212100666976983 0.0005406982090332564 0
0.0006625282493846586 0.0004751541829930839 0
0.0005345386451773101 0.0006187274582866749 0
0.0007149668838813065 0.0004878385167185623 0
0.0006768237910549186 0.0004875808135422044 0
0.0007082632312914005 0.0004632284991199022 0
0.0009905709127746923 0.000480246474719541 0
0.0009929721581155659 0.0004792187452770638 0
0.0009926777234558104 0.0004817612277056986 0
0.0009718121579628176 0.0005171946075027358 0
0.0004828229715244341 0.0004921062089011121 0
0.0004339529409810694 0.0005387511427200167 0
0.0002166032752025868 0.0002033975235139299 0
0.0001786919111420741 0.0001913849835721498 0
0.000169637854344961 0.0001540217563568349 0
0.000192541718543729 0.0002324993909218297 0
0.0001498410263311727 0.0002183352000087733 0
0.000891549964413609 0.0004865043698192742 0
0.0006553791988351046 0.0008148837453576727 0
0.0009898075605226839 0.0005336507663637859 0
0.0009899829876038387 0.0005299062980463145 0
0.0004696727472229678 0.0005065542752718597 0
0.0006429565968899069 0.0005510692168676003 0
0.0007005928599498007 0.0001774304955868646 0
0.0005202321800861081 0.0005201147096179561 0
0.000390438630945394 0.0003940959872828321 0
0.0005272466917854345 0.0005452349865705631 0
0.0005268691728703663 0.0005504215689016094 0
0.0005311486454555375 0.0005536660538214529 0
0.0005263213213094673 0.0005559949640551694 0
0.0004128263270908069 0.0005624051937906081 0
0.0004178518218418655 0.0005680001856377393 0
0.0009933457130686342 0.0004931223599336684 0
0.0009931021678336624 0.0004955714535345365 0
0.0009253083435356711 0.0004806873045532197 0
0.0004414616840516317 0.0002611862664750555 0
0.0004632339137891737 0.0002721460923254552 0
0.0004192002840328617 0.0005181890917463089 0
0.0004150999483002286 0.0005133148950367393 0
0.000859482309322891 0.0004775354767268637 0
0.0008217209224985819 0.0006114011335100104 0
0.0008812261085457034 0.0006005406364963747 0
0.0005787624167775049 0.0005049912665600264 0
0.0005787400801680433 0.0005074911673535327 0
0.0005529308520521201 0.0004898733387787757 0
0.000702499993012876 0.0002074527431980014 0
0.0005308917733208789 0.0004709577497113146 0
0.0006113714884821975 0.0005490849440087934 0
0.0009603677300215464 0.0003388168390583184 0
0.0008994592403623472 0.0005102407729944221 0
0.0004647804749255849 0.000507650092516633 0
0.0004623597128024243 0.0005081868179478866 0
0.0004616169592593819 0.0005105769542512916 0
0.0004599197462991263 0.0005087412797103732 0
0.0004591559887555097 0.0005111223002882369 0
0.0004574774667045704 0.0005092929125169039 0
0.0004567361683881359 0.0005116805473418343 0
0.0004550426657803653 0.0005098465517803195 0
0.0004543016080794352 0.0005122341932346857 0
0.0004526046429852314 0.0005103991030329987 0
0.0004518389700451409 0.0005126761941733175 0
0.0004501548229703691 0.0005109152552211398 0
0.0004494260335586015 0.0005133394405514038 0
0.0004476596775358098 0.0005115036695644751 0
0.0004484323241438358 0.00050913348973219 0
0.0004458459297096107 0.000509590063066816 0
0.0004449772546929023 0.0005122556538497503 0
0.0004429452632131708 0.0005100836206813454 0
0.0004421061978251921 0.0005130739722507274 0
0.0004397691659488411 0.0005106111603322601 0
0.0004533312397227514 0.0005077528224593216 0
0.0009932307147857461 0.0005169225825189681 0
0.000993007739758754 0.0005194153454728224 0
0.0009907186613492863 0.000520451120407873 0
0.0009927712534497659 0.0005219402699698145 0
0.0007902371587111543 0.000418229536743705 0
0.0009036040881060123 0.0004825126592258331 0
0.0006110312571418725 0.0005440237179397298 0
0.0005965238053627553 0.0005102750253193913 0
0.0005985285215808767 0.0005114776311329495 0
0.0005944152047516061 0.0005090189018204486 0
0.0005944597656717102 0.0005065801571624898 0
0.0007708384040219729 0.0004618406945724769 0
0.0007716128812944494 0.0004571945272616181 0
0.0007751091582174099 0.000460403869509349 0
0.0007758106259402683 0.0004559387423706582 0
0.0004638553274233003 0.0005311334453780147 0
0.0009938084278269938 0.0005142439045955524 0
0.000371027178765143 0.000526850079140736 0
0.0004207030634275698 0.0004524026391042824 0
0.0004268278567923366 0.000454343176501706 0
0.0004314785076712897 0.0004504020017067355 0
0.00043254948890381 0.0004564206300357258 0
0.0004142527155149149 0.0004503132501666461 0
0.0004606162726760977 0.0004812500176007894 0
0.0006406799129418501 0.000608042184746693 0
0.0006315164598676688 0.0006025176296579318 0
0.0006512297463135485 0.0006134582407236721 0
0.0006052306196347281 0.0005079446292916103 0
0.000497922863939544 0.0006579858044581719 0
0.000620425520847999 0.0004921726822509744 0
0.0009721907047797044 0.0005122164253250814 0
0.0008658861646862984 0.0003992924456564242 0
0.000974099021839049 0.0006672098606376803 0
0.0009603188331411287 0.0006733386611749428 0
0.000947999670374503 0.0006636797555149305 0
0.0008129525558710903 0.0002934474834602552 0
0.000810540727564445 0.0003161859112274411 0
0.0006050816652602841 0.0004186619158485945 0
0.0005226352257268197 0.0005354858881753787 0
0.000444971320873697 0.000491170177774303 0
0.0006191614610447983 0.0004532632975381232 0
0.000618516939205028 0.0004581534999589462 0
0.0008965972576011743 0.0004824584419154163 0
0.000600455334019866 0.0004633838076682511 0
0.0009508543552316137 0.0004716437793519648 0
0.0009514627843936334 0.0004683040894540292 0
0.0004044255082835857 0.0007364007860310201 0
0.0006204751251605324 0.0004822005635335848 0
0.0004825023387547026 0.0004824886688183181 0
0.0004820788212303182 0.0004800556031414015 0
0.0004844247317189571 0.0004808914785699187 0
0.0007876454599740124 0.0004764236588216803 0
0.0008499153701567199 0.0004776302939549867 0
0.0008517855944750998 0.0004794134930288262 0
0.0008511632337464517 0.0004818831391447519 0
0.0008536170531026946 0.0004811767040935956 0
0.0005982352571268602 0.0004729223074575004 0
0.0005037015941000642 0.000478273108126758 0
0.0005580491906912136 0.0005887200048595069 0
0.0006656492950305908 0.0005088901731262916 0
0.000667942087694603 0.0005075774405860036 0
0.0004796897341411154 0.0005174879763118197 0
0.0005009244524038594 0.0005517440446647857 0
0.0008661671155592054 0.0004630682294455777 0
0.0008701443753218849 0.0004615901177798495 0
0.0007840897642146672 0.0005116361605089785 0
0.0007817198428123273 0.0005123973021486674 0
0.0007170460329193677 0.0005595059017094617 0
0.000721791786272982 0.0005641288347784886 0
0.0007234770915345957 0.0005578251552790592 0
0.0008257301048823171 0.0004940691933515344 0
0.0008263035049721522 0.0004916356957081099 0
0.0008244674212684149 0.0004899453282590938 0
0.0008268525678687415 0.0004891967557621617 0
0.000828693462305968 0.0004908882060778349 0
0.0008292390009214253 0.0004884484622455028 0
0.000831079728204229 0.0004901398707259913 0
0.0008316315656376242 0.0004876970888371779 0
0.0008334664008071486 0.0004893908811052709 0
0.0008305510362009161 0.0004925627630162936 0
0.0009011279639835097 0.0004834314328942113 0
0.0006204896687721597 0.0004846845429437979 0
0.0003938379579179245 0.0005324374220595872 0
0.0003977067608398646 0.000538656724495725 0
0.0003889851454743947 0.0005263320961099063 0
0.0003921821671847845 0.0005193263994200155 0
0.0003013961279049246 0.0008866755681636867 0
0.0006548995201110181 0.0005149906186630068 0
0.000559289365038328 0.000370339997809022 0
0.0005594064195261036 0.0003571272509056531 0
0.000933584992081236 0.0004663993783520419 0
0.0007193301912427743 0.0003656124722687631 0
0.0007211234505880609 0.000351654382704174 0
0.0006246301240552411 0.0004050233956678699 0
0.0005351668406522953 0.0005221888352252374 0
0.0005350151566416899 0.000524891415911677 0
0.0009739957354556743 0.0005161281245850548 0
0.0009738633961642741 0.0005186131785058462 0
0.0001584772574789231 0.0002569333362896689 0
0.0009767409391187869 0.0004791194888188688 0
0.0007896355642427232 0.0004782380622604114 0
0.0007903765623940378 0.0004754909733534409 0
0.0007923467167381921 0.0004774901892135495 0
0.0007930138429421169 0.0004748059557234803 0
0.0007949796446938833 0.0004767920062254785 0
0.0007943349614181755 0.0004794631580109644 0
0.000796946996980691 0.0004787665924837236 0
0.0007976463508777116 0.0004760934963580305 0
0.0007996036910424668 0.0004780907227975144 0
0.0008003530406115752 0.0004754349549266031 0
0.0008023328492028892 0.000477443828957422 0
0.0008031045322187318 0.0004747226829456512 0
0.000805050990511032 0.0004768626060385878 0
0.000805824635700293 0.0004740848488325049 0
0.000807941317153679 0.0004761417172846695 0
0.0008087185756823925 0.0004734616900305554 0
0.0008107937930086694 0.000475504619424106 0
0.0008117221590458656 0.0004726301651059129 0
0.0008138791413260424 0.0004747413675106173 0
0.0008147368354816981 0.0004717472232806141 0
0.0008169567501293491 0.0004739877547275647 0
0.0008178207628859615 0.0004709269779901568 0
0.0008125439773887784 0.0004697797922376223 0
0.0008200269392439299 0.0004732311906608047 0
0.0008210421093534819 0.0004701098049011779 0
0.0008186413810866151 0.0004676230137917897 0
0.0008221407188900649 0.0004667484825777791 0
0.0008037874126315112 0.0004717284409105254 0
0.0007987667533720752 0.0004806709328521514 0
0.000823180222083943 0.0004725907271155058 0
0.000812954184429842 0.0004776052134032459 0
0.0008041037796440102 0.000479580337731465 0
0.0008195261499730057 0.0004640160514828768 0
0.000823274173922863 0.0004630713870805488 0
0.0008259187889899597 0.0004659994386249387 0
0.0008271534364963987 0.0004621668108136661 0
0.0007983183182172884 0.0004731339639181826 0
0.0004976628273936352 0.0005135295990652223 0
0.0004086785352206115 0.0006285209655110819 0
0.0005208189784239224 0.0004965071859072797 0
0.0005233381925253388 0.0004959248515556782 0
0.0005254033680526326 0.0004973790026235892 0
0.0005464386746388577 0.0004913183982564968 0
0.0009040481256868248 0.0005082609542679335 0
0.0006745477606487083 0.0004815666742571616 0
0.0006767284294064524 0.000482775873904285 0
0.0006764747331787996 0.0004803143211687619 0
0.0009362102016969422 0.0004970382276285228 0
0.0006564953284297619 0.0005396168943551902 0
0.0007135076690863401 0.0005175147197603688 0
0.0007159777790539251 0.0005167458258151193 0
0.0001501261852232751 0.0007197495562644184 0
0.0005453369103101196 0.0006009605222825058 0
0.0006052303448169318 0.0005054576222731049 0
0.000879400825199078 0.000610867668497496 0
0.000360642524204485 0.0005275760397335982 0
0.0003555454852154525 0.000537294708041144 0
0.0003490449733306506 0.0005279355755427507 0
0.0007081013442118128 0.0005212647034477212 0
0.000524177181719619 0.0004136777937653334 0
0.0008345114415536284 0.0005292718553740908 0
0.0008483635626526477 0.0004494570065498635 0
0.000534622570895375 0.0004751218381470347 0
0.0005348342323561908 0.0004779371303410883 0
0.0009152969878460134 0.0003861223847711016 0
0.0009141849534942046 0.0003974893483887991 0
0.0008202663723387764 0.0004602269057524362 0
0.0008875368579391763 0.0008969417766086561 0
0.0006982347326041137 0.0004657210722024771 0
0.0006978991440183898 0.0004617001061384464 0
0.0005044475161550636 0.0005341598064993228 0
0.0004583912800768633 0.0005134008654931393 0
0.0004300911624539241 0.0004875987934635648 0
0.0004256463797064395 0.0004870613584613845 0
0.0004343038358764699 0.0004875468436127847 0
0.0005295503653661453 0.0003770479290054419 0
0.0007956219539568209 0.0002624880988570385 0
0.0005170007674559702 0.0004776673682727181 0
0.0005246655124673347 0.0005057471069856607 0
0.0009774038854955568 0.0004158937794441984 0
0.0009776591295653923 0.0004065640087217986 0
0.0009206135645081881 0.000464735281081823 0
0.0009760216846755314 0.0005175995320367492 0
0.0007121302042388275 0.0004300266102530936 0
0.000854218305855616 0.0004787893372502601 0
0.0008560644155927346 0.0004805439455831851 0
0.0006994424041554164 0.0004811719843819849 0
0.000544912470160759 0.0004632629949015423 0
0.0005448103288088076 0.0004672505607907068 0
0.0001623787947213792 0.0008640502132032648 0
0.0002060218826415316 0.0008545642455670369 0
0.0007152390066027681 0.0005294535472656212 0
0.0007177811273706221 0.0005316114884476968 0
0.0007402235862195576 0.0005503955605783798 0
0.0007385617368500392 0.0005555147623555163 0
0.0007428990802695632 0.0005595545595308311 0
0.0005058375644175732 0.0004768403516292129 0
0.000845497462127548 0.0004658150338829639 0
0.0007419227885699522 0.0004627425658322857 0
0.0002640697299009663 0.0004444810238567309 0
0.0002430730219166738 0.0004396230692021585 0
0.0002839144407321423 0.0004516917043704736 0
0.0002383418143948481 0.0004192569677228769 0
0.0003896940618030095 0.0004560053955767126 0
0.0004966073697646928 0.0004566695840797835 0
0.0004920090845756093 0.0004590563087583277 0
0.0009231328265858682 0.0005226970402143483 0
0.000529073972653091 0.0005234119442768531 0
0.0005292516733913824 0.0005262634681168832 0
0.000945543889598657 0.0004674553745545872 0
0.0009185180311388087 0.0005319594113458206 0
0.0009181200340550786 0.0005357151847173399 0
0.0004455491599685448 0.0004835039282721146 0
0.000442653007547369 0.0004826233670327708 0
0.0009084814287390329 0.0004803831232679033 0
0.0003330653868932737 0.0009181476094047042 0
0.0005268167129864724 0.0005095582144872901 0
0.0008196964384982452 0.000517304006550029 0
0.0006743897822327566 0.0005038858310273485 0
0.0009588414512620284 0.0005418760843651745 0
0.0009552606225884818 0.0005393179644044464 0
0.0009547428072926558 0.000543769165986744 0
0.0009511577743284883 0.0005410507266545008 0
0.0009517901422757286 0.0005367560253247406 0
0.0009505428000732304 0.0005456963705953185 0
0.0009477460148281954 0.0005383506656000086 0
0.0009483424255976867 0.0005342746877991021 0
0.0009445125687387675 0.0005357914987605008 0
0.0009450528268740898 0.0005319232461800898 0
0.0009486345913511116 0.0005304545397648771 0
0.0009456048315337833 0.0005283282858926223 0
0.0009487028480803913 0.0005269544913530824 0
0.000946176437984521 0.0005250461850475122 0
0.0009489042490314218 0.0005238133514891997 0
0.0009466432610308272 0.0005220925890372576 0
0.0009491536127379983 0.0005209809908695033 0
0.0009469872854568296 0.0005194042944400596 0
0.0009445763885292534 0.0005203890422013736 0
0.0009449612724040271 0.0005178282708963778 0
0.0009514157382559935 0.0005225566242149346 0
0.000949367135339004 0.0005183939282767623 0
0.0009425831970556743 0.0005187283283462564 0
0.0009429805039517694 0.0005162432739188929 0
0.0009421754053618503 0.0005212301225147537 0
0.0009453295256869684 0.0005153376461092925 0
0.0009517524512253973 0.0005286762811999967 0
0.0009401943394456932 0.0005196079618791445 0
0.000943413535263248 0.0005137758390625848 0
0.0009410876464366112 0.0005146739755115331 0
0.0009432207477540243 0.000526189706223606 0
0.0009457149311569626 0.0005128736572008369 0
0.0009397219837669648 0.0005220007847222518 0
0.0009438038169228228 0.000511297993262974 0
0.0009476564631388779 0.000514418327792349 0
0.0009435448640586056 0.000539895330192163 0
0.0009416017943946753 0.0005334008612485967 0
0.0003844981048096489 0.0003681094642447766 0
0.0003735818206281238 0.0003774139557684909 0
0.0002209570524813614 0.0007249631844379921 0
0.0007170575850145899 0.0004840806993811405 0
0.0007169811704961968 0.0004814040311306802 0
0.000656407480618649 0.0004757085795488764 0
0.0006870701711844998 0.0005152085280770552 0
0.0006891668935903383 0.0005165206166653841 0
0.0006408485108576606 0.0004792793868260658 0
0.0003674140873673368 0.00055359458648902 0
0.000605194857518278 0.0005104443722966466 0
0.0006030327681362033 0.0005116659514592704 0
0.0006033825156842043 0.0005338804475515503 0
0.000606610333992846 0.0005319369812323439 0
0.0006065715276484647 0.0005357692517271202 0
0.0006097304550459679 0.0005336331169375896 0
0.0006097817492513936 0.0005299885403910852 0
0.0006129461244134257 0.0005317874211942109 0
0.0006127033617924254 0.000528252677671532 0
0.0006098861649267417 0.000526528554247056 0
0.0006125921035530723 0.0005249652794055907 0
0.0006153828598684653 0.0005264567809848908 0
0.0006129445375099234 0.0005362137198852171 0
0.0004741101099342428 0.0004930458288613761 0
0.0004087042294123353 0.000699115328616045 0
0.0007648001961864134 0.0005844432665086821 0
0.0007953767357487833 0.0005346591216801481 0
0.0007917068864413401 0.0005360473186837274 0
0.0007949264440752534 0.0005385828234251356 0
0.0007912036608039288 0.000540046437632747 0
0.0007944984453898732 0.000543064731798824 0
0.0007904397952861838 0.0005446765475934049 0
0.0008037432097658082 0.0005032233610256223 0
0.0008013563025929396 0.0005039668009453025 0
0.000522789414495099 0.0006663475912825103 0
0.0005374029477135044 0.0006627790974469583 0
0.0008340881009372094 0.00048694427902757 0
0.0008359143061420096 0.0004886222208090971 0
0.0009173816082832401 0.0004987370852090137 0
0.0009168251268080218 0.000450456192043503 0
0.0005948569669944947 0.0005809534309653739 0
0.0008029180852055732 0.0004199336114598448 0
0.0006938481117189794 0.0005191274338363166 0
0.0008724611115655452 0.0004827794099740717 0
0.0008727161387502402 0.0004803220248742478 0
0.0009455624351388788 0.0006795930489073304 0
0.000441846142009607 0.0004194665371056926 0
0.0005334640579099572 0.0004964592646646369 0
0.0005356609753207949 0.0004952979215946736 0
0.0005355542880219582 0.0004976718239137926 0
0.0005378150806372326 0.0004965351438597659 0
0.0005795426860226231 0.0004358558822572332 0
0.0009896890210643607 0.0005415783900564472 0
0.0004982042389116726 0.000511124009740925 0
0.0005005454878488593 0.0005102711551396073 0
0.000658817546354535 0.0005299083265151551 0
0.0006590377455115175 0.0005334080334145517 0
0.0006618668563835212 0.0005314229715346977 0
0.000485392619040752 0.0005947608887682845 0
0.0004752693408991334 0.0005965345999080543 0
0.0007097852172351417 0.0003427403330494038 0
0.0007231640150934724 0.0003374878401323006 0
0.0002862095619251392 0.0005928603810599804 0
0.0005912485623413243 0.0006620964581277634 0
0.0005917792461850688 0.0006783537862947728 0
0.0005758164218959499 0.0006696447187594791 0
0.0006422987257215715 0.0006625086305332941 0
0.0001197892981338139 0.0002448978130406009 0
0.0001292060654146865 0.0002842330361478953 0
0.0001118679001712891 0.0002046969439974845 0
0.0008132525652865876 0.0005199673187984435 0
0.0009029100778693381 0.0004993471082595587 0
0.0009051703404857082 0.0004983163924445317 0
0.0009006259359907689 0.0005003344260635556 0
0.000548239076824561 0.0005196842388938165 0
0.0005504862784394642 0.0005210127509533355 0
0.0005527326576779073 0.0005197936617064217 0
0.0005526790614756338 0.0005223677385089927 0
0.0005549982845959139 0.0005211088781574567 0
0.0005549123665612715 0.0005237340956521779 0
0.0005572288189596151 0.0005223577857834377 0
0.0005572915526012314 0.0005197856239715844 0
0.0005595324794757365 0.0005210725159987842 0
0.0005595406200970763 0.0005185127432579545 0
0.0006935845415919694 0.000432400201807537 0
0.0006141474417996246 0.0004597479913865206 0
0.0006173538132833963 0.0004622537720284913 0
0.0005023486664686124 0.000525353096252261 0
0.0007697667458327617 0.0005277579640486711 0
0.0007699066740790136 0.0005243081143848638 0
0.0007674800388319076 0.0005224839074230926 0
0.0008796185029122513 0.0005319052922981269 0
0.0008758388085816993 0.0005337258016196365 0
0.0008751100025415032 0.0005377484277958049 0
0.0008720725064525797 0.0005351236156990171 0
0.0008728644113877475 0.0005313078784914064 0
0.0008712638092670643 0.0005392570005030638 0
0.0005526749637662551 0.0005252275788838845 0
0.0005552007042396793 0.0005263621805511977 0
0.0003722203310208069 0.0004770633503966507 0
0.0001090988328375743 0.0007268789022559895 0
0.0004429657821405172 0.0005373755659610535 0
0.000904048187138693 0.0005252118558532683 0
0.0009070134416418268 0.0005240906061361232 0
0.0009010166677372355 0.0005265517874147112 0
0.000900530643640619 0.0005296621372824391 0
0.0009333454828063368 0.0002835615569949175 0
0.0009512624505594754 0.0002718573897987898 0
0.0007371336832224454 0.0005037985421517205 0
0.0007365488560828054 0.0005061907013875918 0
0.0004506703051446236 0.0004539554860949623 0
0.0004473000126627655 0.0004572704870180553 0
0.0004483811076682737 0.0004615787673028689 0
0.0004441930916342042 0.0004607140360864705 0
0.0004421889638546946 0.0004561035370105733 0
0.0005747202456457983 0.0005481145650966165 0
0.0005741159410588415 0.0005532960633122115 0
0.0003562974717153839 0.0003967804626797892 0
0.00046050921663586 0.0004478735027660784 0
0.0008079343486883857 0.0005222341322554785 0
0.0004659342883995727 0.0007468460201485074 0
0.0008745816546070271 0.0004423842325855198 0
0.0004338744102761281 0.0004660028366227948 0
0.0006829967927376881 0.0005569830350659634 0
0.0006810561230948934 0.0005627807353316213 0
0.0006767556191736497 0.0005581894738492622 0
0.0006747745474755346 0.0005641082670830705 0
0.0007498418835317718 0.0004631597560394891 0
0.0007498059281706649 0.0004589677787346818 0
0.0009476724285400772 0.0005858614375126479 0
0.0009540159505791305 0.000591204477689506 0
0.0003048345140118145 0.0006180345358124922 0
0.0007480961151751964 0.000525723566832274 0
0.0007478320438091526 0.0005286592991563825 0
0.0007510963182291929 0.0005273847501591172 0
0.0004638966854104887 0.0004933385141685949 0
0.0008826732360315958 0.0004603940407104822 0
0.0004345294463861414 0.0007748659676776982 0
0.0004533794194626187 0.0005142689610813768 0
0.0006189704571558831 0.0006789687107087596 0
0.0007291824618218998 0.0005616956526230941 0
0.0002626645412537552 0.0003692461518518727 0
0.0002797019032314751 0.0003545770883849578 0
0.000638519641753037 0.0009183482136700456 0
0.0009342614671431808 0.0004625791103552906 0
0.0005224010837225346 0.0005145537988755917 0
0.0005201527016916844 0.0005157849107571092 0
0.0006853859528243649 0.000567683466625495 0
0.0008971423417226552 0.0006152507836607768 0
0.0007583540953152003 0.000589809712769888 0
0.0004371737138722681 0.0004628229971374522 0
0.0009031067800101267 0.0004551868896580018 0
0.0009037574768373495 0.0004503318734416506 0
0.000899109842850162 0.000452179921711144 0
0.0008997708564854831 0.0004470097349460342 0
0.000415214748911242 0.000424072722750816 0
0.0009813930787154861 0.0005507989385825359 0
0.0009858087111023319 0.0005531829772131834 0
0.0008944815924923077 0.0005171304473335287 0
0.0008004689535860076 0.0005206924286254123 0
0.0007978879791521272 0.0005216079031390731 0
0.0008492871342871782 0.0004025821623159294 0
0.000848110751036101 0.0003923919527138579 0
0.0008107891815578263 0.0004170433281609255 0
0.000816465415486546 0.0004221840447918244 0
0.0009193557967644983 0.000330159119046493 0
0.000993246732419083 0.000476535534398939 0
0.000781869579802971 0.0004919681138067832 0
0.0008434641572796069 0.0005052722520161701 0
0.0008437832944961324 0.0005027927053982619 0
0.0006312678217167229 0.0004835586552011873 0
0.0005245756762468101 0.0005132943296348784 0
0.0006506648959416756 0.0004925031233964734 0
0.0007993188467384073 0.0004932996861800213 0
0.0005678961046748463 0.0005111517933012865 0
0.0005678754713909101 0.000513651708153351 0
0.0008511115711721742 0.0005138182118187661 0
0.0008530839288355913 0.0005153325698677433 0
0.0009503514304353102 0.0004866604895165045 0
0.0007876001175838518 0.0005060539555387787 0
0.0007857591973713438 0.0005043625026807112 0
0.0008053859884137469 0.000495934034655689 0
0.000670186938143488 0.0004889482162453958 0
0.0006613771429383199 0.0005038608416656766 0
0.0006701119449416834 0.0004964478413451519 0
0.000791074180909138 0.0005004253781017467 0
0.000667909256999984 0.0005001755351221001 0
0.0009860396971994329 0.0005011656785947607 0
0.0009211376856510009 0.0005089874828899657 0
0.0009232143649291445 0.0005103793905694177 0
0.0008250124279661504 0.000487505481262745 0
0.0008599317970870053 0.000496048867246326 0
0.0008576248504875959 0.0004970122958553177 0
0.0008622386971536219 0.0004950854996637195 0
0.000698153913300474 0.0004984846913441011 0
0.0007715849636595988 0.0004884187421432723 0
0.0007721307983224032 0.0004859833820202282 0
0.0007700295434851412 0.0004844302410032158 0
0.0007726239693789688 0.0004835458370742708 0
0.000986754896626985 0.0004936995576363139 0
0.000980648619779391 0.0004893472886125517 0
0.0009849587838123648 0.0004897604490274166 0
0.00054621452469716 0.0005159566262787408 0
0.0005462271664729207 0.0005134702925849177 0
0.000914641029018607 0.0005371658983316054 0
0.0005025184813687601 0.0008992003951725049 0
0.0007384470036597523 0.0004690079333922568 0
0.0008438569668862727 0.0005191871931990986 0
0.0005065756518133726 0.0004177905475777568 0
0.0005291901999145886 0.0004966466982816635 0
0.0008157242129042412 0.0004650548412052111 0
0.0008292864573042386 0.0005135307779321457 0
0.0009311576948689075 0.0004600304495788694 0
0.0009865135966622041 0.0004679825148265641 0
0.0009900437680507071 0.0004663729566702518 0
0.0009759314042406318 0.0005200374853439642 0
0.0009736744972534911 0.0005211104588818082 0
0.0009189516628343749 0.0008822747999159778 0
0.0006273466816600904 0.0004760281994387059 0
0.0007211904278282598 0.0005273834181062794 0
0.000499543623144322 0.0005267875600757189 0
0.0006250503229999312 0.0004712497247822037 0
0.0006223857922328142 0.0004695933255631325 0
0.0006254264040164368 0.0004678675993066846 0
0.0006412767801420945 0.00036641294354612 0
0.0006307487976406975 0.0003593922511226719 0
0.0004850869204006306 0.0004931715541971401 0
0.0004697550354924609 0.0005338774750072292 0
0.0001195952910413452 0.0008726200919091593 0
0.0004999395742920913 0.0004885275296601173 0
0.0005001233592102272 0.0004909401867836926 0
0.0005744101637216558 0.0005123119071815218 0
0.0006309256059663672 0.0005235642458297877 0
0.000247660048706568 0.0003845077226531843 0
0.0009069327850497071 0.0004995800730032442 0
0.0006099268472580905 0.0005979893314903486 0
0.0007128785499610544 0.0005272173678444701 0
0.0009209758832252804 0.0004607596637155063 0
0.0009246962492801402 0.0004590276407255225 0
0.0005948578754075787 0.0004790221816927544 0
0.000458311913109705 0.0005069342346334833 0
0.0004937973343260595 0.0004926342762640757 0
0.000496272432268905 0.000494164750598239 0
0.0006181530367184438 0.0004958321179852742 0
0.0007107846981310032 0.0004904336543990733 0
0.000764181526599178 0.0004565230294937555 0
0.0007251514159407552 0.0004776072101966268 0
0.0005043980502694392 0.0004907812992827181 0
0.000141617415165504 0.0004237041345294641 0
0.0004384752053162554 0.000379930043298908 0
0.0005266862322270987 0.0005278196980593367 0
0.0006161166615168648 0.0005336028474213136 0
0.0006933710405787502 0.0005307734162403914 0
0.0006908341665235333 0.0005292075487728071 0
0.0009713172008546701 0.0004959664137292791 0
0.0009733578723368616 0.0004974084505721488 0
0.0009692782103863113 0.0004945176812989967 0
0.0009695150975248527 0.0004920440463006229 0
0.0009672479253146805 0.0004930757569931135 0
0.0009535963735953548 0.0007100134905707815 0
0.0004912090535506539 0.0005070301969005123 0
0.0006998063231643413 0.0005773597343469194 0
0.0006919806167068729 0.0005779000904906329 0
0.0004789847554985421 0.0004859962946360275 0
0.0009062672014087227 0.0005070888084084494 0
0.0006217568718637943 0.0004618645357432825 0
0.0006500900778565913 0.0004654031191901686 0
0.000646770662802123 0.0004636648095166933 0
0.0006916387376778308 0.0004976170669200439 0
0.000693832306444782 0.0004986868383012301 0
0.0006918111067317108 0.0005002681061330291 0
0.0009120397643870185 0.0004703393958573637 0
0.0008428327041541603 0.0004631568180215625 0
0.0004987722385759329 0.0005086567998789412 0
0.0005010610311685095 0.0005078099775696972 0
0.000395895557876632 0.0005518019059426979 0
0.0009426066211852559 0.0005726930952460221 0
0.0007707475393197808 0.000481887573994514 0
0.0005050833291026126 0.0005237999696773227 0
0.0008524092000798171 0.0003696945378731222 0
0.0005373227223838149 0.0005264732358055578 0
0.0008995590202789236 0.0004793329437746627 0
0.0009376155955607736 0.0005203235236966813 0
0.0009383659471571687 0.0005179894630278228 0
0.00098446309561003 0.0004532840296813815 0
0.0006914304928499941 0.0004923808375331255 0
0.0007173401909024333 0.0004914418329420424 0
0.0007195697643967817 0.0004925763028532685 0
0.0007196779930122952 0.0004950650048161134 0
0.0007218051573036064 0.0004937515261252349 0
0.000721858422653783 0.0004961633575715895 0
0.0007197397761997652 0.0004974903084094624 0
0.0007238505822602782 0.0004948801850156292 0
0.0004578804472924587 0.0005293221270327066 0
0.0004542317687976426 0.000529814526806369 0
0.000991990518474008 0.000472046104189176 0
0.0001022469741532838 0.0006599993255821076 0
0.0004373239872215742 0.0005516676811421169 0
0.0008214913319301869 0.0006331288475662104 0
0.0008194022006360542 0.0006479216671597287 0
0.0008301738251118983 0.0006561154934037741 0
0.0008164558959483383 0.0006617718457490073 0
0.0005700235026162251 0.0005147963032005877 0
0.0009279484755563591 0.0005031745405420881 0
0.0006614385773019806 0.0005138513340114127 0
0.0008190218103326413 0.0004760040867199749 0
0.0004828958077341773 0.0002583994970955118 0
0.0004839394491721432 0.0002819638574216779 0
0.0008087358111905983 0.0005016832965044998 0
0.0009904709537411729 0.0005229919723258164 0
0.0009926021360752693 0.0005246172515231809 0
0.0005665983496673843 0.0004662846670038908 0
0.0008882552983340651 0.0005497391900349813 0
0.0006203920074412409 0.0004472958151185111 0
0.0007852795544185161 0.0004748130819882876 0
0.0008834230729974325 0.0005893553137337596 0
0.0006699463722828544 0.0005587723492747114 0
0.0006683021170294959 0.000565340494921588 0
0.0006635639186565844 0.0005613282054334327 0
0.0006377240192888879 0.0005252431141958155 0
0.0006350183137411908 0.0005266593273918365 0
0.000493622544263438 0.0005126573987086745 0
0.0007987129604924505 0.0005410354825443597 0
0.0007981321249798432 0.0005456515086794602 0
0.0008025083437527057 0.0005438474216467681 0
0.0008012818931659723 0.0005486520008113368 0
0.0008064484933755559 0.0005469112642119008 0
0.0007345251458885144 0.000551526890589682 0
0.0006706654845116012 0.0004200571717649968 0
0.0006773697859819523 0.0004167112190430856 0
0.0005095418239971297 0.0005207369932248233 0
0.0004876869861348151 0.000457421968251741 0
0.0004884078076489581 0.0004618448431108355 0
0.0008529900092529364 0.0004835568612580757 0
0.0008505800966792643 0.0004842605129514945 0
0.0004581915678535513 0.0004666311865232105 0
0.0004543817697151561 0.0004657098440412535 0
0.000918198457672484 0.0008474702819944819 0
0.0007998321333909979 0.0004411269214298194 0
0.0007939611571511873 0.0004438154794645837 0
0.000681100910850315 0.0004360345830533204 0
0.0006464726416813044 0.0005541388944477618 0
0.0007936041534158456 0.0005085586891170181 0
0.0003160356317657869 0.0006327315817873056 0
0.0009345264336771232 0.0004719364888559147 0
0.0005982169421300853 0.0004692528686983499 0
0.0009937270356500736 0.0005091074367871309 0
0.0005765972314169896 0.0005110703181828878 0
0.0009772128615898918 0.0003806015439334622 0
0.0004037081693922846 0.0006414041575397442 0
0.0006112682563158671 0.000378972368330185 0
0.0002551000807023145 0.0005786887558862173 0
0.000242220947317119 0.0005622007164726708 0
0.0004405451963195476 0.0005341683461897045 0
0.0004445981519163911 0.0005329592334303513 0
0.0004661195776042618 0.0002935661957521245 0
0.0004857630574372245 0.0003016265105685221 0
0.0005025147080438237 0.0002917599742248229 0
0.0005957192537997844 0.000572246820016056 0
0.0007263234817539337 0.0005282339678255798 0
0.0009394814420709652 0.0004273538069515192 0
0.0009474972889384954 0.0004313084370770551 0
0.0007418791689582471 0.0004312276110859382 0
0.0007426672249222009 0.000424158677415575 0
0.0007487835828554301 0.0004283410488519189 0
0.0007495825290842436 0.0004209413848293939 0
0.0007434895955184984 0.000417167768881854 0
0.000909155174336105 0.0004958023108752646 0
0.0002741708835167896 0.0005450366643578463 0
0.0005033960530704015 0.0004757362913202102 0
0.0007406533557825807 0.0004798143679907862 0
0.0007407559948343189 0.0004824551246131184 0
0.0007427766835715845 0.0004838070029827328 0
0.0007404608438322953 0.0004850119965799892 0
0.0006193826939589712 0.0004333193954309278 0
0.000742462624660946 0.0004863616431811831 0
0.0008435315445407246 0.0005216622303248239 0
0.0008412113520904905 0.0005225364457222229 0
0.0006851952702988659 0.0005140769973331191 0
0.0005999048982634979 0.0004594070405462505 0
0.0006040545852649404 0.0004570292832854528 0
0.0006685436433923728 0.0001347428285287188 0
0.0006661652765465862 0.0001013441637886385 0
0.0006342314505913721 8.672090203884525e-05 0
0.0004922604021992031 0.0004632737763364085 0
0.0009755872224507055 0.0005226137539278299 0
0.0009733416886825238 0.0005237668765110936 0
0.0004438977123581766 0.0005072964223830022 0
0.0006177019208827831 0.0005932114984931003 0
0.0005755183890350649 0.0005302547401426543 0
0.0008298323586035225 0.0004648028132688349 0
0.0008311427608986354 0.0004610857085276433 0
0.0007982634765257131 0.0005192978199762197 0
0.0008735543034477751 0.000593863567390878 0
0.000858810496930522 0.0004474806991398522 0
0.0009281319893381138 0.0005007870510364766 0
0.0004599987268470141 0.0004085248140626402 0
0.0007826759461185351 0.0004781158177273548 0
0.0004453501588398888 0.0004645880762293878 0
0.0005217292749727532 0.0004941929404440194 0
0.0005240353249925879 0.0004935480936813487 0
0.0003887076178780402 0.0002395065779927425 0
0.0005825740876438471 0.0005661875410596731 0
0.000667312236942946 0.0005317799939864909 0
0.0009086315162001574 0.0005033084185036812 0
0.0005753001076735482 0.0005427913101060377 0
0.0005204847037187962 0.000425731452913279 0
0.0007266788430425669 0.0009029105624179681 0
0.0007523548756125036 0.0009291458780703768 0
0.0007533428455467281 0.0005560251429071199 0
0.0007585479681462981 0.0005543833921861899 0
0.0007592493940896151 0.0005481712948316297 0
0.0007634975712960852 0.0005526719933570363 0
0.0007629004280222129 0.0005585033644382173 0
0.000438921770150371 0.000513833798377186 0
0.0004363720878276159 0.0005114589649195529 0
0.000987958270787569 0.0004427822933968346 0
0.0009239383318902279 0.0003930662568867371 0
0.0009230660989399406 0.0004025985690486034 0
0.0007123340386758068 0.0005223643714048974 0
0.0005442214258489738 0.0004947412375733654 0
0.0005420427564356051 0.0004961197287337434 0
0.0005420379834401903 0.0004986196674389945 0
0.000732456465403965 0.0005453534225740709 0
0.0006695950866145459 0.000534572611571468 0
0.000929906212524129 0.0005021445010709414 0
0.000517050034038222 0.0004826856097099636 0
0.0007055358047666194 0.0004780431614184041 0
0.0006773656614147913 0.0008712869498316525 0
0.0009505393411632395 0.000474794047833755 0
0.0009536181668543172 0.0004736254939185846 0
0.0002213422899573141 0.0004345638335303233 0
0.0002816489790416624 0.0008579172247124868 0
0.0002602023655887361 0.0008893494710620908 0
0.0004637863694510868 0.0004797414654730856 0
0.0009696521581966464 0.0004017784646798376 0
0.000482800464994584 0.0004848567736582623 0
0.0006454854946155082 0.0004814406308243498 0
0.0009325019296841804 0.0004828835863315252 0
0.0009301488339022126 0.0004837534868054324 0
0.0009350477851742317 0.0004819559197861063 0
0.0009373600405072855 0.000465008920474667 0
0.0009377338367885572 0.0004615612128276832 0
0.0007072137722134049 0.0005051640637009683 0
0.0007052624731605907 0.0005065814536083511 0
0.0003540929612133503 0.0004561668613240053 0
0.0003463363588282577 0.0004648763572526765 0
0.0003617214742835613 0.0004493333152586537 0
0.0004674216050384588 0.0004842065351457503 0
0.0004681200912629599 0.0004866282228274822 0
0.0004672928664327157 0.0004819414063719344 0
0.0004687511806729203 0.0004802166603761558 0
0.0007316258889704339 0.0003616444500570393 0
0.0001896961696874842 0.0009017257448870649 0
0.0007297585817451235 0.0002205371937504029 0
0.0005758749750563757 0.0006867068185129367 0
0.0005640329966510286 0.0006765729077447288 0
0.0005610091397319474 0.0006598430191002774 0
0.0009949966480568375 0.000520864387255797 0
0.0007777790543964879 0.0004795354721217508 0
0.0006760678154007277 0.00053110636989592 0
0.0009091076557585011 0.0006354237381572724 0
0.000975012762379959 0.0004683670930888255 0
0.0009724101548997453 0.0004662931420883361 0
0.0007472091264885974 0.0004817599924967706 0
0.0006411423454006309 0.0004818228003458611 0
0.0007111604966005791 0.0005183199014561297 0
0.0009179061296463355 0.0005394473968768227 0
0.0009142065203744852 0.0005414367948064422 0
0.0009216535114221969 0.0005375795775453804 0
0.0004992604215164479 8.124952150878775e-05 0
0.0004662800093022804 6.795124020519215e-05 0
0.0004384565838973838 8.669148193862468e-05 0
0.0008176480184979574 0.0005934699140280635 0
0.0008194240481338004 0.0005840824096689621 0
0.000989302648419389 0.0004518109922384302 0
0.0009921879685277203 0.0004556998161222338 0
0.0008030824103855904 0.0003551139303350275 0
0.0008151349460357486 0.0003487742985715933 0
0.0008265369146560243 0.0003566889836407838 0
0.0008277228413159301 0.0003421887011648187 0
0.0008482372007781033 0.000468331054147123 0
0.0006471292045272478 0.000526862632859741 0
0.000706735797653673 0.0005361924297449883 0
0.0004240019071791243 0.0004829367468118399 0
0.0004204317665249447 0.0004865206937459976 0
0.0002669241664814367 0.0004647414126406374 0
0.0004207749740073639 0.0005127353645845098 0
0.0008980236134690748 0.0005278419114617635 0
0.0007205920073610321 0.0004800581474619003 0
0.0007700720898295151 0.0005215861910602476 0
0.0007723823871679916 0.0005231366095859972 0
0.0005376664904081536 0.0004988537875367862 0
0.0005329355201423428 9.569503265903009e-05 0
0.0007238825173511555 0.0004924157211975329 0
0.000725599983316607 0.0004938446435328352 0
0.0008523512754883476 0.0005285915191666228 0
0.0008520828961876525 0.0005318597095733428 0
0.0008488449973460718 0.0005334039234599604 0
0.0006894791106516942 0.0004939978923223295 0
0.0005778296693586361 0.0005625547263581061 0
0.000820249299149886 0.0005452381739548475 0
0.0008168062082978243 0.0005421177921084713 0
0.0008156279063323345 0.0005463436961020821 0
0.0007002917532095059 0.0005324975957714494 0
0.0005162150127635443 0.0004985413969854594 0
0.0005139575286601985 0.0004992290489167181 0
0.0005134709140046253 0.0005015436218432993 0
0.0005192078259143092 0.0004788254098344779 0
0.0008278713961454309 0.0005467597877706569 0
0.0008893623868009031 0.0004410214821248276 0
0.0008846735489321553 0.0004370895459078873 0
0.0007290622116083724 8.822029478260266e-05 0
0.00076167082843231 6.962968559405221e-05 0
0.0007911130613615711 8.801001831406445e-05 0
0.0008755925688173417 0.0005105483178275325 0
0.0008775026258598479 0.0005121738936190173 0
0.0007912192839777919 0.0005093172858496682 0
0.0006127013145560722 0.0004295704233697482 0
0.0006401083664203511 0.0005237299128746837 0
0.0003335080624602066 0.0006289156484132409 0
0.0005338197341943009 0.0006301303210096408 0
0.0009254598619884037 0.0005092774208504156 0
0.0009251972019608933 0.0005117507776008794 0
0.0009230303912110757 0.0005128691263417206 0
0.0009249870046268206 0.0005140705880720132 0
0.0007571452056255635 0.0007522165224441884 0
0.00082732689942576 0.00058161768252982 0
0.0004557257453148993 0.0005269644768260342 0
0.0003769643520692291 0.0006461697667002304 0
0.0008272304054971976 0.0005317815068636122 0
0.000532408934544346 0.0006788342657002665 0
0.000471518368301341 0.0005584347983209519 0
0.0004658060423865135 0.0005606113950503717 0
0.0004644749163477886 0.0005671131568788716 0
0.0007879753862510655 0.0005373228431283872 0
0.0006447067112896137 0.0003519010656018035 0
0.0006294662773674727 0.0003455127351669096 0
0.0006428314869628249 0.0003378530086102966 0
0.000616171324615489 0.0003549351324086533 0
0.0007347836552607093 0.0005046453923777075 0
0.0007341635548319866 0.0005069392586284687 0
0.0008601417125348319 0.0004419158199496028 0
0.0008655076055399721 0.0004394300536208362 0
0.0003508922790166338 0.0004760363541170089 0
0.0003386794154040083 0.0004743423257970401 0
0.000333041632861179 0.0004607461962764799 0
0.0007792544983433931 0.0004585299774591084 0
0.0007801973011921865 0.0004540502598409519 0
0.0007763622953613649 0.0004510995120444912 0
0.0006947481577004534 0.0004638590232617325 0
0.0006942092970286819 0.0004597746312718263 0
0.0004968561683866954 0.0009366829841030409 0
0.0009339091179702748 0.0005001466852176367 0
0.0008723067558686132 0.0004850152014863192 0
0.0008701068861547797 0.0004840416967602778 0
0.0006156379042809225 0.0005462809888560187 0
0.0007244536816122132 0.0004339644152574834 0
0.0007233596958457914 0.000426486282031499 0
0.0008491168166637642 0.0005675448417401082 0
0.0008562118688576365 0.0005657899636157459 0
0.0008616510134278809 0.0005699742722209652 0
0.0006430218941377834 0.0005250460592004371 0
0.0006400066797386528 0.0005467928082895623 0
0.0006373570065891822 0.0005518165739533158 0
0.0004283507909114857 0.0004599541171835036 0
0.000578877883894308 0.0002461557574837045 0
0.0007368023709036347 0.0005613342706576943 0
0.0006984740135690407 0.0005059778574150341 0
0.0006494939165825851 0.0004496551572174544 0
0.0006497946144786023 0.0004543247346096652 0
0.0006480412031625096 0.0004440245792362855 0
0.0008801106229883055 0.0004924689804875308 0
0.0008823936261611818 0.000491448320870264 0
0.0008843555883150925 0.0004929026479291532 0
0.0008846068905479162 0.0004907216945188132 0
0.0004991672014307881 0.00052978908055048 0
0.0004969422242925341 0.0005279469760137781 0
0.0006219980834096364 0.0007706384816907756 0
0.0009324426305420035 0.0004225420835795439 0
0.0009322124761925385 0.000414982519492479 0
0.0009241659953820127 0.0004201493984556414 0
0.000594519661136661 0.000476182465449439 0
0.0006971611243297352 0.0004848806595575447 0
0.0005966251670147362 0.0004614459488301026 0
0.0003839978637686741 0.000519774389514891 0
0.0008177654652036518 0.0005376200950566964 0
0.0008134978794463205 0.0005389947344693631 0
0.0009649755315654058 0.0004748618326119285 0
0.0006210239025408158 0.0006078245259270634 0
0.0005810527754987189 0.0004937068014982237 0
0.0008473713579577354 0.0004111906043214531 0
0.000690431530123871 0.000484590533878641 0
0.0006912612225402037 0.0004869217918012899 0
0.0005696950161177454 0.0005500462563865226 0
0.0003441274389608474 0.0005382321714866767 0
0.0003373407665709767 0.0005271354422938416 0
0.0006465485025211532 0.000541848595314048 0
0.0005221223937198621 0.0003946313604553161 0
0.0004770066857215947 0.0005565038463331189 0
0.0009953348076068504 0.0005159346603276141 0
0.0004672191431610115 0.0004901889934189132 0
0.0004679376156611419 0.0004924165607308665 0
0.000968955405043165 0.0007223166124569045 0
0.0005124998253232399 0.0004749459574066943 0
0.0005099944718899027 0.0004731256284966384 0
0.0006024005504453192 0.0009300717270066103 0
0.0005688245865759936 0.0009021790213842081 0
0.0007713604575063 0.0005804350120310539 0
0.0007710015819864958 0.0005720555948465931 0
0.0008437097041637389 0.0004727784955152414 0
0.0007658046203570351 0.0004855845174589745 0
0.0007632341454425517 0.000486458089956344 0
0.0007622712123911713 0.0004890175511277465 0
0.0007320502625079017 0.0005050727491438968 0
0.0007317399570104157 0.0005075901939218952 0
0.0004829651205480288 0.0005108586042441675 0
0.0009342417048843508 0.0002613765211012819 0
0.0005004174029144625 0.0005408833824688715 0
0.000192351252324924 0.0002706974823063049 0
0.0009210663845902049 0.0004990384204613231 0
0.0002312678245432614 0.0004573950891483387 0
0.0002074939947083967 0.0004543393434760972 0
0.0009250795362419601 0.0005243272201006757 0
0.0008829335182002332 0.0004557197209126073 0
0.0004957152699438239 0.0005937360289616543 0
0.0005026694854589577 0.0006012020672807698 0
9.24055900743404e-05 0.0003470873726643039 0
0.0008108410903380334 0.0005212485534389521 0
0.0007987991610415615 0.0004475960724306885 0
0.0006159560882044251 0.000409298484140291 0
0.0009541447526013452 0.0005485955893241184 0
0.0009497944370672538 0.0005508014307224235 0
0.0009456862200888718 0.0005475732094150387 0
0.000944964324012828 0.0005528322166566801 0
0.0009494038826736025 0.0005563668188578601 0
0.0009408210275448508 0.0005500605904644419 0
0.0003639815674819705 0.0006511779260480216 0
0.0008702918374307578 0.0007528922182013675 0
0.0004368829639176003 0.0004531204200946415 0
0.0004361204809316686 0.0004472268076710225 0
0.0004831074826348725 0.0004511058044222628 0
0.0004829519063631022 0.0004449225865502003 0
0.0006919634129704628 0.0004749106533788338 0
0.0006896926874318263 0.0004765942788639266 0
0.0004601629215134239 0.0005629143947271623 0
0.0009332652851098448 0.0006688849880488443 0
0.0009349496159312529 0.000653135751095811 0
0.0008932637443930437 0.0004878170375823288 0
0.0008910672762004065 0.0004887460744086632 0
0.0007116628377698114 0.00051627065983304 0
0.0005189497164102008 0.0006050708708785909 0
0.0009834274421532856 0.0004696988107821866 0
0.0006895135734169647 0.0005141545878913076 0
0.0004012316386028652 0.000558881876807058 0
0.0009066184538545063 0.0003666544265179705 0
0.0008965292502491732 0.0003593093824954658 0
0.0009088121362217623 0.0003529571907158623 0
0.0009434892460632967 0.0005654122473982005 0
0.0008693130975826553 0.0005087861536245734 0
0.000539550197463178 0.0006487742578227369 0
0.0004830931152257897 0.0005170232480488447 0
0.0004826265274065455 0.0005195989552757984 0
0.0007187849313409203 0.0003787432235487197 0
0.000460991751060614 0.0004680440905291219 0
0.0009790455273918871 0.0003977243564047771 0
0.0007538402278265526 0.0004576412104377668 0
0.0008749122579392269 0.0005855041405519884 0
0.0005810511095614757 0.0004912596881730444 0
0.0005788964364342552 0.0004899918617989592 0
0.0005810717428454075 0.0004887597733209748 0
0.0005789170697181878 0.0004874919469468916 0
0.0005810254602046617 0.0004862593061719871 0
0.0005789265503480009 0.0004849919400453377 0
0.0005809779247820987 0.0004837588286830418 0
0.0005789362622492982 0.0004824959747893352 0
0.0005810480517860396 0.0004813614325309964 0
0.0005789789695699685 0.0004799922023906884 0
0.0005816554762624127 0.000478841740983546 0
0.0005790836371158041 0.0004774911790187897 0
0.0005828427217955301 0.0004829045607239042 0
0.0007414087875622122 0.0004675641439491664 0
0.0007384542698579364 0.0004649123944637288 0
0.0007350920527913361 0.0004629122467038122 0
0.0007344169302166575 0.0004584188739014201 0
0.0007312431101341949 0.0004620583217076381 0
0.0006397241609871705 0.00059595014412836 0
0.0006308066214062717 0.0005921762065943325 0
0.0009897225582249803 0.0005261757528631511 0
0.0005678054636625287 0.0005159452953569087 0
0.0005656919359056792 0.0005148494086899171 0
0.0005656288325384737 0.0005171808818519927 0
0.000563586449608234 0.0005160729746429675 0
0.0005080317090977422 0.0004704002554622115 0
0.0005121263854704662 0.0005177253391106018 0
0.0005145974195104592 0.000517131301536847 0
0.0005165215150484319 0.0005188311060335727 0
0.0005170339818186969 0.000516272093326973 0
0.0004522215127042595 0.0004149885254470043 0
0.0009091935247347838 0.0004931403123005287 0
0.0007699787332237356 0.0004667334720548466 0
0.000724855130465491 0.0004801826438051683 0
0.0009276229251862103 0.0005055709840047375 0
0.0004376631936084821 0.0005076890445908658 0
0.0007555956464445842 0.0004247382063080638 0
0.0007567377272655434 0.0004173694998841886 0
0.0008750832465406516 0.0005129541524527189 0
0.0002986497673712233 8.854952671941301e-05 0
0.0003290727812860822 6.219137302929605e-05 0
0.0004088749310019986 0.0005133661435452906 0
0.0005949576909101041 0.0005255330278706173 0
0.0006064254137436466 0.0005405432284829783 0
0.0004723528172446858 0.0005058046252592529 0
0.0007268535782382408 0.00056870180759223 0
0.0008351856697543719 0.000490969006619389 0
0.0008375387254476643 0.0004901692456199669 0
0.0008382566344957245 0.0004878761728271023 0
0.0006069692848467899 0.000563805206799598 0
0.0005242681959398907 0.0005029469637015669 0
0.0004668947375828551 0.0005551260721941032 0
0.0009358530706850995 0.0005188556697134769 0
0.0006534446150483361 0.000476837826719192 0
0.0004125049606414767 0.0005083160240106079 0
0.0004019824609768481 0.0005134948486633492 0
0.0008285948330191664 0.0004582928046706291 0
0.0008327121306621825 0.0004573267515700705 0
0.0004489383495843294 0.0005412076370740342 0
0.0005025349793802481 0.0005226784216749277 0
0.0006037737255164945 0.0004757917817087671 0
0.0004494395945661722 0.0004659517065206814 0
0.0004630379219267636 0.0005057050973692144 0
0.0008896750537580089 0.0005358325749699909 0
0.0008898940671000276 0.0005318883456784211 0
0.0009014853061966314 0.0005233275666298717 0
0.0009281943006262177 0.000482307958493973 0
0.000927636297723767 0.0004846678243523932 0
0.0009132842349072967 0.0004081211401471403 0
0.0004992986327982602 0.0005062876681128895 0
0.0005016092946423053 0.0005054377609697801 0
0.0005034437779558502 0.0005070525508914312 0
0.0005040170575657219 0.0005047634252677097 0
0.0005058279124999658 0.0005063009111558506 0
0.0005064362040792594 0.0005039595754073214 0
0.0005082140748980666 0.0005055285982289632 0
0.0005087906970968917 0.0005030939693618035 0
0.0005411678316340927 0.0004694068733470355 0
0.0006501803520695638 0.0004616527542558322 0
0.0006465044383740658 0.0004598599641513199 0
0.000993313451137392 0.0005317566446282008 0
0.0009131494845736167 0.0004475060754931451 0
0.0006191876193105556 0.0004716150215848684 0
0.0006192902521760785 0.0004679381634751945 0
0.0009890352212090392 0.000436623112554563 0
0.0009838008937561565 0.0004322826788282355 0
0.0007929066809849191 0.0003608477581994034 0
0.0007876143889350259 0.0004408356201587127 0
0.0007895014173213944 0.0004461923158025229 0
0.0003462859567459019 0.000242520860144579 0
0.0006904507724621509 0.0004818260755568012 0
0.0005047623494635265 0.0005206567133140914 0
0.000841993244794388 0.0005704508744236835 0
7.547143785252738e-05 0.00063010866222719 0
9.719757487688307e-05 0.0005962575040326575 0
0.0009212042738991437 0.0004567262927554589 0
0.0003261011859139611 0.0002593097572160212 0
0.0003228969798519782 0.0002304609026551023 0
0.0005222009564981213 0.0005693701468369294 0
0.0005199764992813647 0.0005629425396493977 0
0.0005151077268836343 0.0005592151678520102 0
0.0007757296612660938 0.0004772394305825008 0
0.000433453170134738 0.0008257126746837897 0
0.0007662331114438173 0.0005932373892472488 0
0.0007590307010682362 0.0005991334428041032 0
0.0007678168083478891 0.0006028838936983786 0
0.0007598397265159858 0.0006092535058530651 0
0.0007512080448749946 0.0006049374658407961 0
0.0007510151996525826 0.0006156863708682637 0
0.0007409999928345955 0.0006091955610966442 0
0.0007418029095861494 0.0006225799035956479 0
0.0007309207202101651 0.00061747991646269 0
0.000731982814330797 0.000629924027178501 0
0.0007207338113584509 0.0006251289031365375 0
0.000721790834154565 0.0006375836831307695 0
0.0007098348957281522 0.0006326572592566023 0
0.0007107149794642728 0.0006457265396667964 0
0.0007347957172340803 0.0006435995024677642 0
0.0006985806469138133 0.0006395899716741293 0
0.0006979354792206157 0.000627760701762733 0
0.0006862694170528774 0.0006335834164528753 0
0.0007544086476300537 0.0006284293361630872 0
0.0006964818061488726 0.0006545158889394937 0
0.0007130857293917478 0.0006591471286133059 0
0.0007188060659430978 0.0006124986364918393 0
0.0006682026030195309 0.0005099687725431385 0
0.0009532332263932725 0.0002500644511872828 0
0.00093222249380645 0.0002384667974221429 0
0.0009708621447588111 0.0002633175176989115 0
0.0006623497016303324 0.00044720314974498 0
0.0006675308948811 0.0004478812284627525 0
0.0006732136263833941 0.000446214823785104 0
0.000674683439012601 0.0004402976454187001 0
0.0006961479707385991 0.000487403054108297 0
0.0006935995790501728 0.0004879616963284729 0
0.0006911200169573239 0.0004894517586253606 0
0.0004702249013476436 0.0005044185835376477 0
0.0006635362859868622 0.0005126042430987894 0
0.0006507751396697043 0.0004755672298072667 0
0.0006508952522832421 0.0004784159089205678 0
0.000649191106918277 0.0004798442142421764 0
0.0006512197166722244 0.000481077446111549 0
0.0007384075176744901 0.000483583982218624 0
0.0007385104646077314 0.0004862034537929782 0
0.0004316712479569911 0.0005432052260816323 0
0.0004785595470886077 0.0005868180727446121 0
0.0004687660759804327 0.000589017169902378 0
0.0004659236494667736 0.000597616402472487 0
0.0008696648627625262 0.0005438437831893155 0
0.0008945523480903304 0.0004595474746848206 0
0.0006592188417889659 0.0004737628962102766 0
0.0004271244334990609 0.0004912077665961965 0
0.0007057245370829769 0.0004515588673774331 0
0.0009391511636227057 0.0004911213927768837 0
0.0009395452518835121 0.0004890488375890545 0
0.0009758615801018314 0.0003684415413570132 0
0.0009679896353199177 0.0003613879611617886 0
0.000883746341764383 0.0005522345553403929 0
0.0007137895178144019 0.000573093387186208 0
0.0008356636398863469 0.000461148414558402 0
0.0008372120167184276 0.0004563406810379828 0
0.0008339887668848449 0.0004528590314168868 0
0.0006515503783125741 0.0005404271199661952 0
0.0007009045156397914 0.0005072197026842766 0
0.0007016691902048487 0.0005095986066754237 0
0.0007593587621731236 0.0002095565853524118 0
0.0007538325319088202 0.0002368503602356688 0
0.0005343104179448951 0.0004721164203712845 0
0.0005371172951487255 0.0004704356742397729 0
0.0006598123918843326 0.0004771883095114904 0
0.0006630612498538013 0.0004778654186724002 0
0.0005149371480369136 0.0004843041894279671 0
0.0007333669096151811 0.0007620760742141621 0
0.0008683076242145754 0.0005361222468214682 0
0.0006847197921415225 0.0006703567457842665 0
0.0007498819045301311 0.0004812162417591299 0
0.0006729738783314302 0.0004528269538466794 0
9.058550196405175e-05 0.0002723200185460513 0
0.0003958135157123491 0.0007585495450421756 0
0.0003822980052549038 0.0007401184270390394 0
0.0006150574846699269 0.0005236984174959741 0
0.0006177512928742255 0.0005246402639594448 0
0.0006127082544268409 0.0005223495356449026 0
0.0006102580426727666 0.0005237239694346603 0
0.0003427401692154433 0.0005168091813036901 0
0.0008745222545762355 0.0005422594302617375 0
0.0008786147004518658 0.0005448988057294466 0
0.0009080419422100001 0.0006660453305303821 0
0.0008357795639555198 0.0005861491921920951 0
0.0005922136830353066 0.0005076387387056152 0
0.0007634967007275384 0.0004231175521282718 0
0.0007642114718060932 0.0004138399009889686 0
0.0007709359947551074 0.0004194983628344849 0
0.0008062857622353225 0.0005411252272400599 0
0.000516499308301302 0.0005215981710134279 0
0.0006733248946822403 0.0005537937563748492 0
0.0009954786288210963 0.0004946631457582847 0
0.0009951384691149786 0.0004970145206332399 0
0.0008074191033314534 0.0005254277468978713 0
0.0004571941257102259 0.0004943467690453039 0
0.0004548655010122347 0.0004932696735820925 0
0.0008111408022027953 0.0003987223822004005 0
0.0007642598860490754 0.0005231734266535106 0
0.000765115259838838 0.0005207116951827464 0
0.0007614243017143674 0.0005216093779220421 0
0.0007595115533478166 0.000522841983238308 0
0.0005127823543342189 0.000472139710454966 0
0.0003628521726650972 8.428537074521034e-05 0
0.0008975029109937793 0.0005307829277131709 0
0.000895190553876572 0.0005288647389455687 0
0.0008082792593955466 0.0004613963776826277 0
0.0008076235813162839 0.0004656963600785199 0
0.0008043193071250711 0.0004677984016111053 0
0.000778625052935359 0.0004632404228932366 0
0.0007924267024532057 0.0004694387391389214 0
0.0008836394193343239 0.000530963689968 0
0.0008003639512734979 0.0004659904200376192 0
0.0007989564016352412 0.0004699667191497559 0
0.0007321981006295949 0.0005295139712474363 0
0.0007887508637632474 0.0005498141014910062 0
0.000299024747461546 0.0003632094237537403 0
0.0003005404034648432 0.0003394071730623162 0
0.0008804806648756164 0.0004256451348680234 0
0.0008531690986265182 0.0004474041375957303 0
0.0006768200397217889 0.0006900383856978024 0
0.0008871246766719928 0.0005297116634450532 0
0.0008903567048505201 0.0005284460265467951 0
0.0008232041446695833 0.0005324207551628187 0
0.0004656515782762247 0.000444035233912049 0
0.0005085493179312813 0.0005621746242957323 0
0.0005092396923838255 0.0005563473385462813 0
0.0004976173427318173 0.0004963694267505087 0
0.0004990107684047376 0.0004946025144250659 0
0.0008647721282063377 0.0005415651585341454 0
0.0004843195146962865 0.0004780924238755747 0
0.0004864185499393087 0.0004793092642169624 0
0.000481614935304436 0.0004775598788486551 0
0.000662353040604342 0.0005351201270200873 0
0.0007082593856010041 0.0004591717024546261 0
0.0008204550008727039 0.000498077667373619 0
0.0007727184048223844 0.0004091021004002949 0
0.0007645808282774481 0.0004047914913205701 0
0.0005308771301966214 0.0005599120010956437 0
0.0005361061705257709 0.0005568553866557561 0
0.0005359240780390669 0.0005639097779556232 0
0.0009278543361260343 0.0005921067936678734 0
0.000937174571097482 0.0005875560553856432 0
0.0004768036206555304 0.0005229291560582003 0
0.0004780663939214554 0.0005207123049884261 0
0.000748613994736926 0.0005348561678495095 0
0.0007895888607843774 0.0009116644838028868 0
0.0008294031872174447 0.0004107182549170598 0
0.0008356844194395991 0.0004170954522735895 0
0.0008285238324394602 0.000419172407457896 0
0.0005933831103039874 0.0005602794124120337 0
0.0005107441768324211 0.0004522233939385104 0
0.0005061699097240512 0.0004552843799247619 0
0.0005157768893465435 0.0004544508096835556 0
0.0005202612353228561 0.0004519599217165844 0
0.000520324592159491 0.0004567105999213433 0
0.0005246626733224105 0.0004545638345169431 0
0.0005248599835745845 0.0004498847129874941 0
0.000529325340127892 0.0004528325277133234 0
0.000500862561506957 0.0004529670287728157 0
0.0005114777535014511 0.0004568618004454152 0
0.0004001653540096057 0.0005685552592836874 0
0.0005882149197548838 0.0005247868063286789 0
0.0005855471405011166 0.000523111997751674 0
0.0005827545169666979 0.0005242390716436068 0
0.0005881598647107701 0.000522050468388603 0
0.0005858278059003076 0.0005203091470398457 0
0.0005883205219729728 0.0005192927085967595 0
0.0005909866320407166 0.0005233818111134973 0
0.0006727029436957878 0.0005707177967944624 0
0.0004558895579637352 0.0009569270928920666 0
0.0008071312007110402 0.0008331280013778745 0
0.00090966968359421 0.000526001213434579 0
0.0009101603828866418 0.0005226504993830774 0
0.0009074985058572582 0.0005211580694033542 0
0.0009098037366147106 0.000519683359092263 0
0.0005977133998170627 0.000335947188315596 0
0.0004680798155122167 0.0004033564651431919 0
0.0007253632627385773 0.0004749593568234171 0
0.0007271175516798331 0.0004764270067592504 0
0.0004851175844662122 0.0004314228691719976 0
0.0004919385446367475 0.0004352478492252187 0
0.0004985775087765063 0.0004307810787060272 0
0.0004988113452251753 0.0004225600856241796 0
0.000506840534736068 0.0004273627242252949 0
0.0004785890791958227 0.0004368143229439198 0
0.0004124963763320548 0.0005865495490167537 0
0.0004226903403318873 0.0005851109045961227 0
0.000823255973482273 0.0004540827147775036 0
0.0006073891434589288 0.0005243261165123514 0
0.0006064953147397226 0.000527859712904952 0
0.0006392094906531047 0.0004141283731174104 0
0.0003171462672947244 0.0005312792710511817 0
0.0003012405768472024 0.0005316233563660909 0
0.000730203854344388 0.0006060457204043491 0
0.0005814244826107274 0.0004759493815530228 0
0.000578515685154804 0.0004742542129345396 0
0.0004340621978969909 0.0005083711033424096 0
0.0004327482181265795 0.0005122883299706418 0
0.0004299793804431161 0.000509099792545668 0
0.0004287155648121812 0.000513525153958513 0
0.0009039612022360395 0.0005676805561177628 0
0.0009052082226099199 0.0005605333714561197 0
0.0009112424012655271 0.0005578068741058088 0
0.0009064276207548035 0.0005540733755738119 0
0.00091204222710833 0.0005515856366078078 0
0.0009006568834248731 0.0005562545996512039 0
0.0009079987422268007 0.0005485641433811666 0
0.0009179064096457185 0.0005607841902267624 0
0.0004890529067079771 0.0004654167484011596 0
0.0004850484864122827 0.0004651483951834037 0
0.0008343687587766086 0.0005719028383377722 0
0.0006067983727252498 0.0004742617625239668 0
0.0005923546676379234 0.000477716691451804 0
0.0006962360547224487 0.0005205243110403246 0
0.0008698721631380743 0.0004862661181608651 0
0.0006028992815152582 0.0005269710184448651 0
0.0004760459060478688 0.0004623125700651576 0
0.0005327667127012644 0.000523445877316242 0
0.0009691766614661878 0.0004780483231051592 0
0.0009719752868623344 0.000478942143597677 0
0.0009743721842709057 0.0004776289806201826 0
0.0009744651236018615 0.0004801603823058395 0
0.0007838086580468033 0.0004130515716949213 0
0.0007408609651053087 0.0005667491038330588 0
0.0009933164869961166 0.0005277687651253532 0
0.0004445327837171275 0.0005156663012005299 0
0.000807489198998613 0.0005194750814724042 0
0.0008053869181052942 0.0005184849818986618 0
0.0009480370558567759 0.0005119056526338358 0
0.0009500421983242024 0.0005134033581385563 0
0.00095244285973614 0.0005122884127173604 0
0.0009520477178073261 0.0005149328968709636 0
0.0009451382406334987 0.0006039220065956563 0
0.0006329635000616191 0.00040083217335531 0
0.000624884261058615 0.0003948013869128813 0
0.0008160003675898538 0.0004771128262344778 0
0.0005369342154279658 0.0005333965738534096 0
0.0004688361380113601 0.0003923682755813676 0
0.0008402575141973614 0.0004898935849481571 0
0.0008448105484539418 0.0004429600628801336 0
0.0006552667959972942 0.0005199617221965733 0
0.0004808064127360327 0.0004635093706291424 0
0.0004740088912744336 0.0004658215146542062 0
0.0008001247669468769 0.0005580363127716415 0
0.0005821931782375767 0.0005274836219379997 0
0.0005798576216701134 0.0005254919407312629 0
0.000576603624227193 0.000526131343444789 0
0.0009541510468400857 0.000427161220259669 0
0.0009544822443120111 0.0004349312768976199 0
0.0009479208399705138 0.0004389801563488841 0
0.0009544324537169567 0.0004415842128879096 0
0.0004682626243093813 0.0004759589800613369 0
0.0004713291100433521 0.0004766725702986934 0
0.0003307535587108788 0.0003788204785784673 0
0.0007959740358913196 0.0005077693084572354 0
0.0008075716643185384 0.0004687894150295117 0
0.0005941692487296817 0.0005113768825936841 0
0.0008727764533177096 0.0006263518582558928 0
0.0009412879227621946 0.0004629352154201668 0
0.0005224309423803652 0.0005045765212094318 0
0.000718440671945866 0.0005355472601579578 0
0.0007044781045578253 0.0004570012129993898 0
0.0006995596283993416 0.0005402429917979801 0
0.0004576512492697504 0.0004781812435967188 0
0.0008975734907293326 0.000562435436723875 0
0.0006576256596455216 0.0005186291034016076 0
0.0006575463806037553 0.0005161842988832887 0
0.0003163668925218996 0.000198446380064952 0
0.0006357782087696951 0.0007045631053185379 0
0.0006404111443985059 0.0006821234022898871 0
0.0005617699055080434 0.0005198219506661989 0
0.000894984502997007 0.0004496264319561348 0
0.0007820822132297164 0.0004739397398291315 0
0.0008309615112722549 0.0005306337113346283 0
0.0008313310606841698 0.0005272454916699926 0
0.0006296246881108849 0.0003151980704997636 0
0.0006491082123706226 0.0003079466534841224 0
0.0006685460173822442 0.0003155764008819414 0
0.00068824999478507 0.0003063401009669895 0
0.0006841157507015322 0.0003251171866930675 0
0.0006701905185892157 0.0003324478394211809 0
0.0006788481484965794 0.0004813074995912639 0
0.0009048692716361631 0.0004025214527672581 0
0.0008950426277716429 0.0003973905194095685 0
0.0008417127076364463 0.0005448560153931835 0
0.0009410189115279209 0.0004777337363092089 0
0.000940345109573684 0.000480290938977797 0
0.0009377093534383182 0.0004811647367969438 0
0.0009398304453843375 0.0004826021331920554 0
0.0009429357730867438 0.0004793690141793501 0
0.0009459152480070536 0.0004790226152376663 0
0.0009463741459250712 0.0004765435990576741 0
0.0008127750139245699 0.0005553512023853187 0
0.0006095373423083361 0.0004568901518152609 0
0.0008014291459737548 0.0004800637026948143 0
0.0008004149889070278 0.0004824933000488832 0
0.0007979235107202719 0.0004831286779471717 0
0.0008031080311574491 0.0004824036105515961 0
0.0008057005688878072 0.0004816497208427115 0
0.0008067669651433266 0.0004790349494588635 0
0.0008098139130771585 0.000478732567499629 0
0.000811827441470076 0.0004804087237141116 0
0.0008143304512474817 0.0004797689399060626 0
0.000774953966139367 0.0004454423134051948 0
0.0009954083863627499 0.0004807903134044903 0
0.0009946167985568017 0.0004834035461044253 0
0.0008030466920479802 0.0005196557179085485 0
0.0008030463914201716 0.0005172360706166019 0
0.0004800706123997531 0.0004904425453447058 0
0.000480739815559691 0.0004879684834043839 0
0.0008780589758537249 0.0004755203071561691 0
0.0008803820793941819 0.0004773682366895607 0
0.0008834228412290117 0.0004764208796617735 0
0.0008776071037080247 0.0004782877500723951 0
0.0008824446285285623 0.0004791918020673937 0
0.0007660037113484776 0.0004674456833942488 0
0.000765175345755142 0.0004712517101862318 0
0.0007617695598505498 0.0004720351179570658 0
0.0007586378043816992 0.0004702966455362815 0
0.0007588467959015635 0.0004735936145964321 0
0.0007554052762270906 0.000474614479713349 0
8.746792870501977e-05 0.0007679792555275276 0
0.0004364428717284321 0.0005629926877300923 0
0.0004294502935977734 0.0005638532138911687 0
0.0009863822363742236 0.0004036896968730537 0
0.0007754924209203346 0.0005266562264862104 0
0.0004157270158847655 0.0004568044278894655 0
0.0009109449430083193 0.000479318745003579 0
0.0009134216194002544 0.0004785227740329227 0
0.0009127387967845359 0.0004810911638694019 0
0.0009148954278061377 0.0004804326975126267 0
0.0009064384773136516 0.0004728350960455366 0
0.0008877792710298443 0.0005262596337575333 0
0.0006987113048553797 0.0005192959267641376 0
0.000415502559444921 0.0002544256481834238 0
0.0004094501093866859 0.0002771079305690691 0
0.0004565907111136321 0.0006597363665754243 0
0.0004691908613924902 0.0006729412779763924 0
0.0004734371087509784 0.0006566767155427251 0
0.0008207691377488852 0.0005215970305234063 0
0.0008188972665571733 0.0005198871364483864 0
0.0008151515348024563 0.0005238397792608867 0
0.0008571592847065281 0.0005233493398621148 0
0.0008544967912324882 0.0005242784491680246 0
0.0009212035780220204 0.0006457187495328457 0
0.0003564590972917783 0.0003371756477012851 0
0.0003710248867158331 0.0003465520754860663 0
0.0007631996020917234 0.0004502016144198063 0
0.0007680097608924611 0.0005201492894369036 0
0.0007705929216875096 0.0005190982419858184 0
0.0007183896836073384 0.0004792925779371306 0
0.0005954322914876729 0.0004711253963077957 0
0.0006756526046021229 0.0001930829515466275 0
0.0006779376355673732 0.0002253122432254052 0
0.0004861914880781395 0.0005472690214042632 0
0.0004814910390516299 0.0005496735864253532 0
0.0007501654162898336 0.0004783453605587995 0
0.0007522388670599071 0.0004797591361144563 0
0.0006742480662001306 0.0005231559094745642 0
0.000674693642881886 0.0005204446312489351 0
0.0006772021493929335 0.0005194075225286282 0
0.000675048701559023 0.0005181784808864283 0
0.0006721662038571606 0.0005215963761828718 0
0.0006795749174266461 0.0005209784118629561 0
0.0006794862851287242 0.0005183559882483003 0
0.000669330554006889 0.0005221601646910389 0
0.0006685747200840714 0.0005253700135290332 0
0.0006658716042997946 0.000526245194982321 0
0.000452544471380621 0.0005331286997300225 0
0.0004506454750535833 0.0005300102416320096 0
0.0004898011395997612 0.0005340092270924184 0
0.0004862322020418847 0.0005354491248101053 0
0.0004849828294420452 0.0005391026056895609 0
0.0006803772524675697 0.000536176349302379 0
0.0006845386963396429 0.0005354103251748205 0
0.0006856754797873595 0.0005320380781142033 0
0.0005426459650362545 0.0005247723092631825 0
0.0005432742731104731 0.0005219593077943497 0
0.0005458805033423568 0.0005208760271382748 0
0.0005272080028070295 0.0004955856646089299 0
0.0006046690348285675 0.0004271918107814108 0
0.0005967376475793238 0.0004301215497804013 0
0.0005900989042189038 0.0004257105087647581 0
0.00059058056242653 0.0004331340860462203 0
0.0007293632008832141 0.0005551100086085624 0
0.0007248857918470614 0.0005514266427030434 0
0.000580088486792062 0.0004667115393781382 0
0.0005798367960769766 0.0004622557793637446 0
0.0005790210212492082 0.0004705759300196866 0
0.0005760437068329744 0.0004604328823034299 0
0.000723862568157732 0.0004975461510588524 0
0.000906141596515773 0.0004815114693639679 0
0.0009079056544622525 0.0004830206920022848 0
0.0004362733270447941 0.0005347376846858904 0
0.0007026071792700888 0.0004773289661055503 0
0.0006916497985804494 0.0005178289532190946 0
0.000694050065954116 0.0005167224760905576 0
0.0007447960473981846 0.0005329545465674662 0
0.0004844393490795656 0.0005056639042085543 0
0.0004819070183387301 0.0005065953486762842 0
0.0004872142920425483 0.0005053419640773956 0
0.0009185353225226393 0.0005441361525731691 0
0.0009924087409413362 0.0004842692436367015 0
0.0009941359110962294 0.0004858709777920876 0
0.0007293813456059079 0.0005272255864699996 0
0.0007275174011082791 0.0005250494515186877 0
0.0009010150720263372 0.0004977894398484574 0
0.0009771647832642284 0.0005477520920468052 0
0.0006479447200245268 0.0005653766702431338 0
0.0006537372796974596 0.0005602474327388567 0
0.0009019402475187044 0.0005496331700367833 0
0.0008966984524136294 0.0005516231020305882 0
0.0007594566271241529 0.0005202541739103052 0
0.0007971659246427828 0.0005244770261030024 0
0.0007951032868114311 0.0005226587427488946 0
0.0007922420556070022 0.000523036875988868 0
0.0007908863796397853 0.0005257566016077175 0
0.000787451006467475 0.0005273682381431423 0
0.0007880783162414483 0.0005241394914908224 0
0.000784392383374829 0.0005293333780227577 0
0.0005812780683744796 0.0004960799096286576 0
0.0006393055126724907 4.285265919259753e-05 0
0.0005943255025336563 4.213316816051891e-05 0
0.000589889920825619 8.50349424182802e-05 0
0.0004769353538053853 0.0003983816400201667 0
0.0004638106376124543 0.0003820222491163566 0
0.0004723406359852757 0.0003719657863063381 0
0.0004593674710551168 0.0003716033777176505 0
0.000495927250678355 0.0004614350839484711 0
0.0004962954958645295 0.000465188718099508 0
0.0009851621786097393 0.0003212428467944543 0
0.0009960665986843218 0.0005467644023492193 0
0.0009943520567360137 0.0005643503749027648 0
0.0009882346257091175 0.0005675231724410534 0
0.0009876624662707818 0.0005743853701225842 0
0.0009893663171012873 0.0005610387516356125 0
0.0009832538153443085 0.0005638478342441179 0
0.0008841021921592461 0.0004731679200157742 0
0.0004682541017742288 0.0005375034426529794 0
0.000391654180675578 0.0005442544318918156 0
0.000533292350966376 0.0004452612099588855 0
0.0009198323680135941 0.0005858306630658512 0
0.0005232324661234045 0.0005315362733878135 0
0.0005607081922080654 0.0004723476487125107 0
0.0005641998321731003 0.0004715270519554396 0
0.0005632411958028228 0.0004746428477648535 0
0.0004224452533848941 0.0004592001410988844 0
0.0009747569867862961 0.0008204570288642143 0
0.0009738027968401481 0.000177715565558616 0
0.0009430818021768938 0.0001657733262395163 0
0.0009428839006271393 0.0001282474880249304 0
0.0009139573589167586 0.000144778839071099 0
0.0009133457638791651 0.0001101433895062113 0
0.0008836705266008114 0.0001274842666893529 0
0.0008816715531531048 8.948933844121864e-05 0
0.0009121641435865023 0.0001780684097388803 0
0.0009452603915353821 9.344628116867657e-05 0
0.0008552063836624746 0.0001096619207770586 0
0.00054064639142989 0.0005313660922680609 0
0.0007055194993580063 0.0002342381184077414 0
0.0009261946020810564 0.0005270986855706501 0
0.0005514319335647734 0.0004705487239517489 0
0.0005690987690163757 0.0005555643833720347 0
0.0006170950469639178 0.0005375613839331279 0
0.0004628090601510207 0.0004531381305225429 0
0.0009008026238302557 0.0004713334453999075 0
0.0008972138279724104 0.0004720713861749291 0
0.0007178199520628347 0.0006760774207261816 0
0.0001961952654230578 0.000524809568968336 0
0.0001824049013454327 0.0005495621086133921 0
0.0001536216245426403 0.0005503290210455379 0
0.0002112969101768841 0.0005487439829064019 0
0.0001972402032765668 0.0005738617856231743 0
0.0004614829588984452 0.0005286763232060672 0
0.0004646848272948114 0.000527936905259035 0
0.0004626776388999016 0.0005258010070967608 0
0.000467625324745589 0.0005302349946150585 0
0.0009608524290444131 0.0004389473454715087 0
0.0009593046802992219 0.0004448968403972535 0
0.0004554663560841236 0.0006087960611003405 0
0.0005303212992403933 0.0007754332393314275 0
0.0007802952646556455 0.0004486152741977659 0
0.0007840180342592751 0.0004520368382835729 0
0.0005572576649397446 0.0005172906584171139 0
0.0008817678279051088 4.404653264485062e-05 0
0.0008793284821159937 0.0009611397523441382 0
0.0008099755425221214 0.0005878640544440842 0
0.0004440302246735143 0.0002862622558820417 0
0.0004509700144703319 0.0003043759129615091 0
0.0005690097220367829 0.0004530533225577533 0
0.0005693727070955091 0.0004576146458284124 0
0.000564916421987096 0.0004560776716540301 0
0.0007538584901136249 0.0005302003216529993 0
0.0007547006305997476 0.000526854270251406 0
0.0007580462481565242 0.0005253309641805042 0
0.0007553065917115329 0.0005236540677465022 0
0.0007525334521106176 0.000524773480718007 0
0.0007963450080630823 0.0004813832590179783 0
0.0007938513056201629 0.0004820592174049593 0
0.000775393177216221 0.0004801818536859087 0
0.0008985900313157522 0.000484127270639593 0
0.0008981710488256904 0.0004867243451488543 0
0.0009304245612501757 0.0004526868536191223 0
0.0007708868482672196 0.0005420136352260019 0
0.0007681372285512245 0.0005383681755813491 0
0.0007663070566499132 0.0005426297507449795 0
0.0007637302037089103 0.0005383820339500071 0
0.0007617713957412888 0.0005432021225613933 0
0.0008402753832197048 0.0004734158959393482 0
0.0009014197884193791 0.0004363742264433071 0
0.0009557308692978326 0.0005354347971657661 0
0.0008260246700100275 0.0005194248700594739 0
0.0008946706684964979 0.000444316382977587 0
0.0004940966269332205 0.000475909167173747 0
0.0004919598527992866 0.0004778448936719749 0
0.0004926808023889003 0.000480466118973352 0
0.0004904576794021441 0.0004796417638739685 0
0.0004890057499755963 0.0004774298693945487 0
0.0009525734565390572 0.0005326843313723263 0
0.0009549783587462302 0.0005297196576994269 0
0.0009542949046442656 0.0005266374748269012 0
0.0009571587655963699 0.0005274602725802372 0
0.0009565272728029211 0.0005246660164653337 0
0.0005660941339223997 0.0004627367127920877 0
0.0007412743086530828 0.0005227583715350526 0
0.0008218621558752738 0.0004753324673463817 0
0.0008249719335831811 0.0004754166214924102 0
0.000826400984520892 0.0004721323330120342 0
0.0008279586482921091 0.0004748132001292324 0
0.0007153450668766539 0.0004567437308403335 0
0.0008932885433569185 0.0007711864628885972 0
0.0009537679037368332 0.0002244232169000503 0
0.0009309910833529841 0.0002142132099693269 0
0.0004746871572726348 0.0007888471364526874 0
0.000815952519192776 0.0005207366046611788 0
0.0009363895850256728 0.0005378343069397624 0
0.0007709448752763245 0.000613465643517328 0
0.0005004202084406679 0.0005357634484080739 0
0.00076283325714024 0.0005691240380228625 0
0.0007686165930427209 0.0005628040322900803 0
0.0005841755234668053 0.0005438354002533747 0
0.0005801748129555571 0.0005416653756205129 0
0.0005556048597166734 0.0005371650410957363 0
0.0005522423604296491 0.0005344159603873786 0
0.0005541386861131481 0.0005314686364466489 0
0.0009664769608521877 0.0006174823074970993 0
0.0009672315546241933 0.000605868654244867 0
0.0009761077823823706 0.0006109208588448304 0
0.0009764737973261258 0.0006005173322396202 0
0.0009687053472246118 0.0005948152534091266 0
0.0009772472337765568 0.0005911463331622297 0
0.0009779435410124581 0.0005817552644533934 0
0.0009853611092935693 0.0005958960378406962 0
0.00097801851862932 0.0006230197035276893 0
0.0007860920482323069 0.000955388188664529 0
0.000427839828195789 0.0005775550752248716 0
0.0008467640039959243 0.0004714983634171056 0
0.0009030409940312957 0.000485085523900791 0
0.0007827943638630269 0.0007452861035743832 0
0.0005508215068430068 0.0004864068148769881 0
0.0009423270687592933 0.0005296436778227831 0
0.0009400636672877158 0.0005268327574451362 0
0.0005447190946343814 0.0004502831370259558 0
0.0007191677972547457 0.0004828022314771032 0
0.0005446822989181372 0.0004709640677207572 0
0.0005451815403456849 0.0004743942577068021 0
0.0005472718469453587 0.0004767124386802808 0
0.0005466570026158584 0.000479363313035005 0
0.0005483095867752396 0.0004741113264941159 0
0.0005490823357375433 0.0004787204592183357 0
0.0005486011445371967 0.0004810577850257653 0
0.0005508863072679671 0.0004805220800805599 0
0.0005500837154845688 0.0004827653016913113 0
0.0004597999328597411 0.000494584301150286 0
0.000504636463902811 0.0004345244807725747 0
0.0008961719879145944 0.0004752229802044376 0
0.0008522239752919773 0.0005421818343063934 0
0.0008489390888978787 0.0005383631361940595 0
0.0008438201120911871 0.0005400190870465626 0
0.0005214692239244669 0.000539797686947225 0
0.0005187085389076684 0.0005366823112867016 0
0.0008649430315637128 0.0005229922739194441 0
0.0008674951396127106 0.0005246603816591471 0
0.0008672714218739674 0.0005276394986338593 0
0.0008702085417296556 0.000526322162514513 0
0.0008700956943218255 0.0005235263131995847 0
0.0008729184708257448 0.0005248461785379995 0
0.000594312649101325 0.0006091113210121439 0
0.0008143118190533192 0.0002312044126935854 0
0.0007503284729253889 0.0005310781561781352 0
0.0004604776050100611 0.0005901071418463514 0
0.0004628414161861283 0.0005828334636746569 0
0.0007737210817713065 0.0005334168377320971 0
0.0008932692457833792 0.0005870817557316135 0
0.0008569071400664173 0.000475571231862966 0
0.0005323801708566414 0.0005261733977193332 0
0.0007767176363319636 0.0005234025922849091 0
0.0004179508919416978 0.0005086279946608215 0
0.0003502751248466625 0.0007595492481957082 0
0.0003290245869888534 0.0007394720325584684 0
0.0002122232380716118 0.0003907204363436954 0
0.0006425867983472191 0.0004746395924098257 0
0.0006421120315117271 0.0004716903052655379 0
0.000643766232936651 0.0005285268036741369 0
0.0006225978027524881 0.0004569029744084659 0
0.0004835085115319418 0.0005589617670683048 0
0.0009081083273757573 0.0004690431588208848 0
0.0009881233608199306 0.0004812683146411777 0
0.0006183871218932799 0.0006204780742155752 0
0.0005075546356588198 0.00052504960783125 0
0.000502513716443927 0.0005582185162194236 0
0.0009485520539282785 0.000462337550491754 0
0.0003977613708764684 0.0005074008664020811 0
0.0003895528463778315 0.0005079458707669179 0
0.0008620829325597637 0.0004647257162916933 0
3.644066451524044e-05 0.0006114284818424201 0
3.622895714790264e-05 0.0003890429881054756 0
0.0005735814256361516 0.0005275321052615485 0
0.0004879881291426734 0.0005422958354785957 0
0.0006156230570725107 0.0005298586228129358 0
0.0007906583729838571 0.0004085971602388016 0
0.0006126112316495743 0.0002070274311100661 0
0.0006346374594128372 0.0002222566659588059 0
0.0006132918058502212 0.0002351952153186417 0
0.0004279240888553222 0.000623968427185294 0
0.0006528038357010116 0.0006261625833982986 0
0.0006624296489220671 0.0006185545928770245 0
0.0006751176744490964 0.0006237173781712378 0
0.0007636213561128683 0.0004840059812162268 0
0.0007676320757688552 0.0004841721351335501 0
0.00063462026522944 0.0005299421334967599 0
0.0005671716333835943 0.0005202095915974527 0
0.0008692242945035928 0.000532569004730452 0
0.0009226835936155832 0.0005003446860098356 0
4.399534919885607e-05 0.0007006348163671981 0
4.267095878355295e-05 0.0002944564066624244 0
0.0005924093086854968 0.0005051762431080743 0
0.0005901092817769113 0.0005033121244203931 0
0.0005926796253097176 0.0005026997340449235 0
0.00041108195689296 0.0004936774583593578 0
0.0004081263020294285 0.0004878625509322095 0
0.0004014033574737114 0.0004870754893886918 0
0.0004060428217921688 0.0004819089595988842 0
0.0003936020397963788 0.0004857993434682063 0
0.0004149045691907181 0.0004886054514981527 0
0.0008367384012186612 0.0005426161276498482 0
0.000767932858674466 0.000481166133027052 0
0.0005496424752734199 0.0004528069042700141 0
0.0006433504956411208 0.0004827572119912544 0
0.000641378423582167 0.000484315459123986 0
0.0006455978147435848 0.0004839393236860255 0
0.000612295309137894 0.0005602881849120567 0
0.0008159650330825881 0.0003337644475599581 0
0.0008306220848438311 0.0003251401564001411 0
0.0008272922681828271 0.0003076495590816423 0
4.197902138802334e-05 0.0002029880885560131 0
4.547237427571432e-05 0.000797853920064727 0
8.825861887362475e-05 0.000814432773517259 0
0.000936467402555649 0.0006973882633935485 0
0.0008557226600029491 0.0005295350231223491 0
0.0007148959036817126 0.000471551006030318 0
0.0007141549067208495 0.0004679693112546966 0
0.0009370240803282103 0.0004840093112916317 0
0.0009133673046292312 0.0005462798589878442 0
0.000917085680422365 0.0005500630774015725 0
0.0008082265467511891 0.0004814315891632729 0
0.0006264652662510094 0.0005185039314353724 0
0.0006242523258925823 0.0005172028946304497 0
0.0006265241372539539 0.0005159873807530919 0
0.0006243721407288424 0.0005146959878073578 0
0.0007227216380836417 0.0004816297660355688 0
0.0009962092267803758 0.0005268126325341256 0
0.00065725933669748 0.0004781328161502606 0
0.0009173621210676606 0.0003745847712795326 0
0.0007186152764002541 0.0005536216693798211 0
0.0006180075714293761 0.000508380628271405 0
0.0005888730944713242 0.0005693888535544909 0
0.0005089179639848307 0.0007545220068432626 0
0.000487004372599567 0.0002329123353568431 0
0.0007403925690304288 0.0004770228137441174 0
0.0009904987141205936 0.0006191230121967406 0
0.0006819423705045426 0.0005320888712314197 0
0.0002038734159583347 0.0009540455980484179 0
0.0002027560859045585 4.466495566207918e-05 0
0.0001778129944169705 8.59152058394832e-05 0
0.0001328966743196177 9.372829224368759e-05 0
0.000228769102969907 9.058693147854591e-05 0
0.0008721230101229286 0.0004776582497571644 0
0.0004174827528947244 0.0005764261228316822 0
0.0005515808710169159 0.000473834678666357 0
0.0008378888180000224 0.0005277032062860788 0
0.0005887187494292399 0.000541480086616304 0
0.000661888135313654 0.0005670480837137707 0
0.0005898312109807362 0.0005086512729241436 0
0.0004375971078194966 0.0004776792336336372 0
0.0004395837806860493 0.0004812512233413545 0
0.0004367400203944476 0.0004843323666996838 0
0.0005398430996499144 0.0003707272864452545 0
0.0009863776664503815 0.0003382677290524383 0
0.0004539461613997775 0.000518020050421819 0
0.0006201280665931513 0.0005121883996995935 0
0.0008825733263047756 0.0005197465431350938 0
0.0005604250309578045 0.0004755379798751842 0
0.0005627463634897321 0.0004774155875911151 0
0.0005621545677807688 0.0004801083699633904 0
0.0005647883478154352 0.0004792816449459467 0
0.0005641261987555368 0.0004816894185185547 0
0.0005617242897387215 0.0004826082013912501 0
0.0005638394908881092 0.0004838943422394856 0
0.0005653917820607692 0.0004767624989699283 0
0.0005665881143710788 0.0004810435638484001 0
0.0004122794932701428 0.0003500769265765835 0
0.0004277816942491211 0.0003553779552797918 0
0.0007352472091243083 0.0005222922700933056 0
0.0006348443290013893 0.0005583472433354326 0
0.000772460323132207 0.0005258078958020183 0
0.0006493523563097978 0.0006025458594171081 0
0.0009594400074362328 0.0004823674384966577 0
0.0005911932046420221 0.0005008974419041595 0
0.0005930415079233384 0.0005006942200414766 0
0.0009603205633366687 0.0009288937504621172 0
0.0005222878650311387 0.0005442705181383915 0
0.0006001826569682679 0.0005177427979403811 0
0.0007378789798005024 0.0004786619415870439 0
0.0009970554428118117 0.0004987445714383554 0
0.0009955214575094417 0.0005007170228278381 0
0.0007852262595000474 0.0005233423493725309 0
0.0007834924208501853 0.0005470807708569572 0
0.0008876646433317273 0.0004724970188986981 0
0.0008876458373790228 0.000430325002709985 0
0.0008391710069422022 0.0002906120586900842 0
0.0006255998364519047 0.0004367102428807823 0
0.0006187921645462008 0.0004402664620069912 0
0.0005154392180698341 0.0005533877635530196 0
0.00052212200711397 0.000625013641947661 0
0.000508232408987455 0.0003729579679071351 0
0.0005209532471489002 0.0003653791092712168 0
0.0004682950127119584 0.0005178769370591526 0
0.0004666475373316281 0.0005159700076166495 0
0.0008285311111786361 0.0005184781841485399 0
0.000771469391343448 0.0005306146186537595 0
0.0007697399750876975 0.0005338211397093508 0
0.0005041290782703167 0.0006843458558014272 0
0.0006612111398459055 0.0006793527643050722 0
0.0006537474986357141 0.000440785128484275 0
0.0009282134279044194 0.0005187139776977403 0
0.0009257794382773452 0.0005195434540633496 0
0.0009263308522445156 0.0005172549987820619 0
0.0009239716403350858 0.0005178579700935825 0
0.0006852264453569043 0.0005511468967003166 0
0.0005015671903603957 0.0004580553619447622 0
0.000979009730606404 0.0005386448856275758 0
0.0009246454424413862 0.000535028447749387 0
0.0007227462816939035 0.000418079958116144 0
0.0006600182353799514 0.0006061676568881665 0
0.0004727143289413963 0.0004792832530898794 0
0.000521589686213589 0.0005522879643600938 0
0.0006816976415863849 0.0003812267617755881 0
0.0006798731311355019 0.0003931215388383949 0
0.0006908968056906448 0.0003886160380462778 0
0.0007022666721293409 0.0003859683915874946 0
0.000689476720374476 0.0004004837496043699 0
0.0006772584073433363 0.0004050342732957034 0
0.0007956780789685976 0.000470989542814846 0
0.0009221799782173628 0.0005319113606030771 0
0.0005353957118569599 0.0005964912318715747 0
0.0005623548041214235 0.0004650353892141893 0
0.0009928257976728019 0.0004204407923321672 0
0.0005803648368534176 0.000394337582601282 0
0.0005709556652037823 0.0004014387273662069 0
0.0005612144487503995 0.0003945674824917414 0
0.0005598349095335155 0.0003827267315586086 0
0.0009762750248299411 0.0002089625057714139 0
0.0008352454305038501 0.0004820791268548698 0
0.0004929850648959368 0.0005242704807595864 0
0.0004921857739519228 0.0005271632739792996 0
0.0006505360636738015 0.0005174340654048291 0
0.0005188321379334521 0.0004741339629445519 0
0.0009095444930201095 0.0005432409957606382 0
0.0005508827637452483 0.0004627215119386547 0
0.0006996602859629681 0.0004785897029306514 0
0.0007018142555900677 0.00048027066336338 0
0.0007013258934549677 0.0004828266099284126 0
0.0008248072743478991 0.0005293009472493101 0
0.0009950194940410548 0.0005580395217023733 0
0.0009941570742920658 0.0004422162976644905 0
0.0009826040743325004 0.0002806226380023492 0
0.0009898602104186434 0.0003822132217448443 0
6.534527172945449e-05 0.0004676260070970258 0
8.464627432301419e-05 0.0004381492756407424 0
6.417150727759556e-05 0.0005336253680053358 0
0.0009781349237411672 0.0007916704334011114 0
0.0009568130497508255 0.000799860959417159 0
0.0004476362548976281 0.0006005880219702719 0
0.0008285699848815968 0.0004688545779769575 0
8.8094620500525e-05 0.0009548385925720595 0
0.0009703316664478683 0.00088951464313488 0
0.0009705997621992819 0.0005363869042234709 0
0.0009742419483732217 0.0005341474279837091 0
0.0004837059686802149 0.0005433438456402581 0
0.0007146611990245785 0.0005330705932952408 0
0.0007104872132933442 0.0005341284342891221 0
0.0008391082514015772 0.0005252308360747999 0
0.0001363319398826095 0.0004735298445652341 0
0.0009515460925720367 0.0005198892782064095 0
0.0009537317514248627 0.0005212806107540949 0
0.0009538701798781263 0.000518786332334056 0
0.0009560179275971746 0.0005201161708617045 0
0.0009562444580967141 0.0005176534828700126 0
0.0009583365483680848 0.000519040921237193 0
0.0009581907274910678 0.0005213731554747239 0
0.0009604959334653488 0.000520320537525539 0
0.000960738837426123 0.0005177915714466663 0
0.0009355323931668791 0.0005334596942445852 0
0.000441183041532207 0.0004639020667739381 0
0.0007128915619846702 0.0005552166176426549 0
0.0007061983761497716 0.0005564617275637643 0
0.0007179554035623641 0.0005184603253390106 0
0.0007183065629801677 0.0005159009056888305 0
0.0007207900665182148 0.0005151844175304792 0
0.0007188200983875884 0.0005130203285275982 0
0.0007213477021455511 0.0005127418801047374 0
0.0007231796384796402 0.0005144450377339841 0
0.0007237411455547416 0.0005120182621919369 0
0.0007164644494454203 0.0005141568375201761 0
0.000725593806323302 0.0005137170589686262 0
0.0007261353438020488 0.0005112864733993457 0
0.0007279849636347049 0.0005129835891668397 0
0.0007285940904721619 0.0005105826992548321 0
0.0007266915809445237 0.0005087578436932614 0
0.0007290751955215341 0.0005081010475846556 0
0.000727492265434443 0.0005063822200719224 0
0.0007304082474635812 0.0005122726106031432 0
0.0003638034010588409 0.0006085309144265808 0
0.00035058178750928 0.0006107884125573883 0
0.0003713925971205085 0.0005951883943808495 0
4.632587330160895e-05 9.032371721549681e-05 0
4.78551223150059e-05 0.000910236603962167 0
0.0007721474274608512 0.0003985948388379504 0
0.0004273295687783328 0.0005053350323719319 0
0.0005596730065865394 0.0004811406962068108 0
0.0009526035970956447 0.000464723927344647 0
0.00072326355103497 0.0005352737210673923 0
0.0009412152839529009 0.0005444003950876933 0
0.0008762751933768303 0.0005302496814753846 0
0.0003342344434354159 0.000487173908916211 0
0.0005479777374179576 0.0004693822958927615 0
0.0004504476342664018 0.0004787762007177506 0
0.0004475385984392628 0.000478265139367609 0
0.0004591064730217041 0.0005172190616643914 0
0.0009371247493485958 0.0005664373773432908 0
0.0007937197634697548 0.0005485352895962454 0
0.0008921220007149842 0.0005181939767477324 0
0.0004253043569073544 0.0005097832725050461 0
0.0009750572425274934 0.0005526993620398043 0
0.0001722236216669399 0.000428988972684965 0
0.0008872209692419305 0.0004522281752106271 0
0.0002228184492158347 0.0005210462725051885 0
0.0008804303805742765 0.0005182364634961775 0
0.0008806233478974728 0.0005157289091531215 0
0.0008828131340881184 0.0005172054187409255 0
0.0008830516875251472 0.0005146954755014919 0
0.0008812237668935098 0.0005130781653066888 0
0.0008855775165808987 0.0005136367400773405 0
0.0008862474850722154 0.0005110510141268463 0
0.0008630861604310005 0.0005955844470279785 0
0.0009361997483246207 0.0005475012583968206 0
0.0003558120397053186 0.000959428013695332 0
0.0003792764203120361 0.0009248167716036345 0
0.000313166353368771 0.0006541890840833747 0
0.0009350590075914475 0.0005265033623994174 0
0.0009374219134064407 0.0005251073056679674 0
0.0009962566825518322 0.0004579896229255213 0
0.0009930028741173434 0.0004604336040541804 0
0.0009965282891848458 0.0005419502192793144 0
0.0005013367767748706 0.0005459269264498656 0
0.0007481577153567944 0.0005634221223214122 0
0.0009561224601743552 0.0006909682577590152 0
0.0008468835544428837 0.0007412192401010871 0
0.0005717726576578126 0.0005177280219813913 0
0.0008117511310159835 0.0004641524961084325 0
0.000819761816937138 0.0005341110164819661 0
0.000568526661379668 0.0003364912401227895 0
0.0004200464081702492 0.0006360291745227299 0
0.0008251649126510437 0.0004965086013820426 0
0.000389987094084458 0.0004782671016602386 0
0.0007055586836117813 0.0005204070757365972 0
0.000712310474600339 0.000461054753254829 0
0.0005069437540897576 0.0003973315639225291 0
0.0008550243214537834 0.0005215769892860417 0
0.0008577396709772111 0.000520632843198633 0
0.0008554510794506626 0.0005187366581364862 0
0.0008563947460829644 0.0005163897473872075 0
0.0006340951515112242 0.0005333972704757271 0
0.0006315504076467739 0.0005309616859115787 0
0.0006336584454597267 0.0005371024585581181 0
0.0005979870282583871 0.0005164193094183893 0
0.0006002888394332182 0.0005152363579058456 0
0.0005115839851656647 0.0004998802735985577 0
0.0005121863259959293 0.00049718628425549 0
9.208205738683349e-05 5.642350430634733e-05 0
0.0009279035750412346 0.000479697286902631 0
0.0009258216172785636 0.0004831015446722496 0
0.0009235349258349618 0.0004823714974391638 0
0.000492259081795202 0.0005173742598126496 0
0.0009448411719021026 0.0005590649001394454 0
0.0009206532064492505 0.0005213575944185834 0
0.0006858761173304507 0.0004100708300621709 0
0.0009206451162199881 0.0004686182676511905 0
0.0009169617379682823 0.0004667167137011677 0
0.000921044700861669 0.0004719942332139003 0
0.0006180967137050237 0.0005058881329681874 0
0.0006159683853956192 0.0005045333902665857 0
0.0006182439844871744 0.0005033931050105315 0
0.0002699368025504767 0.000517413367231155 0
0.0004865694266765605 0.0004818870230393442 0
0.0004487986306952337 0.0005186095806508598 0
0.0004495438135166392 0.0005159134423840671 0
0.0004472606312968807 0.0005165887842840325 0
0.0005323339082941491 0.0004768221533600181 0
0.0005326409897698867 0.0004794762044812821 0
0.0005348123663891001 0.0004807255003992958 0
0.0005329152661835743 0.0004819261762760029 0
0.0009514025495283132 0.0005254742820157135 0
0.0007219450515225558 0.0005103218950666352 0
0.000615735344185435 0.0005095278399326736 0
0.0009933251516068306 0.0005791811037003847 0
0.0008232193138085653 0.0002765227512858401 0
0.0005202456967079174 0.0005132585918010657 0
0.0009084485552905515 0.0005058015713909189 0
0.0009104892049363678 0.0005070402145087986 0
0.0006013145567596776 0.0004773370242374834 0
0.0004424990487916393 0.0004677720128796677 0
0.0009124618708915602 0.0005222077535276693 0
0.0008126838029789359 0.0005432207324214671 0
0.0009740191107865327 0.0003478767580591696 0
0.000936011967924682 0.0005529944055372225 0
0.0009615230351019402 0.0004838043970163525 0
0.0009613751033003902 0.0004863105668938113 0
0.0009634780420617456 0.0004877072214562117 0
0.0009612261525616533 0.0004887991911089212 0
0.0009591374743613892 0.0004874213428507409 0
0.000963230229841713 0.0004901883741969571 0
0.0009589364133222424 0.0004898877812357401 0
0.0009969134065898242 0.0004663495418028002 0
0.0009934080959861937 0.0004687450869955907 0
0.0009967467916035782 0.00053358744277538 0
0.0008533193224387714 0.0005178778058886395 0
0.0003470696997629685 0.0004880334311195097 0
0.0004357924757538298 0.000504511923656876 0
0.0004361282269206012 0.000495977197075111 0
0.0004380180559647323 0.0004929637809700872 0
0.0004418413565398902 0.0004930893454690813 0
0.0003705909108087851 0.0005094201835574749 0
0.0003708252951467855 0.0004912145072090912 0
0.0004170240913367895 0.0004942915307447152 0
0.000304403713244546 0.000514577384857785 0
0.0003053062849804774 0.0004859690751191404 0
0.0003148310066590115 0.0004735513661617842 0
0.0004429950573968502 0.0005041495347199494 0
0.0004430107711808468 0.0004963122884963967 0
0.0009048728957494114 0.0005222801496201513 0
0.0009355399562841184 0.0004794273790968539 0
0.0005833087526485513 0.0004598317175311554 0
0.000780693107902684 0.0005172358702212428 0
0.0001236423722202752 0.0006896585349457012 0
0.0008487365177479757 0.000482609999616899 0
0.0008481587889173576 0.000484985241125832 0
0.0008458112893709605 0.0004856803412111219 0
0.0008615937260531506 0.0005772499697735481 0
0.0008687559017503307 0.0005728690378845624 0
0.0007228399592578987 0.0005169697979008626 0
0.0007239872230303719 0.0007868584320100671 0
0.0006953762654805106 0.0007882729068808599 0
0.0002755579108778097 0.0003301869902824126 0
0.0009592486780325436 0.0004848847677906201 0
0.0009570129190952398 0.000485976472488201 0
0.0003776339360248848 0.0003906907142597568 0
0.0004091883415181193 0.0004549928916603845 0
0.0004076677328796971 0.0004482557389569468 0
0.000402961497811314 0.0004540227111691462 0
0.0008148415068410992 0.0006029402935048731 0
0.000643921637859763 0.0004660882940704233 0
0.0004614153325354922 0.0004788583988342525 0
0.0008851002274472536 0.0005187399102956125 0
0.0007837964010646452 0.000537334365950009 0
0.0004803750484330377 0.0005391467027218591 0
0.0003028074902870117 0.0003835020871755987 0
0.0004618777949346396 0.0005388465948838678 0
0.0006822932777671873 0.0008367407513218403 0
0.0008964117785838418 0.0006285249769947085 0
0.0008864944259503812 0.0006216471858584663 0
0.0008240776916471675 0.0005179450241370385 0
0.0007684556809560052 0.0004530782347356841 0
0.0009076982123916244 0.0005184898905554417 0
0.000774706813432196 0.000251310782086415 0
0.0007080868227565201 0.00047918183789967 0
0.0009483939726875705 0.0005093087650399333 0
0.0009386925960561252 0.000530892074769051 0
0.0009975088878582583 0.0004732857484919239 0
0.0009933297659625992 0.0004645507317516367 0
0.0007449099287607479 0.0004827139210128475 0
0.0008694827267777081 0.0004657244747444515 0
0.000873363772684401 0.0004644103328522957 0
0.0008657413275844907 0.0004664567343608383 0
0.000874154189316466 0.0004603917153209027 0
0.0005002973607553436 0.0006109402546686494 0
0.0005618717984419674 0.0005224754054541727 0
0.0008066945059340807 0.0004397197803298684 0
0.0008129204637111871 0.0004365383820407721 0
0.0008142220985113734 0.000429652142167548 0
0.0008216235530575398 0.0004289083638364393 0
0.0007882730183788177 0.0005335269339850847 0
0.00055265498966972 0.000482455132575799 0
0.0009680720785747572 0.0003120805808241235 0
0.0008171031757133983 0.0004568735566244858 0
0.0001880262718868437 0.000725313966636433 0
0.0006007390458200488 0.0005673024542913822 0
0.0004641593236368914 0.0005163961658205829 0
0.0004625493190943905 0.0005145528014770637 0
0.0006375781635452927 0.0005224265032510234 0
0.000423532486007411 0.0009215968003307574 0
0.0006902419147021687 0.0004576350739796568 0
0.0009236962658018419 0.0004703622634279917 0
0.0005480884023253978 0.0005223108959886406 0
0.0005126940698430239 0.0004829121262234834 0
0.0005126759830851601 0.0004854360339288584 0
0.000510759551063299 0.0004867577162411499 0
0.0005129143732092296 0.0004878788019098354 0
0.0004805128806387355 0.0004930450523403587 0
0.0004785234439079808 0.0004946734266259173 0
0.000480991667335555 0.0004954290440118475 0
0.0005834918010261712 0.0004945315270015295 0
0.0005812651210239711 0.0004985702778483284 0
0.0008407202158022271 0.0004871776000744537 0
0.0008429934942998618 0.0004887277372643856 0
0.0003331307145011163 0.000559733324246357 0
0.0006190075268769176 0.0005503109289836891 0
0.0007645305828035398 0.0005472090133353952 0
0.0009791147455397887 0.0004804794094702992 0
0.0008587604174503543 0.0005154979890644134 0
0.0008591969003829515 0.0005130263606947395 0
0.0008615411392638757 0.0005121490609025027 0
0.0008596696467949795 0.0005105140255103604 0
0.0008574086601233666 0.0005113006087733016 0
0.0008619631054877662 0.0005096936277634096 0
0.000863790810276215 0.0005113500006779832 0
0.0008644699105011654 0.0005092301268962799 0
0.0006099471677111204 0.0004830519362350446 0
0.0009294963022478792 0.0004861852184344897 0
0.0006892251200928339 0.000519105154213186 0
0.0006420251975070612 0.0005425462597551936 0
0.0006369432615007183 0.0005427383962791694 0
0.0005741187555417731 0.0005342186610632206 0
0.0006560230857829225 0.0005354949412754192 0
0.0003891000992154847 0.0004922609632227483 0
0.0008400892149618721 0.0004598772082838286 0
0.000840246970822934 0.0004520419072573856 0
0.0004510629173661501 0.000581238478064223 0
0.0008303717607032539 0.0004835817329435108 0
0.0008332388492743264 0.0005165576501693237 0
0.000867549452512334 0.0005218377173912584 0
0.0008701930425801572 0.0005207095205656666 0
0.0006856584969475492 0.0005829047136701717 0
0.0006109027858641493 0.0005397539736637088 0
0.0008554139907610063 0.0004829275009556637 0
0.0008576582297045573 0.0004825295574419601 0
0.0008593447431295045 0.0004844586907100513 0
0.0004487994968901054 0.0005031672019894036 0
0.0004502124274065195 0.0005051500755105804 0
0.0004525610682010421 0.0005053366957569339 0
0.0004487225794874821 0.0004967836310921826 0
0.0004500447229491443 0.0004946291623611203 0
0.0004527981272381969 0.0004945334213452483 0
0.000451184419297222 0.0004924018467767566 0
0.0004488404854686404 0.0004924301624158917 0
0.0008569673199359864 0.0005137228980048561 0
0.000696722674865656 0.0005078656353758662 0
0.00097564206109117 0.0005253399414096373 0
0.0009724446735696881 0.0005268517679835257 0
0.0009754698273426953 0.0005280838662877692 0
0.0009706261167108714 0.0005248788232055219 0
0.0009978286380861962 0.0004789271685340063 0
0.0009980359063858548 0.0005211113073013345 0
0.0004808160913498642 0.0005310981670168946 0
0.0006064137920984212 0.0004104184467047768 0
0.0002530406087511894 0.0007237545115246396 0
0.0009261362021818204 0.0004993003188692811 0
0.0009280262599220888 0.0004982949966319321 0
0.000294839095009979 0.000219993786493139 0
0.0002594186337345431 0.0002160410799417102 0
0.0009052682860398923 0.0005194789984097498 0
0.0005469301218023984 0.0005452008699759879 0
0.0009953952408197359 0.000477900709414727 0
0.0004486462793122849 0.0005331139154423686 0
0.0004471317277095157 0.0005298633403867077 0
0.0005092683183588171 0.0005006506203958247 0
0.0008949255528550447 0.0004545005177368997 0
0.0005318815358867604 0.0004739376853189878 0
0.0004026553061907321 0.0003970496416144624 0
0.0009544449788950816 0.00051383691737018 0
0.0001212236806643237 0.0003229896360766924 0
0.0005071107506072551 0.000491574941571661 0
0.0005074522676750733 0.0004894028225124554 0
0.0006886357320827925 0.0004832302111672575 0
0.0006899533659210715 0.0004792581204924742 0
0.0005116094913414717 0.0005274875615433683 0
0.0008069079113774667 0.0004836597249294692 0
0.0008347483130110242 0.0004845166391738191 0
0.0006160096558366554 0.0005019547595303303 0
0.0006181973191132539 0.0005006471272425357 0
0.0006203511506222463 0.0005020545675268151 0
0.0005190744480959172 0.0004812321063988859 0
0.0002837895120749026 0.0006145295193757186 0
0.0005358575725779754 0.0006067043955771802 0
0.0008796788022092871 0.0004800058308211662 0
0.0007358892457793916 0.0005293553491872625 0
0.0007591694675636829 0.0005396283491520036 0
0.0008245421347866564 0.0004694058940347321 0
0.0007274120494104599 0.0004638695884022953 0
0.0009866744600792419 0.000425523490638653 0
0.0009859485982801461 0.0004176391269627869 0
0.000843905813125353 0.0004840488825077796 0
0.0006117842652885965 0.0005547900295446923 0
0.0006051811122996178 0.0005129444730099429 0
0.0006286858620619938 0.000517278788122676 0
0.0006287346985756419 0.0005147771440729117 0
0.0006309186842500577 0.0005135416318001688 0
0.0006330927044141896 0.0005148123458650678 0
0.0006330858824299846 0.0005122955490584919 0
0.0006309448628415708 0.0005110217438279411 0
0.0006330927926314401 0.0005097855952798369 0
0.0008208733897828383 0.0004150407275995597 0
0.0007475828210875536 0.0005163368873399998 0
0.0008289332609724092 0.0005160035737038141 0
0.0004312784795038736 0.0005346229233785256 0
0.0005453003101111876 0.0004591013053704286 0
0.0004745191270387685 0.0005212802278950102 0
0.0004327923659960719 0.0005568113653824507 0
0.0004962521888525016 0.0005030343589473504 0
0.0004951719082707324 0.000505434646603805 0
0.0001959771697996949 0.0004767840863280993 0
0.0008243670355368713 0.0005511613994649981 0
0.0009571677698680089 0.0004834555819487504 0
0.0009547298945732474 0.0004870400155216918 0
0.0004656161418757259 0.0004858975646106329 0
0.0005423629092509809 0.000561387951166738 0
0.0007276509282785806 0.0005154818048996692 0
0.0007462989013764501 0.0005122067280674504 0
0.0006401848104237212 0.0007886325502568882 0
0.0006661942764903703 0.000782659752022539 0
0.000520681152187301 0.0004460363287396251 0
0.0008713225140209563 0.0006036118700624283 0
0.0009518811738315022 0.0006487196898497992 0
0.0005761771067863404 0.0006531979537763167 0
0.0005638938517180435 0.0006435106057862592 0
0.0006218408057851114 0.000523690028374311 0
0.0009930868129458797 0.0005356026940251564 0
0.0009495709798919379 0.0005628903932467564 0
0.0009979399705617252 0.0005111099110511975 0
0.0009957183845670545 0.0005123648992068745 0
0.0009979231810062568 0.0004839252544401972 0
0.0009977978696071184 0.0004936759385304448 0
0.0009979269387151012 0.0004888644208039657 0
0.0009957745581803277 0.0004898884801191935 0
0.0006353114976636374 0.0005085799144142695 0
0.0006331739845088734 0.0005072720199468135 0
0.000633227044684851 0.0005047821464705034 0
0.0006310349892536042 0.0005060075841711271 0
0.0009979662452396522 0.0005061825713973133 0
0.0009957260192086554 0.000507198415691685 0
0.0009979162288624467 0.0005037090913714551 0
0.0006024101562083019 0.0005165705282565468 0
0.0009140526592119371 0.0005173184566690469 0
0.0009266708875606438 0.000486962920444836 0
0.0009526216797114473 0.0004855979377090825 0
0.0005161138803861703 0.0004942004494027318 0
0.0005183509913881475 0.0004955236272339976 0
0.0004762284823923606 0.0004939025011067105 0
0.0005954442026715446 0.0005226848390655325 0
0.0007499779700895334 0.0005155904503536049 0
0.0005763089484164534 0.0005154212966077699 0
0.0005908713194182937 0.0004835800868218669 0
0.0005929232541507295 0.0004850069956228403 0
0.0005927820126605692 0.0004874655875227227 0
0.0005204807501754477 0.0004919321996625873 0
0.0005185063053798891 0.0004855589176038533 0
0.0005527464628253904 0.0005172804054062038 0
0.000522716516132002 0.000482999574723938 0
0.0009674999388863666 0.0005168592946626883 0
0.0007750081309576213 0.0004827459439189519 0
0.0007768834593065413 0.0004844511450830839 0
0.0005247940518563625 0.0004891312468838331 0
0.0007842548810085521 0.000491219556564322 0
0.0008457710633927165 0.0005043088285838161 0
0.0008460902113236336 0.0005018293078488201 0
0.0008480779798629483 0.000503345430171308 0
0.0008483971295200185 0.0005008659136062688 0
0.0008503848967163406 0.0005023820320227779 0
0.0008507040480084447 0.0004999025199588712 0
0.0008526918152534362 0.0005014186384745801 0
0.0008530109668261475 0.0004989391271773929 0
0.0007847992426036339 0.0004887795676180679 0
0.0007833738961616069 0.0005051110598767173 0
0.0009359748081813882 0.0004993462991054806 0
0.0009381937519749186 0.0004985600326348941 0
0.0009385128891908859 0.0004960804860155749 0
0.0009375634467386977 0.0005009926011650034 0
0.0008850616572030007 0.0005043246232599258 0
0.0008870494389566612 0.0005058407775062192 0
0.0008867303017405558 0.0005083203241256179 0
0.0008889809718881288 0.0005075070182751817 0
0.0008893439225204884 0.0005049706956349606 0
0.0008549987464746263 0.0005004552683664337 0
0.0007839182771678978 0.0005026710498126606 0
0.0009579931238387468 0.0004998021673091019 0
0.000957794990578797 0.0005022943035707229 0
0.0009598541772678881 0.0005037119601516125 0
0.0009557358039021936 0.0005008766469761481 0
0.0009575968573265134 0.0005047864398239559 0
0.0009762975155383259 0.0005126676761628606 0
0.0009866525650740797 0.0005175438097079377 0
0.0007965838541099341 0.0005054713302903111 0
0.0007985611825840827 0.0005072968558618243 0
0.0008454519028202436 0.0005067883188131265 0
0.000986993395969353 0.0004912112716060257 0
0.0006505648701708001 0.0005025026231262179 0
0.0009878332325099774 0.0005051046728862812 0
0.0006765249181038102 0.0005027038243805921 0
0.0006767559519366151 0.0005049907921905311 0
0.0006787602193132351 0.0005014069600787067 0
0.0006788189272217136 0.0004988245736750123 0
0.0008441758658616301 0.0005167063877265757 0
0.0008220830971690958 0.0004906941339685504 0
0.0008642265673735051 0.0004966015378797127 0
0.0009518153897268347 0.0004955494503838176 0
0.0009516174118074164 0.0004980413610049672 0
0.0008431450096310887 0.0005077517734480143 0
0.0007537903458772989 0.000498510790601773 0
0.0007519754812123135 0.0004969023645668565 0
0.0007495684670053137 0.0004975817327883229 0
0.0007543666838492679 0.0004961679929064621 0
0.0007501266893739178 0.0004953105857037415 0
0.0007477657363323269 0.0004958836272982924 0
0.0007483279735222051 0.0004935530540461912 0
0.0007472010121170203 0.0004983657672257958 0
0.0008281502388445034 0.0004933284824442226 0
0.0009832903160032168 0.0005071804377016856 0
0.0006766063411488992 0.0004977277862704615 0
0.000678771803848675 0.0004965344665855939 0
0.000680558802259508 0.0004947170020131054 0
0.0006810945224591205 0.0004920856295661134 0
0.000679003486657236 0.0004910375833672321 0
0.0006790932138218302 0.0004885414556569668 0
0.0006811511887339476 0.0004998449368430585 0
0.0008177339993038111 0.000499240663995006 0
0.0008223740160961643 0.0004998395334266741 0
0.000771033293504477 0.0004908355252117477 0
0.0007728729988590537 0.0004925231069037155 0
0.0007723284153441905 0.0004949624718085721 0
0.0007747137233414224 0.0004942139360771032 0
0.0007752581048941127 0.0004917739295827505 0
0.0007989987414526107 0.0005047580858842462 0
0.0008010400772594252 0.0005063835112340625 0
0.0006768103862080576 0.0004851712550949643 0
0.0006999563273195833 0.0004896703570419537 0
0.0009216518237323409 0.0004913920456102508 0
0.0009193653988748149 0.0004923282842057013 0
0.0009173978772079274 0.0004907855792987287 0
0.0005266574662254928 0.0004931184830895381 0
0.0006504637321880312 0.0005124857585139331 0
0.00074500129900885 0.0005080764926227005 0
0.0007455454932664219 0.0005056358873397267 0
0.0009497563771195979 0.0004941315409447669 0
0.0008316009655753426 0.000512571497090161 0
0.0009705463472675241 0.0005058160033458029 0
0.0009725920795029125 0.0005072325599206637 0
0.0009727772827787183 0.0005047393983860242 0
0.0009729951781719702 0.0005022572617958583 0
0.0009749981152273018 0.0005037517754577095 0
0.0008673628121109949 0.000506968169113495 0
0.0008602508955203493 0.0004935694118757311 0
0.0008625577971259676 0.0004926060086199956 0
0.0009668129993197742 0.0004980124583602499 0
0.0008428258738906573 0.0005102313236368594 0
0.0005268452685944251 0.0005018520480325919 0
0.000773624916402732 0.0004990938031181474 0
0.0006569841275003444 0.000511310376712317 0
0.0006634841641085205 0.0005101115297314533 0
0.000628965331079225 0.0004972863111149053 0
0.0006311427894983984 0.0004960580298633352 0
0.0006311177830551818 0.0004985579047957652 0
0.0007175609996347865 0.0004963930450192553 0
0.0007176663422083613 0.0004988883288165074 0
0.0007155140283038154 0.0005001624924089884 0
0.0007177295849544909 0.0005014933179872031 0
0.0007200440308517881 0.0004997442249760881 0
0.000713340345711485 0.0004990732702181081 0
0.0007133885943355056 0.0005013042793167536 0
0.0004559275715187925 0.0005138441190673554 0
0.0005967159015548759 0.0005003414502570331 0
0.0008077703341748121 0.000495182432716602 0
0.0008083154899724104 0.000492744891411602 0
0.0009495582640763747 0.0004966237170196155 0
0.0009135137366207106 0.0004934331761950494 0
0.0005377806111324798 0.0004940403323778243 0
0.0005311222897371307 0.0005070980454796403 0
0.0005311016666661582 0.0005095979430361675 0
0.0008125395709419453 0.0004936809662788098 0
0.000801704147989175 0.0004925511289390116 0
0.0005966523826167326 0.0005053857448605896 0
0.0005527513162654806 0.0005097764413192759 0
0.0007407752621600533 0.0005071160352179131 0
0.0009641706774443737 0.0005040551441253582 0
0.0008328412295937872 0.0004917619397571788 0
0.0008323000292680589 0.0004940376046234566 0
0.0009906367981225225 0.000499092030042968 0
0.0005767605378152765 0.0004862241052312239 0
0.0006484874375563674 0.0004937314046483762 0
0.0006311677959582541 0.0004935581549310672 0
0.0006333202479198731 0.0004948297486117824 0
0.0009174299256299227 0.0004960575700677897 0
0.0007510685732792625 0.0005107108045923974 0
0.0007534537642233023 0.000509962276902531 0
0.0009709328298773162 0.0005008458033568426 0
0.0006963004255915121 0.0005048967211791289 0
0.0006941566219681332 0.0005039108613834166 0
0.0006922210290731947 0.0005056112330283453 0
0.0008432095390629526 0.0004912236359997974 0
0.000844871398572604 0.0004895886017360383 0
0.0006354977161353602 0.0004936014674581139 0
0.0005722879840650433 0.0005036877866411698 0
0.0005701126776538813 0.0005049198751191509 0
0.0005700920443699349 0.0005074197899712195 0
0.0005679373712460891 0.0005061519635969375 0
0.0005679580045272224 0.0005036520487450343 0
0.0006527423285899006 0.0005012743418744579 0
0.0007068062712886258 0.0004981150670482293 0
0.0008946060936129393 0.0004979998164519812 0
0.0008942889369686227 0.0005004724386509568 0
0.0008919823480937362 0.0005014346769542644 0
0.0008939145720698617 0.0005030339958285434 0
0.0008961918812428459 0.0005021408573133715 0
0.0008965563641376614 0.0004996510233104842 0
0.0006096646760764639 0.0004930397992317906 0
0.0006074711446477556 0.0004942213704861272 0
0.0006075601834752456 0.0004917229288045964 0
0.0006073921583800937 0.0004967201256379574 0
0.0007794842785532344 0.0004927166710416059 0
0.0007399841211400849 0.0005005943930563706 0
0.0007403648955858578 0.0004977392631568718 0
0.0007430657083014639 0.0004973886718167125 0
0.0006290903632932218 0.0004847869364527182 0
0.000629109536974057 0.0004822969347525631 0
0.0006312428152877033 0.0004860585301337625 0
0.0005288437560417804 0.0005208298120257955 0
0.0008784597517950523 0.0005047345695989014 0
0.0009555372268109756 0.0005033694400971841 0
0.0009553357652270467 0.0005058672046579771 0
0.0009875961903380861 0.0005075931972667511 0
0.0008956337582280016 0.0004906301049192312 0
0.0006440825205338631 0.000501187717141621 0
0.0007693986942347655 0.0004981509082737832 0
0.0008109043521664821 0.0005048446421819569 0
0.0008110888787641458 0.0005024555596972555 0
0.000813401252209785 0.0005014029189107038 0
0.0004508765677514195 0.0005087037266633845 0
0.0009401255091121652 0.0005009154602849035 0
0.0008873665036049042 0.0005033767826372243 0
0.0009473012082762383 0.0004976982162816059 0
0.0006163265430474407 0.0004870226971528963 0
0.0007890253673598441 0.0004897225685988817 0
0.0008736208179079359 0.0005090172732743165 0
0.000654969799894484 0.0004950463107580804 0
0.0006549948063372226 0.000492546435825753 0
0.0009635686763375131 0.0005115406617044356 0
0.0006095130038233957 0.0004980375034641941 0
0.0007376187895041898 0.0004913730461230514 0
0.0007354352042517904 0.0004901494970905645 0
0.0007332861063124997 0.0004914274763109757 0
0.0007335496523899045 0.0004888835574521868 0
0.0007314476263533171 0.0004901352153155157 0
0.0007353859773424863 0.0004880000593575571 0
0.0007375481465052686 0.0004884858991687907 0
0.0008536506232568672 0.0004939833416034166 0
0.0008559566556416234 0.0004930178274827031 0
0.000785343439369392 0.0004863397581674349 0
0.0005289312428536813 0.0004841668921603331 0
0.0008544427893980543 0.0004866656940444052 0
0.0007539981266882816 0.0005075222725991658 0
0.0007558390470575679 0.0005092137251613718 0
0.0007552946629686365 0.0005116537356725689 0
0.0007563834242243078 0.0005067737165175444 0
0.0007582243445686525 0.0005084651691714114 0
0.0007587687254985584 0.0005060251592409995 0
0.0007606096464056585 0.000507716611358009 0
0.0007611540268509742 0.0005052766018987442 0
0.0007629949476314626 0.0005069680542405487 0
0.0007616984078326395 0.0005028365918617654 0
0.0007569278052700332 0.0005043337064087345 0
0.0007635393288210545 0.0005045280438837593 0
0.0009512197065722155 0.0005030281719801118 0
0.0007866401713955268 0.0004904710112403957 0
0.000917263474673765 0.0005012784329627509 0
0.0005376177606643796 0.0005034699084565607 0
0.0008177080217544564 0.000502012044358449 0
0.0008688402659525077 0.0004946749359119091 0
0.0006421789827270137 0.0004869696585106476 0
0.0006398914447133088 0.0004885820856919594 0
0.0006377251776404581 0.0004873734362437274 0
0.0006765942778444469 0.000495395330103865 0
0.0007780590028060318 0.0005090480863033438 0
0.0007756736113275494 0.0005097967417465137 0
0.0006419800955340728 0.0004949163737383892 0
0.0008444219403401554 0.0004978342560087406 0
0.0006572137855599499 0.0004863095095559174 0
0.0006571958172288556 0.0004888166781867619 0
0.0006879756047208225 0.000503285184561817 0
0.000689907696876499 0.0005019324972200388 0
0.0005419368608983931 0.0005084374512654246 0
0.0005440915340058347 0.0005097052775878495 0
0.0005419162276175549 0.0005109373661141264 0
0.0006097469697020471 0.0004905413480630445 0
0.0005745867803839518 0.0004874562064938532 0
0.0005289338781519352 0.0005108293433651409 0
0.0008777579726776744 0.0004933228131146557 0
0.0008783504489451868 0.0004907704374504852 0
0.0008759454093465702 0.0004895351287594352 0
0.0008305802405591601 0.0005036144104798412 0
0.0005267303621408887 0.0005145621784862203 0
0.0006680095284402124 0.0004901764760264172 0
0.000661477168410275 0.0004938613406144769 0
0.0007097518072848964 0.0005080942747620118 0
0.0007095596691611496 0.0005058795917126235 0
0.0007116025654968158 0.0005044941733895385 0
0.0009619133557129619 0.0005051296257568634 0
0.0009617142049736929 0.00050762379589742 0
0.0005746397749343485 0.0004824618316215395 0
0.0009476984439008513 0.000492714000386085 0
0.0007030731002620081 0.0005117436808030476 0
0.0009214000640696868 0.0004938307419685711 0
0.0008351950746309286 0.0005016883915870693 0
0.0006794495434546156 0.0005134018818694603 0
0.0006815246223983422 0.0005148353858709772 0
0.0008213523162587698 0.0005074673851125156 0
0.0008061498257308613 0.0005024176643591007 0
0.0008056127912713621 0.0005049977665901682 0
0.0009514190963493359 0.000500533996831132 0
0.0009534776897659765 0.000501952408384721 0
0.0009536764258726663 0.0004994593288372972 0
0.0005788141706879345 0.0005024900385600102 0
0.0005809698119572361 0.0005037140175526541 0
0.0005812225194526971 0.0005010487281306944 0
0.0006073158845990793 0.0004992189577770658 0
0.0006073147457436553 0.0005017452838700318 0
0.0007837105000543757 0.0004936595666677967 0
0.0008728158390520801 0.0004977072391786327 0
0.0007521572033805338 0.0005058308207066496 0
0.000629065356873248 0.0004872868113853842 0
0.0005153317051396827 0.0005031915889738438 0
0.0005745458236126626 0.0004924560387548844 0
0.0008059301800821825 0.0004934934211227 0
0.0007139633147151159 0.0005055507280866416 0
0.0007609462496798759 0.0004962651188240983 0
0.0007591053294265911 0.0004945736660107006 0
0.0007633315510547039 0.0004955165614472573 0
0.0008497581167207808 0.0004886297741287088 0
0.0005680405376951398 0.0004936523893348927 0
0.0005658858645565674 0.0004923845629614535 0
0.0008088650855638705 0.0004903032329852803 0
0.0005397615544994674 0.0005096695397740873 0
0.0005397409212505554 0.0005121694546263479 0
0.0005375656148624323 0.0005134015431362165 0
0.000567916737962706 0.0005086518784489828 0
0.0006441575325127197 0.0004936880922725739 0
0.0006615473670468647 0.0004814541840769556 0
0.0006637540103518165 0.0004826633706281764 0
0.0006528425951619214 0.000491276125580344 0
0.0005332769238707365 0.0005083659381234636 0
0.0005680878655225389 0.0004861027931201095 0
0.0005659630787559813 0.0004874266708856625 0
0.000948095617975532 0.0004877306025294463 0
0.0009501510190752628 0.000489150059621103 0
0.0008853804489972712 0.0005018476685955649 0
0.0007829582993384026 0.0004870881393302812 0
0.0007290234636285505 0.0004964851316322571 0
0.0007291691082703333 0.0004940320716802131 0
0.0007961961974806024 0.0004875065819890229 0
0.0009038361461796473 0.0004941379376541215 0
0.0009058239279338917 0.0004956540919000698 0
0.0005723292506355855 0.0004986879569368831 0
0.000659349441955644 0.0004900894863015752 0
0.0006593246695437909 0.0004925896823445504 0
0.0006615270168559728 0.0004888610924665773 0
0.0008167386908233488 0.0005093946787181132 0
0.0008514031729688937 0.0005113326671401549 0
0.0008737510807548248 0.0004903067615723814 0
0.0005657194267523892 0.0005123781504556406 0
0.0006506928089110323 0.0004900091148404059 0
0.0006835579277574804 0.0005107559466064548 0
0.0006857740971760526 0.0005094283605327 0
0.0005462668404029913 0.0005084731890570858 0
0.0007312722002784286 0.0005027055161444677 0
0.000825965003187 0.0005055378441767445 0
0.0008030006871629736 0.0004966825918967012 0
0.000665919558199164 0.0004814246650219198 0
0.0009914364649668214 0.0005129705612741994 0
0.0005767830298748794 0.0004837242057207452 0
0.0005311957273868876 0.0004996490822319445 0
0.0005902357808366043 0.0004960913337442785 0
0.0005923354732845287 0.0004973804783669886 0
0.0005924831194487229 0.0004949586040264186 0
0.0005903713551348372 0.0004935665330936074 0
0.0005926021930105219 0.0004924209912024913 0
0.000594711951007147 0.0004938865499535179 0
0.0005947787471745913 0.0004913581202203134 0
0.0008378913983725893 0.000514637299137811 0
0.000850065504995674 0.000504860962548344 0
0.0005841778852115832 0.0004892351966439526 0
0.0005767414018784732 0.0004887240324417848 0
0.0005767210697851756 0.0004912239497797511 0
0.0008398116620353213 0.0004997619472408613 0
0.0007995275000354507 0.0005023063502029238 0
0.0007355527431810668 0.0005001092359518358 0
0.0005291316362502995 0.0004916470412636968 0
0.0005399460872616333 0.0004902544072762231 0
0.0005399484098978103 0.0004927051476920058 0
0.0006354727186722182 0.0004961013424803121 0
0.0006289408284605191 0.000499786191087131 0
0.0006310960108713203 0.0005010439339239809 0
0.0006223999996423377 0.0005059815481753769 0
0.0008384892172811751 0.0004933511031040145 0
0.0006874411936542724 0.0004882012639415635 0
0.0006729001606292391 0.0005097429710063583 0
0.0006727064224751611 0.0005072986187417681 0
0.0006705516605012121 0.0005085930823254134 0
0.0008790983123088874 0.0004997761603212155 0
0.0006031077569612124 0.0005041891370351544 0
0.0005571020953568076 0.0005073125579208087 0
0.0005722291162711471 0.000513485969041458 0
0.0009001941142421852 0.0004885448586046859 0
0.0008955509916267197 0.0004878835852462623 0
0.0005331802865699289 0.0005183407721607949 0
0.0006485145328848431 0.0004912353516938404 0
0.0009176844053849936 0.0004883527728563315 0
0.000812125898966671 0.0005113239683809783 0
0.0009279424118784028 0.000493435651399202 0
0.0006877844389075894 0.0005007564321930889 0
0.0007490241652996473 0.000500018430551159 0
0.0009365067896490075 0.000494558727357306 0
0.0009596548545043497 0.000506206471947808 0
0.0005310822389053555 0.0005120978239057475 0
0.000681291389634414 0.0005047497118277993 0
0.0007969335454876404 0.000494048243421029 0
0.000950935738510573 0.0004792311128696157 0
0.0008910067826260012 0.0004926107279741193 0
0.0008891858573590852 0.0004908056482103149 0
0.0008885543703150743 0.0004884088297794095 0
0.0005592774105131249 0.0005060804847398822 0
0.0006164503998445381 0.0004820440733063079 0
0.0006165246698063932 0.0004795650677195962 0
0.0008075174152016977 0.0005132231169635338 0
0.000790866384438929 0.0004914139160306773 0
0.0009767394602747601 0.0005077143684073499 0
0.0005571227370768946 0.0005048126578686128 0
0.0008011597669506916 0.0004949911390383615 0
0.0007798964688576979 0.0005107338742179363 0
0.0007813251987998772 0.0004944081239002491 0
0.0008010116310911846 0.0004861097749257134 0
0.0006076312022000789 0.0004892282177985562 0
0.0006076918041273724 0.0004867394064941698 0
0.0005462874736813588 0.0005059732742422572 0
0.0008744844676754384 0.0005017029291270881 0
0.0006461850074295433 0.0005074589580851862 0
0.0006462099634225774 0.0005049591685499274 0
0.0006484624310854582 0.0004962312795805177 0
0.0006162639195284047 0.0004894934924249438 0
0.0006183995266258086 0.0004883289896292923 0
0.0006354226870077705 0.0005011010921574787 0
0.0008184028923860031 0.0004873158269866195 0
0.0005789478300305406 0.0004974287623928486 0
0.0005334111638655339 0.0004866334361190107 0
0.0007699430807151092 0.0004957109211139934 0
0.0005441753248742629 0.0004997216327337582 0
0.0007889003642954695 0.0004807188735713181 0
0.0008154481804376905 0.0005030652813548303 0
0.0006225722859261284 0.0004909635988034045 0
0.0005377016942008216 0.0004840863287380496 0
0.0007333196535433303 0.000493927251217495 0
0.0005613973978705153 0.0005123500678972258 0
0.0005614746557480981 0.0005148768231876045 0
0.0008136306542430301 0.0004888083427339321 0
0.0006935102380623549 0.0004911146508196958 0
0.0005659124890981986 0.0004898916377149573 0
0.0005637872482554952 0.000488675177247054 0
0.0008490397645571298 0.0004959172386333697 0
0.0006333452564608961 0.0004923298737003149 0
0.0008631488588550499 0.0005069017331670553 0
0.0009153831748341018 0.0004893655751785413 0
0.0007796920562494803 0.00050172815359824 0
0.0009830511695577806 0.0005096689732870956 0
0.0009853248006534933 0.0005086311785030091 0
0.0006246919842933415 0.0004922419060980085 0
0.0009110308967473638 0.0004995171402332913 0
0.0009444448588492957 0.0005062653571850039 0
0.0009441815323891652 0.0005087789637767682 0
0.0008863390667376721 0.0004944084976793075 0
0.000949360169848737 0.000499116016964569 0
0.0006700864611605363 0.0004989468334449037 0
0.0005765815710999969 0.0005086978460213376 0
0.0008359036066540341 0.0005131207585459931 0
0.0008787791272390252 0.0005022555930416169 0
0.0006375926131003301 0.00048486427134464 0
0.0005442088036618484 0.0004852270494504629 0
0.0006591996845191977 0.0005050891229172464 0
0.0007987744656999234 0.0004957396962793727 0
0.0005657412029716149 0.0005098830117060546 0
0.0009190623191793978 0.0005075936311640297 0
0.0008842498119357567 0.0005094231363737276 0
0.0005787567721990778 0.0005099004384858212 0
0.000580906676573923 0.0005087590921375222 0
0.0005808911820690474 0.0005110295119014334 0
0.000655035642329094 0.0004875431759103558 0
0.000995339111976799 0.0005183311344934047 0
0.0005484010941030847 0.0005122403848944426 0
0.0008546794283047529 0.0005029343139823758 0
0.0005356328062444773 0.0004928162310535879 0
0.0006571222518689616 0.0004963179044301868 0
0.0005179981731250902 0.0005114311246696704 0
0.0006226120618902924 0.0004859429362388852 0
0.0009776637192110979 0.0004978480923197203 0
0.0009621114951300144 0.0005026374827554215 0
0.0005680621695025227 0.0004911536394182235 0
0.000934537325682378 0.0004930481775236274 0
0.00070539441909734 0.0005105534739134726 0
0.0005463330549852425 0.0004840590273967615 0
0.0006724394801329575 0.0004802203108807859 0
0.0005148065823528713 0.0005056362650223188 0
0.0008408380977600082 0.000508715182962081 0
0.0005397178390870111 0.0005146650458080994 0
0.0006008334975031032 0.00051032656486664 0
0.0008491083653271838 0.0005123002613757478 0
0.0006680345260247661 0.0004876765652473707 0
0.0009723747410896634 0.0005097231717712404 0
0.0009701438282936716 0.0005107999535239264 0
0.0005420301459258977 0.0005010376423387495 0
0.0007567269131194597 0.0004953387731029973 0
0.0007572671154937069 0.0004928853192442401 0
0.000759691620635791 0.0004922662844259547 0
0.0007578486490902085 0.0004903258688762118 0
0.0007554234889928609 0.0004911907603040583 0
0.0007573522995711423 0.0004878021539173998 0
0.0007597047897351374 0.0004885684902016125 0
0.0007528421147882376 0.0004900309561486651 0
0.0007526909334843021 0.0004925753722363779 0
0.000761497615742718 0.0004938472134818009 0
0.0007884810781336947 0.0004921624787712458 0
0.0007916185619476444 0.0004979853680023715 0
0.0008533535608719336 0.0005128459817145303 0
0.000872177978011582 0.0005026657004924576 0
0.0008840322914029743 0.0004953722334317503 0
0.00067021199385024 0.0004864483311137692 0
0.0005635726651712789 0.0005136072467130289 0
0.0009840045809970668 0.0004997145862944143 0
0.0007561821207785225 0.0004977811937321292 0
0.0005354758988352146 0.0005021646383271469 0
0.0006614021493801348 0.0005013609667291728 0
0.0008592940832793445 0.0005010072096252796 0
0.0008064766515697626 0.0004910570281945594 0
0.0009615093018236216 0.0005101268735395676 0
0.0006224984026014514 0.0004984497484987355 0
0.0007892332606971426 0.0004987339252430904 0
0.0009471036089648904 0.0005001919335743856 0
0.0006441325357650035 0.0004961879673018696 0
0.0006526923157045259 0.0005062740917395203 0
0.0008107012975129137 0.0004919961590716866 0
0.0007640837103412593 0.0005020880332433418 0
0.0005658033317296617 0.0005023842223515883 0
0.0005657826982502294 0.0005048841372151372 0
0.0008764722153194098 0.0005032190025307708 0
0.0006332952750024378 0.0004973296238793259 0
0.0006332683739979268 0.0004998228726270921 0
0.0005486029678480214 0.0004900791396901095 0
0.0006269571713837397 0.0004810246059268021 0
0.0008345556195866594 0.0005066462735946637 0
0.0007815329761596026 0.0005034196067878377 0
0.0009803510902487704 0.0005156832383430809 0
0.0009801297338590898 0.0005181345899875987 0
0.0005268022372314643 0.0005120617752454825 0
0.0005129520275989549 0.0005039659346115519 0
0.0007420809500035975 0.000488927134908565 0
0.0007643701991442315 0.000490652600289748 0
0.0007620249043570879 0.0004915577519340556 0
0.0009627081695184172 0.000495161517640604 0
0.0009629756076397894 0.0004926744680876691 0
0.0006701368657556469 0.00049394796476873 0
0.0008035450366397862 0.0004942424812250765 0
0.0007448304476717593 0.000499121559005557 0
0.000657147250447523 0.0004938180185157309 0
0.0009837667151932985 0.0005022032545663226 0
0.0008866505031853803 0.0004919998237397878 0
0.0007026918416700334 0.0005032927252022795 0
0.0009637714798122963 0.0005090436516427882 0
0.0006571719663821634 0.000491317810344618 0
0.0008154714629857503 0.0004904991596179117 0
0.000957391817656449 0.0005072920513042723 0
0.0009377116790601696 0.0004870020127959679 0
0.0009499544440081496 0.0004916408360657497 0
0.0004558790848511491 0.0005074289142882893 0
0.0005418927372804736 0.0005134322366604709 0
0.0007934594821599047 0.0004996768208607374 0
0.0007863035784099522 0.0005019224925812014 0
0.0007312250879017599 0.0004927023111861482 0
0.0009559337714478371 0.0004983847615079231 0
0.0005723086173498092 0.0005011878717890578 0
0.0008573058107141414 0.0004994916914942005 0
0.0006635546013565286 0.0005026325604099706 0
0.0006679595037527511 0.0004951762460511872 0
0.0006701618101841466 0.000491448085404167 0
0.000570133310938428 0.0005024199602670506 0
0.000659224690961834 0.0005025892479844736 0
0.0008658958278417971 0.0005005964270123888 0
0.0008662144858641201 0.0004981175114499283 0
0.000655019251334961 0.000490046775198058 0
0.0009126683113789837 0.0005059045536714904 0
0.0008740623437421134 0.0004882129691396994 0
0.0006505398637281072 0.0005050024980586534 0
0.0008228422775993367 0.0004973002087614131 0
0.0006419302476395579 0.0004999161252490135 0
0.0005679786378105799 0.0005011521338930031 0
0.0006463099825548936 0.0004949596859340976 0
0.0008553179181098169 0.0004979756948488775 0
0.0009850865377029369 0.000511119791674579 0
0.0006031566315627096 0.0004991529210342863 0
0.0007028984948280184 0.0005056977133599662 0
0.000665706504985343 0.0005039031821587635 0
0.0008724966922450371 0.0005001867910231562 0
0.0005248520904427447 0.0005001335166048708 0
0.0006483874134333562 0.0005037309015312114 0
0.0006440575178954151 0.0005036875892483721 0
0.0008899946213568618 0.0004999183303624845 0
0.0009254861430101122 0.0005067539171921998 0
0.0008173116076382244 0.0004921883751080264 0
0.0006679343842604154 0.0004976758981172732 0
0.0006441075605591135 0.0004986878425456674 0
0.0007864510427534278 0.0005108512797107063 0
0.0009856850722415175 0.0004822953683211814 0
0.000889673064310207 0.0005024160271026957 0
0.0008705090304084351 0.0004986704790031187 0
0.0007881444986210593 0.000503613945440832 0
0.0009858004017794849 0.0005036543136834887 0
0.0006657569992560396 0.000498904289466328 0
0.0009188948439213112 0.0005100855131000715 0
0.000986279005878505 0.0004986768704454191 0
0.0008178571277724345 0.000489751603986086 0
0.0009855622192024862 0.0005061425996372218 0
0.0008226274122563901 0.0004882545521822075 0
0.0008255586838110385 0.0004850662850249604 0
0.0008130864790062592 0.0004912460292715844 0
0.0006678601710995962 0.0005051287763677573 0
0.0008916632768968497 0.0005039139927596188 0
0.000895829741882049 0.0005046906579347278 0
0.0009209674505858113 0.0005114790338446818 0
0.0007844626582050511 0.0005002310397147484 0
0.0006657313653427189 0.0005014030489747467 0
0.0007888102479481491 0.0005100415055706018 0
0.0008273993942613966 0.0004867577653592045 0
0.00082317249959465 0.0004858157179561588 0
0.0005637380940777929 0.0004911276274424554 0
0.0008202426102646766 0.0004890039816057038 0
0.000982923231460212 0.0004883101925584376 0
0.0005636899262369127 0.0004961165662187277 0
0.0009003371173042743 0.0005028176867760626 0
0.00055065872042459 0.0005010091823388527 0
0.0005967802145202831 0.0004977708522581039 0
0.0008685211554248142 0.0004971544475000291 0
0.0009125102039538671 0.0005084047668470842 0
0.000771239621065462 0.0004998423538775355 0
0.000552813393048518 0.0005022770087100626 0
0.0006093848146837027 0.0005030390327922952 0
0.0009228522187253632 0.0005155235779549466 0
0.000789985418832759 0.0005053053982997809 0
0.0007894410377936876 0.0005077454083997551 0
0.0009207726401933965 0.0005139944576913279 0
0.0007886888796591382 0.0005011739353419187 0
0.000862876920689884 0.0004901264731739585 0
0.000563711710559612 0.0004936184664997667 0
0.000729339927244348 0.000491424317511549 0
0.0008665351598221932 0.0004956372839255363 0
0.0006440074884708062 0.0005086873418133353 0
0.0008645455652281812 0.0004941221740392869 0
0.0008605700355689436 0.0004910899268348197 0
0.0007002636498140368 0.000497143421475804 0
0.0007130124202642787 0.0004915989727022495 0
0.0008579440622423406 0.000494533002306199 0
0.0008648647024441568 0.0004916426274199872 0
0.0009756250396527703 0.0004963944252945095 0
0.0007717840038032066 0.0004974023756374242 0
0.0008556373695552213 0.0004954969585638571 0
0.0007743771198660534 0.0005056652264780615 0
0.0007741692994121414 0.0004966538086238731 0
0.0009017409860660067 0.0005092194518545108 0
0.0008533308658538945 0.0004964613743903502 0
0.0008510238614046703 0.0004974245876737425 0
0.0009421748539259769 0.0005073225635661724 0
0.0005485406855535317 0.0004948254792987432 0
0.000559318684601635 0.0005010806577533647 0
0.0009754050616040305 0.0004988486571964576 0
0.0008487173663124397 0.0004983889878432061 0
0.0007765546049760243 0.0004959052655727205 0
0.0006980472077078531 0.0004959869641152032 0
0.0006959382339582631 0.0004973311238183574 0
0.0008464098538184387 0.0004993509208112334 0
0.0007776433652173979 0.0004910252438083984 0
0.0005571433750788792 0.0005023127458035537 0
0.0008441025909447365 0.0005003134613700525 0
0.0008417962082868313 0.0005012768637175 0
0.0007770989957606016 0.0004934652878679811 0
0.0009142344995467884 0.0005147888995462077 0
0.0008394903228683416 0.0005022407911584034 0
0.0007734188855647992 0.000490087896962074 0
0.0008371831179126728 0.0005032042159759916 0
0.000641879369703779 0.0005049158659113947 0
0.0008348751676676973 0.0005041672146075986 0
0.0005806243345446152 0.0005205323929079076 0
0.0007739649593199139 0.0004876533121463492 0
0.0008325680765083514 0.0005051306069668439 0
0.000644032253118375 0.0005061874438178742 0
0.0006960450619903454 0.0004998293282520876 0
0.0008302608863578354 0.0005060934150727826 0
0.0008279536879751662 0.0005070561528425503 0
0.0008256467104374418 0.0005080194114893212 0
0.0008233400716195561 0.0005089834760095314 0
0.0006939849830265977 0.0005013754202590917 0
0.0008210328178668029 0.0005099460667869231 0
0.000818726018754394 0.0005109097462387689 0
0.0004606364208702946 0.0005062295583462514 0
0.0004589624367011696 0.0005045186120699185 0
0.0004639479684191669 0.0005032315789174617 0
0.0008164179305065468 0.000511870338688925 0
0.0008072295510426706 0.0005156859358043235 0
0.0008141112634903471 0.0005128343343876156 0
0.0008118045241499316 0.0005137981568952913 0
0.0008095028758503481 0.0005148028560571878 0
0.0007619066208376052 0.0005118475973786268 0
0.0004662941925691704 0.0004940665443004591 0
0.0004684958178466702 0.0004946928287337228 0
0.0004703596967870439 0.000492933579891935 0
0.0004871986865466771 0.0004918866770433036 0
0.0004894825621769177 0.0004929257700890482 0
0.0007738328942488216 0.0005081050656014937 0
0.0006032437626838483 0.0004941494125953712 0
0.0008971592000589983 0.0005112177789137844 0
0.0006418295165015633 0.0005099156027511769 0
0.0009783740662016433 0.0004903847779567353 0
0.0009376766786807263 0.0005094706299624527 0
0.0009397079375578303 0.000510852477426804 0
0.0009374532552599217 0.0005119141672692857 0
0.0005132410749776069 0.000512970610673864 0
0.0007066994959609408 0.0004956172739289981 0
0.0004873698372669035 0.0004945731664017489 0
0.0007647391222119443 0.000518004652866885 0
0.0007677656759539138 0.0005054708018162961 0
0.0007653803153711659 0.0005062194240957391 0
0.0009804099881512488 0.0004918356619151204 0
0.0007992406011784815 0.0005096628197818239 0
0.0007337840392987335 0.0005182687004986292 0
0.0005550093648804919 0.0004985450034718982 0
0.0007089159900362814 0.0004967737804205204 0
0.000609218437504147 0.0005080335364930739 0
0.0009103221625567506 0.0005095183245880453 0
0.0009847202124556433 0.0004922487779455934 0
0.0009717892932305612 0.0004910087730181205 0
0.0009826844532267855 0.0004907981419421745 0
0.0007021615309055983 0.0004908095045134324 0
0.0007090172768429356 0.0004992629744565562 0
0.000984481557174525 0.0004947373442023722 0
0.000711164394340792 0.0005002812589849086 0
0.0005549887072565689 0.0005010449196461934 0
0.0009865170668378709 0.0004961881977133067 0
0.0009885610174832165 0.0004976394219409047 0
0.0009908356223474806 0.0004966029697312619 0
0.0005549680674490932 0.0005035448342642836 0
0.0009928640174320256 0.0004980522438014775 0
0.0005549474204371747 0.0005060447277722517 0
0.0009119893460517479 0.0005158906772874094 0
0.0004812393320644685 0.0005089055882709769 0
0.0004792777088659923 0.0005068445383494503 0
0.0004814088736879074 0.0005127504792055167 0
0.0004836865100414152 0.0005132319795985829 0
0.0009745240572827719 0.0004850486729950539 0
0.0005527720843721934 0.0005072767643759407 0
0.000708581110081505 0.0004892799573238563 0
0.0006033244082648894 0.0004891562987436337 0
0.0004614899534841891 0.0004927168741850612 0
0.0005439898477964903 0.0005171007576813483 0
0.0005505967646139165 0.0005085088293188804 0
0.0005484215210959956 0.0005097408749804898 0
0.0005462465094529509 0.0005109725352607252 0
0.0005440707403817304 0.0005122038025612295 0
0.0005615836576861617 0.0004898605173593159 0
0.0005440425473764947 0.0005146791615936842 0
0.0009339189862786285 0.0005043739487450927 0
0.0007483563181009064 0.0004849746700129949 0
0.0005071507431841979 0.000510390328915134 0
0.000878279954975254 0.0004870512035661446 0
0.0004672339449340137 0.0005070841812965261 0
0.0007666775492305789 0.0005103501270919443 0
0.0005593808342053289 0.0004935809013553793 0
0.000735472284424492 0.0005109755307209186 0
0.0005615585425894982 0.0004923528740447738 0
0.0006090976578615498 0.000513072115306297 0
0.0005024865295022587 0.0004924681791861968 0
0.0005078883666208813 0.0005168871568864066 0
0.000764836052951468 0.0005086593042192226 0
0.0007946606105153875 0.0005116705697889787 0
0.0007732913054176245 0.0005105418593945452 0
0.0007624506722762234 0.0005094079480522757 0
0.0008948670605275711 0.00051221663973535 0
0.0007576803840267989 0.0005109047205429552 0
0.0004886645730463085 0.0005073331700885145 0
0.0009354160646168642 0.0005105382685980578 0
0.0005529184597275677 0.0004923279864930077 0
0.0007600658448021467 0.000510155989080628 0
0.0007571453500989226 0.0005133486399984544 0
0.0004779431214015801 0.0005090963743005644 0
0.0004765956312424755 0.0005070513275783191 0
0.000474496190382974 0.0005071310081968971 0
0.0009057720938593531 0.0005118094526906995 0
0.0009697552866226645 0.0004895550758156295 0
0.0007547502756071704 0.0005140937409106826 0
0.0007020374076053694 0.0004882952495155946 0
0.0007529096122856532 0.0005124025025695727 0
0.0009674988404566123 0.0004905874819930423 0
0.0006999203888245601 0.0004872874582816393 0
0.0005906147754351197 0.0004885653687973466 0
0.0007524415941235921 0.0004823220300251223 0
0.0007545462821789781 0.0004809234684948147 0
0.0007543276573509974 0.0004785133687954125 0
0.0007563063467831213 0.0004771649547632372 0
0.0007589082885177123 0.0004784758259560136 0
0.0005926685797171586 0.0004899374588855138 0
0.0004912001435367732 0.0005132322083416657 0
0.0007698867562623468 0.0005164392000451653 0
0.0004913518226718326 0.0004891167547984261 0
0.0007960850769604479 0.0005178938142881084 0
0.0005969243129430588 0.0004853255696959567 0
0.000646134942715187 0.0005124587956817406 0
0.0009724008561661709 0.0004835947081512364 0
0.0007505244736196122 0.0005131506971919292 0
0.0004915325214284824 0.0004915834564438149 0
0.0006132557433343136 0.000518082169884066 0
0.0006110133808941434 0.0005191612290654673 0
0.0007744930195577361 0.0004852122294563762 0
0.0004627996138949857 0.0004820671014278479 0
0.0007279463096484543 0.0004879598325687026 0
0.0006418042185230193 0.0005124154344611936 0
0.0004577417769122846 0.0004873134439096083 0
0.000491933838263314 0.0004943751799374396 0
0.0007084715786443061 0.0004867810932826941 0
0.0006439816794107877 0.0005111870675012522 0
0.000884929630813602 0.000486703605730416 0
0.0005023946253513746 0.0005119312416623614 0
0.0007793439326539671 0.000513162601414132 0
0.0004729137434784352 0.0005102663102010947 0
0.0005062388816691636 0.0004845036562519118 0
0.0005594217427500019 0.0004885812650921075 0
0.0004705287490413849 0.0004875237081374125 0
0.0009289671907874529 0.0005115768817800417 0
0.0005029186750489771 0.0005094900661260112 0
0.0007385585916723725 0.0005168135992643388 0
0.0005615940818011149 0.0004874164184397025 0
0.0008524228993137116 0.0004769079259293433 0
0.0006395997064427112 0.0005185927004841775 0
0.0005052978041450444 0.0005087232850009061 0
0.0007900458955025941 0.0005135925424574213 0
0.0005111067912715352 0.0005023110426674118 0
0.0005076735540208767 0.000507946048201007 0
0.0005100550317008876 0.0005071807343702195 0
0.0007751329489537183 0.000512231526462061 0
0.0006503261612040644 0.0005255192857664912 0
0.0007171523830527995 0.0004865530341269567 0
0.0005105915321911727 0.0005047477689740722 0
0.0003460452246192889 0.0003836084998550501 0
0.0007775121610253179 0.0005114830158489262 0
0.0006033616869321506 0.000486664948452751 0
0.000737975195908232 0.0005191967430502094 0
0.0009352137871147699 0.0005130206576717262 0
0.0004812674236774229 0.0005030689949803338 0
0.0004538469828954036 0.0005031582728859765 0
0.0004910796626164734 0.0004968503745946186 0
0.0004911691012748047 0.0005031215714037533 0
0.0004861792223541026 0.0004969163836448543 0
0.00047372930940343 0.000496908337930787 0
0.0004636718349082248 0.0004969128901798953 0
0.0004537929784043724 0.0004968369484035159 0
0.0004762765527740393 0.000503015688229526 0
0.0009012474887224572 0.0005139620889961339 0
0.0006352819863799042 0.0005135915337748831 0
0.0005032051791678854 0.0005184932864753506 0
0.0004772814642858844 0.0004439409066264322 0
0.0008297957305293396 0.0004860083375104148 0
0.0008335865092238903 0.0005140859169832558 0
0.0007481384965704919 0.0005138976946960084 0
0.0002698305756080508 0.0004827903241457729 0
0.0009372256843877917 0.0005143556991263163 0
0.0008461650848373612 0.0005182202390289643 0
0.0009152631414320296 0.0002924829712704522 0
0.0008967217309272048 0.0005160914278409664 0
0.0008410128892807385 0.000478151597799787 0
0.0008487275047199776 0.0004647766089997771 0
0.0009407199189512036 0.0005171340743038309 0
0.0007439131146817114 0.000512944267993939 0
0.0003971225266026138 0.0004927382151959601 0
0.0006913740504800757 0.0005504089482100955 0
0.0004797115258739839 0.000479120109659754 0
0.0004306643255190066 0.0004437504946044542 0
0.0005016023341657583 0.0004796791247641158 0
0.0007162328202713888 0.0005116535369969253 0
0.0008392003557865327 0.0005210086733898748 0
0.0006160788146590929 0.0004945175331272175 0
0.0008584096522241361 0.0004801273921932536 0
0.0006312415256820617 0.0004810726162868757 0
0.0005833168719661883 0.0005045233394391792 0
0.0004553319635304665 0.0004866698931498159 0
0.0006098928802127832 0.0004855498916514675 0
0.0009649816515783383 0.0004941086975177308 0
0.0007421489331252112 0.0005202261182553992 0
0.0004374770581779842 0.000457831421316879 0
0.0007821807975419064 0.0004805304369958864 0
0.0005928568649024448 0.00052133189146304 0
0.0005086302398098707 0.0004857278460307056 0
0.0007303542737574468 0.0004794307198044644 0
0.0009695644919381888 0.0005182612772773047 0
0.000773042288399409 0.0004810634649273643 0
0.0004543556513179211 0.0004908063507525983 0
0.0008458485576963202 0.0005206918791012812 0
0.0007548542124879035 0.0004938392843963966 0
0.0004757257510469494 0.0005162559248301325 0
0.0006439739240420763 0.0005210483629665264 0
0.0008738149627370142 0.0005280482766638039 0
0.0008757956735022327 0.0005255540781177157 0
0.0004864964271051272 0.0005212155204260884 0
0.0003856703020804962 0.0005337240802577849 0
0.0004971228642172413 0.0005159386620597571 0
0.0004998022212064531 0.0004860348684981929 0
0.0004775260345731023 0.000518310802406783 0
0.0009903297606556638 0.0004827781930179935 0
0.0007854416689711152 0.000515499785847953 0
0.0005930155203991051 0.0004825596753866735 0
0.000555027478964595 0.0005185549519237261 0
0.0004120690961991231 0.0004831715299294753 0
0.0003824211221209079 0.00083992678218172 0
0.000250382628521096 0.0004571925205006187 0
0.0003065583989514732 0.0009602176719078084 0
0.0004236111647593852 0.0005196245588094691 0
0.0006767344826161957 0.0004901683613729939 0
0.0008582731999245844 0.0005084760278742108 0
0.0005178460761280872 0.0005139139823339908 0
0.0006077427532017157 0.0004842441061526871 0
0.0004560061059054654 0.0004890749094674418 0
0.0009687910841521717 0.0004712883339489539 0
0.0005151847997658482 0.0005146491295144042 0
0.0006820076151085337 0.0005194448290029542 0
0.0007193568661132232 0.0004852830537083029 0
0.0009864943006278281 0.0006768724752210045 0
0.0009524243993904373 0.0004880889239167299 0
0.0009805588023236217 0.0005561146843644064 0
0.0009172577469757564 0.0004624346641460282 0
0.0004460200460235099 0.0004523325291998671 0
0.0004499180710775208 0.0004486256272840906 0
0.0009643774249650335 0.0004776727985412585 0
0.000602564376496878 0.000514084489143334 0
0.0004114658992940847 0.00085639960471396 0
0.000939293582356293 0.0004854249798456004 0
0.000744457745792554 0.0005105065711733268 0
0.0006446145271604019 0.000960599611070286 0
0.0005152853561256183 0.0004020597013234277 0
0.0004456734441774425 0.0004808251444651996 0
0.0007323225017588725 0.0004855973719903052 0
0.00091847583372616 0.000917400525762052 0
0.000958612851819417 0.000516454191456019 0
0.0006055007280504827 0.00048793312522359 0
0.0007553914025865845 0.0006682495694877398 0
0.0007448212256460172 0.0006561740044007752 0
0.0009877696190386382 0.0004837607696766592 0
0.0006461174762778486 0.0005149493258760443 0
0.0004582167309313272 0.0004807297161510653 0
0.0004249910889004517 0.0005700215238881441 0
0.0002968622704857578 0.0006360370293992262 0
0.0006613591578436009 0.0005392972071735052 0
0.0006056524269848129 0.0004779046692219662 0
0.0008991937027443715 0.0004961036706062087 0
0.0006266056892499848 0.0005134996516344859 0
0.0009472936387865958 0.0005168837992959836 0
0.0007426211916015478 0.0005088112529811409 0
0.0009918053914605238 0.0004866875290802501 0
0.00061936593891288 0.0005224700860248323 0
0.0004513414834346947 0.0005454787475460926 0
0.0007528170766249472 0.0002605788384766889 0
0.0004587883320903765 0.0004968592787114222 0
0.0008885344532595992 0.0005100486291004526 0
0.0008322396155076674 0.0004852637980246187 0
0.0008312500588239329 0.0005150680948275118 0
0.0008269646716805024 0.0005144604489797014 0
0.0009886944065668893 0.0005189803548262081 0
0.000910324936773778 0.0004910830254978955 0
0.0008661992204552767 0.0004326348500164903 0
0.0007917913034482799 0.0004800914909362528 0
0.0007531695601379189 0.0005216805532671576 0
0.0009118779942640549 0.0005183763836721995 0
0.0006482904518861302 0.000513712464653409 0
0.0005977684809659128 0.0006969048933632159 0
0.0005048257441025449 0.0004602368608394644 0
0.0005246539662534012 0.0005082615482241392 0
0.0004711022978320285 0.0006068515504937197 0
0.0004970318859297148 4.097656343661165e-05 0
0.0004977276239779142 0.0004874143501700609 0
0.0009545244733425763 0.0004895197970832222 0
0.0006353948021139516 0.0005035860245089833 0
0.0007788067141063516 0.0005156005305519707 0
0.000557082258326447 0.0005148067112699334 0
0.0007371903218540516 0.0005977910848438236 0
0.000720668740491938 0.000600585755004789 0
0.0006156264332704815 0.0005120080410516807 0
0.0008248050023615889 0.0004784940834718629 0
0.0008200852354606799 0.0004801036779255998 0
0.0007105715965587862 0.0004854567105771417 0
0.0005224402469609318 0.000519431259380317 0
0.0005768174562236466 0.0004812486431314322 0
0.0007930109334156322 0.000449448158490755 0
0.00079077989481813 0.0004543406901552048 0
0.0006332517011583956 0.000502306092655795 0
0.0006287786075724566 0.0005122759467293131 0
0.0007926568905599451 0.0004841961397616814 0
0.0008882208357722417 0.0004784560323699531 0
0.0008896603123331474 0.0004849511692135449 0
0.0005594731224513458 0.0004836390740506849 0
0.0004413735529303527 0.0004777690973409936 0
0.0006952880922083533 0.0004678944434410556 0
0.0006198370369862403 0.0005146402796370562 0
0.0006127323527290782 0.0003679354661172162 0
0.0006030469536910458 0.0003599508287853765 0
0.0006621237505288918 0.0005161937718332162 0
0.0002218485182476681 0.0004781934190814925 0
0.0004486529224884825 0.0004806747993653766 0
0.0005353108380128379 0.0005196227963374619 0
0.0005367828316646733 0.0005297777439750134 0
0.0006153230140341819 0.0005192551313726696 0
0.0009657010235979504 0.000486639157318434 0
0.0006065958517589166 0.0005217074376580661 0
0.0006865304973773862 0.0005257321947718259 0
0.0006012783991711999 0.0004802506872239635 0
0.0006894808383861397 0.0004965091785714013 0
0.0004113491422670515 0.0002273459221849775 0
0.0007060191821563474 0.0004806357048279485 0
0.0007612844136005183 0.0004849021730752359 0
0.0006698778805220837 0.0002500884758775823 0
0.000968435204237329 0.0004806464600305403 0
0.0004849786061912343 0.0006676246092456021 0
0.0007402331513215437 0.0005095366199542248 0
0.0007273493261613974 0.0005759696530560265 0
0.0004691140089107015 0.0005154920469274519 0
0.0005442700559256389 0.0004803260817722832 0
0.0007913024760078163 0.0005203711887986034 0
0.000834629163270166 0.0005259574086440745 0
0.0004446854894100178 0.0001252966529803537 0
0.0009033807986173968 0.0004967243833557011 0
0.0008454379988479476 0.0005357730840054169 0
0.0009230026900666345 0.0005288704903942692 0
0.0004904244546905268 0.000530250420022556 0
0.0006288717642024247 0.0005047729706375932 0
0.0009911740906091357 0.0005491389977131552 0
0.0007955863526765602 0.0004837606166885274 0
0.0008702797012028179 0.0005110930349534161 0
0.0008580111231467865 0.0009242203995873678 0
0.0009730661432983377 0.0007441603846161496 0
0.0009542401872538846 0.000759562738204434 0
0.0004904952690188898 0.0005156103493509823 0
0.0003855568347019445 0.000438455548931593 0
0.0003789539383238523 0.0004451845674534888 0
0.0009670213046945875 0.0004955451679877368 0
0.0006370745199852008 0.000535678903758415 0
0.0004715911311412278 0.0005302823597106972 0
0.0004978763674861931 0.0004899028638151973 0
0.0006144759906296982 0.0004781435182294387 0
0.000617061850476962 0.0004771552849655613 0
0.000958593455112292 0.0004923486094708992 0
0.0008616409080406699 0.000483637082553505 0
0.0007248840194443069 0.00050659325162298 0
0.0006054515228182219 0.0004904334048574434 0
0.0005241763089160919 0.0002849485754349594 0
0.0006546984007294286 0.0003266533722479677 0
0.0006813047814307228 0.0004872128471109423 0
0.0004842242817327368 0.0004605846369054134 0
0.000385564649081747 0.0005982815647432412 0
0.0007545807024047423 0.0005458117423846353 0
0.0009409376910008382 0.0004958031969280332 0
0.0005989350926316836 0.0004757916022755687 0
0.0009460991652776051 0.000510315088960802 0
0.0008427157093417019 0.0004756204725201579 0
0.0007504112283833891 0.0006423427798819307 0
0.0007291528095835163 0.0006583832495703911 0
0.000892345463979565 0.0005156936702126998 0
0.0006405176946057247 0.0004764364168823919 0
0.0006382146282896489 0.0004779994427796921 0
0.0005461844291631566 0.0005502062058651073 0
0.0005407490504626086 0.0005518850489459071 0
0.0008761790987734745 0.0005149702911860358 0
0.0007147117758060581 0.0004803149685876028 0
0.0004764455624788531 0.000484979198423236 0
0.0006288171641190503 0.0005097446732263671 0
0.0007416717202992243 0.0004380888178952333 0
0.0006244560065694908 0.0005122274780507367 0
0.000900618211543278 0.0004859311953399133 0
0.0001942258999635947 0.0005998366520115856 0
0.0002229458997264884 0.0005704493097074617 0
0.0006222334889287814 0.0005134567132682764 0
0.0009594350713536923 0.0005253871217684575 0
0.0009594079027852415 0.0005998348799661825 0
0.0005813965208916794 0.0004725892722999249 0
0.0005839622398741982 0.0004710429534436482 0
0.0007383751380411244 0.0005078355089884736 0
0.0008668685409781232 0.0005093788310106575 0
0.0006967035937350916 0.0005326519193407818 0
0.0007001560092398179 0.0005289205530508313 0
0.0008434221675357174 0.0004864646905170328 0
8.675686848260474e-05 0.0006955724033524777 0
0.0007460824411222463 0.0004612997168961223 0
0.0008696676912423744 0.0005181104857810793 0
0.0008634621232061613 0.0005137102263734124 0
0.0006790470099367094 0.0004837172802044388 0
0.0005620705569886422 0.0004050918102616671 0
0.0005587718254631257 0.0004136765769947205 0
0.0005896739891613344 0.0005111095620643319 0
0.0004480774213736917 0.0004847898540981789 0
0.0002311298554572217 0.0002341144806955024 0
0.0009169840175636229 0.0007852718451634578 0
0.0009163190179043717 0.0008149340327491806 0
0.0005074461105167854 0.0005193518249980971 0
0.0003878567984960434 0.0004470104593830978 0
0.0007811945859021916 0.0005147977952564998 0
0.0006504771364258485 0.0005149584087222722 0
0.0008911022456518158 0.0008295351349559409 0
0.0009286105735714777 0.00051627401923869 0
0.0009141232092385863 0.000459677085046087 0
0.0009212830264330758 0.0003453568798998437 0
0.0008650201048774651 0.0005202666494902772 0
0.0006319309760515508 0.0005435271906738342 0
0.0006803677872325284 0.0004743107295121231 0
0.0006774706587966946 0.0004730581042539666 0
0.0006770811129725173 0.0004698325159172701 0
0.0006778800021142491 0.0004761343522431395 0
0.0006751502839755973 0.0004752595564568128 0
0.0006739372100709413 0.0004722243902998168 0
0.0006739422222867098 0.000468477016628382 0
0.0006756389713474949 0.0004777937454415133 0
0.0005827112185098608 0.0004300760261354799 0
0.0006386013701774852 0.0004682346497609882 0
0.0006431509919480403 0.0004620767298300415 0
0.0006426095595909346 0.0004576824168697826 0
0.0006431223438686762 0.0004399209206844774 0
0.000534275947933051 0.0004687434980062747 0
0.000735622639322838 0.0005198943866629056 0
0.0006185408614049292 0.000527627493068882 0
0.0004582980339288339 0.0004281259936447342 0
0.0006204805421852422 0.0004797005383267294 0
0.0009595110425581434 0.0005335065888128202 0
0.0008516239485025861 0.0004692013399787655 0
0.0008945939702082604 0.0004807824605088537 0
0.0009407973309482357 0.0005371708404524993 0
0.0007106479234458239 0.0004879418415829968 0
0.0005157412591786072 0.0002387742031527223 0
0.0007482287101816195 0.0004764585053265673 0
0.00061836489767832 0.0004907864637136351 0
0.0003914693699351774 0.0002862804760458251 0
0.0006179971021858796 0.000510869818940219 0
0.0004222405059747864 0.0004645434382221816 0
0.0006119586602842965 0.0004225944845565231 0
0.0006925481804431291 0.0004802822689705447 0
0.00045139666201078 0.0004812176077718465 0
0.0006293964797350895 0.0004622411209275086 0
0.0005659373061445568 0.000485014372795488 0
0.0004674491382612704 0.0005136451007190195 0
0.0007151058500972243 0.0004902840617439198 0
0.0006307108574699182 0.0004729963721201873 0
0.0006673946668966364 0.0004542989732102327 0
0.0006709655775885505 0.0004579736253660368 0
0.0006698883326496717 0.000462005547583628 0
0.0006738092365196764 0.0004610424166013058 0
0.0005000799051608691 0.0005796445286332125 0
0.0009278247375092047 0.0004958159113838466 0
0.000894605223497048 0.0005146740488002749 0
0.0009690572658437675 0.0004969752808984261 0
0.0005447522243140653 0.0004252686264448636 0
0.0005536293188081573 0.000421946507558675 0
0.000555883021969485 0.0004302158526676215 0
0.0005627249657506501 0.0004322465671627337 0
0.0005575191308800059 0.0004364057794764607 0
0.0008047134669788829 0.0004131239078886951 0
0.0005808967833562086 0.0005062104601001291 0
0.0006906640055077507 0.0004623252723482774 0
0.0008369613925544746 0.000521983411236065 0
0.0007360134463063507 0.0005085873089193904 0
0.0005047232224585401 0.0003273603159490196 0
0.0005982913073832105 0.0005138948144104706 0
0.0007474453827245169 0.0003596594075402496 0
0.0007387109334090192 0.0003720772094324375 0
0.0006643446691029873 0.0005149096111301641 0
0.0008936983124789674 0.0005247771907043312 0
0.0006146144229690301 0.0005410655281986414 0
0.0005529374215067817 0.0004874611201082482 0
0.0009564512450659381 0.0005662183690236358 0
0.0009440897720616708 0.000523115656484893 0
0.0009789694691226501 0.0004829614990968952 0
0.0006956109127976951 0.0005856104096249794 0
0.0005535743071555638 0.0004074113090656473 0
0.0003650973116729672 0.000433328499920392 0
0.0003618039706513535 0.0004783712457714198 0
0.0004950587003573944 0.0004813958006111353 0
0.000605398494314594 0.0004929186037701172 0
0.0006309955701303107 0.0005084879864757813 0
0.0006310761809788784 0.0005035238042655873 0
0.0007243007873376423 0.0005094718677683488 0
0.0006197387424819833 0.0005350064892630301 0
0.0004263878156082108 0.0005363362263494588 0
0.000707968011102208 0.0004670340494978458 0
0.0007113612143974423 0.0004653282141221399 0
0.0006918609137129422 0.0005154371569105323 0
0.000757410251536165 0.0005601511597719193 0
0.0005964128609088136 0.0002757268042281086 0
0.0007284174734582799 0.0005221485632701153 0
0.0007249719172214286 0.0004404108319687075 0
0.0002969070639705131 0.0004342258976737228 0
0.00030375225829201 0.0004498136682076106 0
0.000321399064377151 0.000450846292526155 0
0.0002953904688284364 0.0004650605259538246 0
0.0008559092313213156 0.0005094034428411341 0
0.0007375745292190754 0.000501481594267206 0
0.0004401920120027946 0.0005569545710636187 0
0.0009516968943847647 0.0005173761855786813 0
0.0006570643301983391 0.0005137930699846647 0
0.0008014534297729476 0.0005087529535189368 0
0.0009568349467079298 0.0004731007584764923 0
0.0007636676996034076 0.000534990631992947 0
0.0005946428053326656 0.000496334432072003 0
0.0009716266321480635 0.0005196548940965323 0
0.000997627410541246 0.0005160836336920569 0
0.0002473013717607112 0.000600450352444759 0
0.0009090624107075791 0.0004983178098116518 0
0.0006215762224738298 0.0005265531076464532 0
0.0009863006025782307 0.0005817988631358775 0
0.0008041509988092911 0.0004491867209085686 0
0.0009937593181946532 0.0004882388794292379 0
0.0004681780198904002 0.0005248963206813605 0
0.0004053897370677847 0.0005363308387705671 0
0.0004049130428347297 0.0005436111257475155 0
0.000967582750151669 0.0004464279334830602 0
0.0009654827309201394 0.0004891478466714899 0
0.0009836230077544578 0.000472798493420815 0
0.0009801579868289351 0.0004682746853814279 0
0.0007336390783103694 0.0005093091839431992 0
0.0008986364860130683 0.0005224201900737898 0
0.0004108774772467061 0.0004618235305211741 0
0.0006159811764330088 0.0004969767193499011 0
0.000839809580606974 0.0006154734624770444 0
0.00089785891522671 0.0004773695760076835 0
0.0005289852270895576 0.0004791478987187859 0
0.0001311176166059112 0.000597915530835288 0
0.0001208625513891154 0.0005629762165744226 0
0.000556282703433647 0.0005980094239566424 0
0.0005492978731488627 0.0005907941548383928 0
0.0005521637500181831 0.0005830255990904862 0
0.000792047241171128 0.0008788947160357753 0
0.0008787552634040228 0.0005141610044307422 0
0.0009652361642918788 0.000491630437576667 0
0.0006610975466200466 0.0005281216667742566 0
0.0005593863663669102 0.00053511183161839 0
0.0006330937794959017 0.0005223300437501427 0
0.0005387169040813685 0.0001311846172068113 0
0.0007837885998288833 0.0004572317008733276 0
0.0004429010616414877 0.000410417451862906 0
0.0007929842461630497 0.0003218650192494284 0
0.0005159088124813159 0.0004125803245576668 0
0.0006397442907280456 0.0004860309618139987 0
0.0004929380965826367 0.0005149836965233874 0
0.00066444607734354 0.0005222610515092298 0
0.0009539659129720551 0.0004706870347717676 0
0.0009553927824319091 0.0004753029684961732 0
0.0009711087013013144 0.0004984088061865226 0
0.0005373372455284673 0.0004791100240839654 0
0.0004318823450575377 0.0004913586333030048 0
0.0006811393259310664 0.0004822941618468601 0
0.0005838664008489128 0.0006040457412736544 0
0.0005927959374615281 0.0005970654847224436 0
0.0005891002941936255 0.0005878903249683313 0
0.0008390776732484231 0.0002440346481525424 0
0.0008771117738287451 0.0004809009808521225 0
0.0009496840079634617 0.000515901415992216 0
0.0008621655986659755 0.0004786919190138526 0
0.0009568942877595344 0.0004884903909094568 0
0.0005768516597016159 0.0004788199887049975 0
0.0009884727165238971 0.0005214126979523858 0
0.0006974271357796835 0.0004581039159897021 0
0.0006793441400032787 0.0005158634289710878 0
0.00065416136472673 0.0004564155240270954 0
0.0008514471117325981 0.0001432473047757107 0
0.0005139736367602122 0.000422281210250512 0
0.0009211718890562846 0.0004473115965502019 0
0.0005759511689942663 0.0004717268072929712 0
0.0005942344276711322 0.000528607647201413 0
0.000939876513970133 0.0004579910814131814 0
0.0006995599909252427 0.0004850777796735638 0
0.0008692827662960072 0.0004782449393560382 0
0.0009054941748560836 0.00048404047988524 0
0.0002564733124033524 0.0003464988564793799 0
0.0006552823176475625 0.0005174113790368655 0
0.0006053379143733289 0.0004954214185340085 0
0.0004165855251246829 0.0004098368805297787 0
0.0008016253919460646 0.0006684375920150281 0
0.0007128600637507842 0.0004891084724955139 0
0.0007681049633042156 0.0004726274700655378 0
0.0005507483033292441 0.0004888137549127565 0
0.0002354933897455508 0.0005401990832377749 0
0.0006202931692375941 0.0005046622060077518 0
0.0007150204692961944 0.0004229752558005994 0
0.0008180676690538655 0.0004398753188664957 0
0.0008711208271814813 0.0004571599429378662 0
0.000833943272861808 0.0004295016735725364 0
0.0006693942157202158 0.0003965602184704717 0
0.0007854097917274007 0.000569812348820528 0
0.0004848589459537311 0.0004387216667643503 0
0.0006657974920069654 0.0005112897828224955 0
0.0007794741086958696 0.0005845246891040321 0
0.0008969127872014186 0.0005136405944447642 0
0.0004768862727266629 0.0004874392564934953 0
0.0006239632172933665 0.0004517053009071016 0
0.0007172072143757434 0.0004890001959985221 0
0.000744431755001618 0.0004653832377128689 0
0.0007053781421783091 0.0005179859451399686 0
0.0008319637771564981 0.0004733198316185188 0
0.0008270251912776258 0.0004981175665112619 0
0.0004955007093012721 0.0005233142940504003 0
0.0003929777721896211 0.0006545880531974229 0
0.0004101163001494148 0.0005698563904913495 0
0.0005273543001631492 0.0004721894967748137 0
0.0009464168944243402 0.0004814363729048779 0
0.0008468504468286104 0.0007191801310425054 0
0.0007759549586160995 0.0005606118982993298 0
0.0004982633662243924 0.0004923189647750443 0
0.0005188358355543905 0.0005179333247384208 0
0.0006963152890498961 0.0005180024142069468 0
0.000847734443458296 0.000326423124980107 0
0.0004534463265111694 0.0004716268909226078 0
0.000451927384461487 0.0004688939540261402 0
0.0005271256403319758 0.0004993217495925798 0
0.0003947923580840093 0.0004050304352213233 0
0.0003818282248054815 0.0004050037244012006 0
0.0007230385754337395 0.0004730418985750603 0
0.0009731584557228735 0.000499840813932033 0
0.0009033559223661135 0.0004730437250526921 0
0.0004700492927497877 0.0005722147208969592 0
0.0005870900097666601 0.0005173221043990778 0
0.000602186213461358 0.0005444295188862455 0
0.0006182590274282554 0.000493335603915313 0
0.0004412445263792004 0.0005161401461908607 0
0.0009030602345421956 0.0005318961759058691 0
0.0004057518733457281 0.00040730050670589 0
0.0008505433963529275 0.0004750018348156634 0
0.0009235285715308635 0.0006236462622686118 0
0.0005378464399997839 0.0004669553415301965 0
0.0003508670155621047 0.0005485063630690584 0
0.0008389607405377938 0.000476246560043757 0
0.0005053550227164887 0.0004932058026325492 0
0.0009466488262217153 0.0005428277829241203 0
0.000635303358155731 0.0005237440871104541 0
0.0008033373119352182 0.0005395946138461754 0
0.0009419177211735807 0.0005097857705991925 0
0.0005288810120594169 0.0005404962464540933 0
0.0008789578757978728 0.0005502517497120566 0
0.0008748878170093328 0.000479247827324217 0
0.0008657671675062925 0.0005127945878808072 0
0.0008589167407891449 0.0005539414696104047 0
0.0009626038949563569 0.0005216511889002465 0
0.0008673525573201571 0.0005618296946361407 0
0.0008769645831919642 0.0005707650669047764 0
0.0008878623053632146 0.0005808611836223921 0
0.0006225054838075209 0.0005009386498093058 0
0.0005312718469012082 0.0003055353896303276 0
0.0004710712365442692 0.0004810656483617158 0
0.0005074047101577768 0.0004992052125745697 0
0.0006278034769195449 0.0004729439205212914 0
0.0006303185414214074 0.0004758195238247483 0
0.0004520120520464715 0.0004902083805015064 0
0.0006686933584708429 0.0005197701962196235 0
0.0008160833405342007 0.0006777144712824855 0
0.0005612795434600214 0.0005596676354992647 0
0.000542561766269259 0.0007507983355650517 0
0.0004692733785229961 0.0004182695205843689 0
0.000938812814039378 0.0004937382084103123 0
0.0006154803087436874 0.0004448071838733682 0
0.000626988538559772 0.0004785145529697452 0
0.0004132651982998136 0.0005444891462171006 0
0.0004861329179057373 0.0005031706170716539 0
0.0006988365143922989 0.0005168331289151077 0
0.0005479203571742274 0.0003478304696324638 0
0.0004339439403797741 0.0003686871738787802 0
0.0006052742902475403 0.000497928513704929 0
0.0006253122027034696 0.0004429725449249881 0
0.0007310820622075978 0.0005099224171039978 0
0.000920975169666246 0.0006596122654520091 0
0.0006446212925462151 0.0004696429989465927 0
0.0007174126351916956 0.0004656277716732494 0
0.0004930223889851891 0.0003378997310757724 0
0.0004861394921835026 0.0003209243486919501 0
0.0006945170391269328 0.0005143391044361524 0
0.0005831802040639245 0.0005095108008758204 0
0.0007140817560416202 0.0005243726882616493 0
0.0005846881751696511 0.0008675190043669384 0
0.0008410795696515124 0.0003854868387376347 0
0.0004449991846843393 0.0004940665114209937 0
0.000875003413042141 0.0005228655217645286 0
0.0005937639108636593 0.000513801211398633 0
0.0004491741583513563 0.0004223819005463453 0
0.0008040197616691076 0.0006530222504519999 0
0.0006527776371998184 0.0005162025442819983 0
0.0007643635579568356 0.0006389036248352986 0
0.0009566398354572131 0.0004661045253056551 0
0.0004887644925892274 0.0004830663043374256 0
0.0004820504863983709 0.0004065815799762492 0
0.0004468529623223547 0.0005370257175797103 0
0.0008602306196259365 0.0004359788999621661 0
0.0009874099870258721 0.0006607094336957134 0
0.000543503766694599 0.0005423196761405744 0
0.0005426801217436808 0.0005469941877800029 0
0.0008265223200997828 0.000516951187180724 0
0.0008389850537342411 0.0004854357130514762 0
0.0006942116591552505 0.0004731545702900105 0
0.0006913654953323157 0.0004720233066764183 0
0.0006887373341153806 0.0004697024069223626 0
0.0006374716141732312 0.0005198332101698684 0
0.0006797949621535449 0.000467856184735726 0
0.000439913742649116 0.0005190981172264412 0
0.0006290678055309869 0.0004798567481555675 0
0.0003971357017719467 0.0004586601689390913 0
0.0004679981512667659 0.000504824859605171 0
0.0005017807493021864 0.0005317368114378472 0
0.0004840339103763843 0.000521733509270193 0
0.0009752190412286784 0.0005013104483371684 0
0.0004754962013535207 0.0004689774494985985 0
0.0007746589232061801 0.0005215076376012677 0
0.0005460843359776046 0.0005183675834270884 0
0.0005968791360256711 0.0004927641185854606 0
0.0009050051270768976 0.0004456201936805169 0
0.0009595019076439261 0.0005551121404648263 0
0.0007303518345899591 0.0004662647235240373 0
0.0006913739743303574 0.0005259104526669227 0
0.0004215632618958252 0.0006138580979174027 0
0.0009668336003417245 0.0004647030798403051 0
0.0006008126339265012 0.0004671664690060862 0
0.0005197295995676526 0.0005329894577206202 0
0.0005839815575152131 0.0004769336845770487 0
0.0005874849165300507 0.0002244410432917902 0
0.0006654396927534771 0.0004762965143513368 0
0.0009772316449916567 0.0005027851656369353 0
0.0002161246937099219 0.0006715019852727758 0
0.000941306742746883 0.0005800746102328098 0
0.0009655450714708614 0.0004716917773520979 0
0.0006804303174354986 0.000477009036659964 0
0.0006684257521432686 0.0005123789633156891 0
0.0005339535398548183 0.0004506336006479508 0
0.00053777011136664 0.0004536863503412341 0
0.0005284536048710722 0.0004573843866032595 0
0.0008324230511476938 0.0005446333953138836 0
0.0009393117029669346 0.0004107151405500358 0
0.0003776010483525576 0.0006078842119458566 0
0.0008048787259642159 0.000526989198297578 0
0.0006095167256662307 0.0003895727772095447 0
0.000445899081368963 0.0005265564300059955 0
0.0009869376077342219 0.0005283371751757834 0
0.0004488011890833453 0.0005272739737701599 0
0.0006482611589222619 0.0005238645148201415 0
0.0003658204733517699 0.0005183619473119272 0
0.000605221572965693 0.000502949271127469 0
0.0008927410566790659 0.000463675093094716 0
0.0004650319173579518 0.0005141246522876783 0
0.0009798716169696316 0.0005348514367413329 0
0.0008665198784738601 0.0004086619714186188 0
0.0009412960005365397 0.000435096742970755 0
0.000721321517670804 0.0005322065460897171 0
0.0006204735055626515 0.0004896276092608274 0
0.0008820824212128547 0.0006654905065706033 0
0.0005759169294326401 0.0005228699779547932 0
0.0007466444240985581 0.000455667264362656 0
0.0008938669503992734 0.0003184815544695967 0
0.0009122831481583963 0.0003127870380947387 0
0.0008987702981738783 0.0002808149608386802 0
0.0005926258140625629 0.0004697285948010378 0
0.000978184684936246 0.0005426430772846653 0
0.0005080424711706115 0.0004779808983076584 0
0.0009609390359985488 0.0004912732626288219 0
0.0008796274396786115 0.0005112724913527734 0
0.0007657756843995243 0.0004743322640164828 0
0.0002928858991309925 0.0005458959744367604 0
0.0007329246172219957 4.131971023756513e-05 0
0.0007296602636973845 0.0004764179455948562 0
0.0007734397437436319 0.0004687703767590799 0
0.0004467516050557475 0.0005073137381128166 0
0.0008116618966372534 0.0004083683610362013 0
0.0007890221000801461 4.092040027528722e-05 0
0.0007888241299775989 0.0004590075098021234 0
0.0003591578543994646 0.0003728275807098281 0
0.0008129514261641408 0.0004427967239324625 0
0.0006052364727590793 0.0005004455619552856 0
0.0008281963026154105 0.0004330438211046561 0
0.0004549602412239984 0.0005052778716976815 0
0.0008469170046859867 0.0004227961245384295 0
0.0008517745811339091 0.0004171758713387183 0
0.0005188287533385348 0.0003821674373527144 0
0.0009204479120482395 0.0005189008724218267 0
0.0009618386497743593 0.0005271223301374287 0
0.0009745984244627093 0.0004240233655769697 0
0.0008394225573657954 0.000669269272354518 0
0.000942192966828596 0.0006399837255296176 0
0.0009767974221629437 0.000481584872238778 0
0.0008645136300259792 0.0005292029532716153 0
0.0006781152647698704 0.00046019825857796 0
0.0009832162927936869 0.0004661773653641464 0
0.0004136936067314806 0.0006530206483132295 0
0.0006421496921609812 0.0004458939539483524 0
0.0003980385991762604 0.0003591964517162773 0
0.0008835226718059348 0.0005121663201342555 0
0.00091523711295925 0.0004918663137525128 0
0.0006291565500964945 0.0004666393173097178 0
0.000829957819724601 0.0004949055936232309 0
0.0009869953346332318 0.0003683314327431864 0
0.0009793790057520298 0.000523223423029952 0
0.0008991617074232796 0.0005126159723104935 0
0.0009094920530995784 0.0004721376847820812 0
0.0007483623356581118 0.0005229367303559738 0
0.0007067798429168605 0.0007624890522683991 0
0.00057474083869224 0.0004774296390600829 0
0.0002196676803886056 0.0002844529145949185 0
0.0004507443544801928 0.0001594506736401511 0
0.0006898700948639766 0.0005118051367816435 0
0.0006931267512641344 0.0004248157956772905 0
0.0006805878989453772 0.0004421558247106849 0
0.0005670683862930785 0.0004696998702185512 0
0.0004326560453144914 0.0005189764417828562 0
0.0004608115940282853 0.0005128796036690724 0
0.0004475101735360346 0.0004945898038533935 0
0.0007105243289850161 0.0005205426395165618 0
0.0007089280881005231 0.0005188817930509864 0
0.0005306965492357947 0.0005292186070471505 0
0.0009102626468548127 0.0004820807034402165 0
0.0005061966882712166 0.00054474735847004 0
0.000505375252425546 0.0005492111468078762 0
0.0007098371577540378 0.0005387076887257173 0
0.0006635639475794727 0.0004803007489108458 0
0.0006160210089695155 0.0004693521987286277 0
0.0006177969014715414 0.0004747723183970991 0
0.000954159886367302 0.0005162554818709992 0
0.0009747361946556537 0.0005061744547385524 0
0.0009911793523131875 0.0004748750161292037 0
0.0007835604450023003 0.0005139843800450264 0
0.0003328417512733679 0.0007157394836197063 0
0.000350295325560664 0.0007317150640935435 0
0.0009083119292456864 0.0002341762176011791 0
8.073804964213105e-05 0.0005645904040909094 0
0.0004408808424629497 0.0005071641323216822 0
0.0004639536308754578 0.0005751585010063611 0
0.0007455074882258039 0.000328001382905771 0
0.0008992609604679588 0.0004743987691405418 0
0.0001455946419290426 0.0009016906404584547 0
0.0006847896509812995 0.0004222130691794883 0
0.0005128390086570184 0.000590180324042632 0
0.0008365772889476271 0.0004861597835779653 0
0.0005701218638795041 0.0005337822136597228 0
0.0008245280797086086 0.0003699806546595364 0
0.000584653055664232 0.000517953111073376 0
0.0005219150497748297 0.0004781089916249836 0
0.00097094480617975 0.0005322133364212351 0
0.0006776290789607467 0.0004506207975313101 0
0.0006323693350796863 0.0005534217450312308 0
0.0009352374601215289 0.0003905493799380973 0
0.000986217322312825 0.0005225605562626369 0
0.0003680104029339763 4.169086122657163e-05 0
0.0008295756802514281 0.0004769967229017236 0
0.0006389351165015484 0.000471409607262336 0
0.0008643428933175527 0.0007104755006455518 0
0.0008033862080348094 0.0003412557161623183 0
0.0006730158471009587 0.0004649705082701566 0
0.0005785849830711453 0.0005565408765349992 0
0.0005846677493721945 0.0004843354124600063 0
0.0007395660842107303 0.0004442465643962655 0
0.0009541000838127336 0.0005538872742356899 0
0.0005356914309071117 0.0005510852910430456 0
0.0006991388235263418 0.0004692353314631126 0
0.0005815033975011766 0.0004045103175994401 0
0.0009049423325990455 0.0004866535215334084 0
0.0003432532173399434 0.0004525874302936814 0
0.0005074938827691746 0.0005361721299389145 0
0.0006287790476514259 0.000453443270876709 0
0.0006404344434067181 0.0004059111662832712 0
0.0007801856754400513 0.0004789545048164925 0
0.0005502102489903077 0.0003902307843536435 0
0.0006709958480695164 0.0004703713037084297 0
0.0008645118652650403 0.0003878933254624857 0
0.0008861435097907326 0.0001925623295113494 0
0.0006645661803112756 0.0005293174791154431 0
0.0005355075658191144 0.0004829707175974684 0
0.0008241985648298313 0.0004585284613154172 0
0.0005707350208830977 0.0005412035876734094 0
0.0009764972745924371 0.0005652325275866134 0
0.0001691915236231833 0.0002888001636620896 0
0.0009252161879648216 0.0003821216883131678 0
0.0007095533849588826 0.0005275110409509727 0
0.0006205009210388333 0.0004871605010377428 0
0.0004354033719703709 0.0005154272949774599 0
0.0006072879067377164 0.0005042353181875547 0
0.0005034278527875928 0.0005007530281495082 0
0.0006183581163041439 0.0004183495269315916 0
0.0005612168615621791 0.0005283232580578373 0
0.0005584761959418749 0.0005266541254213412 0
0.0008813911327545253 0.0005284210718675817 0
0.0004402348486186687 0.0004848585235684505 0
0.0005834562397079931 0.0004640473387097133 0
0.0007110385333817968 0.0004360004221324083 0
0.0007235369730504053 0.0005463444438834879 0
0.0007902716929099092 0.0007243176681882284 0
0.0007193824987062748 0.0004901480663743944 0
0.0008682068137355933 0.0005812717143353801 0
0.0007367156359137515 0.0005391095927334295 0
0.0004953282492495815 0.0005143312100996109 0
0.0004655283077334747 0.0005052847746114554 0
0.0006557533071037208 0.0004648774273866923 0
0.0001370082851908415 0.0005257092452966012 0
0.0005920985291166774 0.0005100725049886786 0
0.0003928396886638967 0.0007173934063204077 0
0.0007735994485692151 0.0004645737634004307 0
0.0008295488755174848 0.0004724173474542878 0
0.0006786222394810936 0.0004787835912324998 0
0.0006875972847308657 0.0004782838006442308 0
0.0005496291163518171 0.0003766821362703609 0
0.0009745177840179479 0.0005086695829013199 0
0.0004103494003672608 0.0007789333152664548 0
0.0003677187228370354 0.0002323488988697061 0
0.0007207429082028793 0.0005713327625431572 0
0.0008392024359952971 0.0004640862201879958 0
0.0004344039967431192 0.0005471238897486564 0
0.0006701192410333098 0.0005062716405935416 0
0.0004791132000783678 0.0004970020314644548 0
0.0005968958819019622 0.0004902299007907573 0
0.0008912753786988901 0.0005065775862337814 0
0.0004840975392869744 0.0005299858194229561 0
0.0009935841711744601 0.0004907245671717183 0
0.0005830452058582341 0.0005120316305837463 0
0.0008134367300797254 0.0005791526869801709 0
0.0008052226060392052 0.0005806809356197837 0
0.0008514333825492531 0.0003568102739656529 0
0.0008385426367855669 0.0003652994780816147 0
0.0003812056586679916 0.0004774693346502818 0
0.0008109943499460006 0.000547220870160576 0
0.000457209336126255 0.0006435282218815361 0
0.0004860434209095202 0.0006461257944167905 0
0.0005691924082930145 0.0005270177563930496 0
0.0009712384810496375 0.0001119837978088589 0
0.0002791119759295325 0.000800450628478909 0
0.0004712291440826333 0.0007261540728750435 0
0.0006080986973247519 0.0004769272036041731 0
0.0007956575548297519 0.0004740586959580402 0
8.153501003060979e-05 0.0003122391183890508 0
0.0004126723763029059 0.0004433982381299244 0
0.0009096601256820354 0.0004846840249886056 0
0.000582226703962973 0.0003433752746040574 0
0.0009254688733978595 0.0004545223772886081 0
0.0009414384587458496 0.0004906743883020033 0
0.0006041783556922704 0.0007544474281806587 0
0.0003728884475826007 0.0005622196402882523 0
0.0009487984284608486 0.0004773829052134575 0
0.0006842149216434257 0.0005750631505365296 0
0.0009897098798000866 0.0005374908286970648 0
0.0005398899547262912 0.0005251358743955989 0
0.0009316618480120825 0.0004729741757770653 0
0.0006968931542451163 0.0003487426896780646 0
0.0005595926552543697 0.0005487103361155618 0
0.0005645081353987309 0.0005508910330292164 0
0.0007961456321974984 0.00042291904747722 0
0.0006202940097691774 0.0004995791187423723 0
0.0007439700825421725 0.0004693938461631282 0
0.0007277451654418006 0.0003220942958105841 0
0.0008208368432186448 0.0005765208180327208 0
0.0006974731098190924 0.0003339022751438705 0
0.0009682614742071627 0.0002943011892000265 0
0.0004844337497564341 0.0004689756734375265 0
0.0008462581685773386 0.0005315189180466254 0
0.0003291891724836994 0.0004370212415667575 0
0.0007880959127244349 0.0004736025454190366 0
0.0008693007350210621 0.000443875969739839 0
0.0006072447670865808 0.000506729239904478 0
0.0008008622820677019 0.0006257185190779619 0
0.0008134108170018855 0.0006215346596547149 0
0.0008039594373427561 0.0006035083840722017 0
0.0009364370934445476 0.0004686530974561927 0
0.0006659792130918838 0.0004632277415614741 0
0.0008221471037713302 0.0005164469169949849 0
0.0007568825240059927 0.0004599437537758953 0
0.0004460947619851715 0.0005189421898489532 0
0.0006988081799716842 0.0001461668719097833 0
0.0005331394061747036 0.0001656453577692802 0
0.0008132011288889933 0.0004822480426054737 0
0.0005330465503622265 0.0005208343489001333 0
0.0004319609814436762 0.0005298671000268041 0
0.000618434009916424 0.0004858803651380455 0
0.0009783825268948 0.0004349128568207474 0
0.0009623579852985994 0.0005443583922193865 0
0.0009237602446975927 0.0004735144815788335 0
0.0005147024035561369 0.0004763459633202975 0
0.0009118643722913613 0.0005348198723414064 0
0.0009538524829997132 0.0005238320150925115 0
0.0002540550198783843 0.0004049212208212241 0
0.0009742800785118385 0.0005111285894693343 0
0.000771854879024111 0.0005875101985562879 0
0.0007613328320065187 0.0004773329517300852 0
0.000318397893904466 0.000390556153815073 0
0.0009616539290579841 0.0005887258129281457 0
0.0008523145444244743 0.0005227630638870673 0
0.0004062389676144514 0.000519095862894877 0
0.0009419827321336384 0.0004836713152418881 0
0.0008646849998156301 0.0005370834079251989 0
0.0008853286320523634 0.0003654231691572214 0
0.000522513842529881 0.0005120011703389463 0
0.0004305407170070563 0.0003870349511151335 0
0.0006644423700067699 0.0009034544636123991 0
0.0007012142411303036 0.0004595930636557988 0
0.0009137162284684162 0.0004672273301620245 0
0.000559419618762294 0.0005161449128025961 0
0.0005904043923870239 0.0005374328905189991 0
0.0006730603557565981 0.0003474127319341033 0
0.0006772924143232178 0.0005170055894839344 0
0.0005968838058833572 0.000465520631788802 0
0.000592906770472767 0.0005544294786987707 0
0.0005641156544483979 0.0006259504587872107 0
0.0009569821129462724 0.0003674527732247947 0
0.0008319761582647244 0.000476193381859246 0
0.0008592618688372032 0.0004528455371488836 0
0.0008847507328309438 0.0001605500222297422 0
0.0008031201927782957 0.0005052473026158691 0
0.0008984811765641438 0.0005013028827266466 0
0.0005213532775647147 0.0004654300047185371 0
0.0006289322754472605 0.0005763415430756456 0
0.0003812583719403103 0.0005884392916139935 0
0.0004267350961388911 0.0004795541551506674 0
0.00063820636516424 0.0004226411058794789 0
0.0006584742845868163 0.0004441471101269032 0
0.0005731419290885857 0.0004627282215072458 0
0.0007071740386919238 0.0003970652467886503 0
0.0005739781658416827 0.0006333764801566373 0
0.0004930679105251154 0.0004828593491743639 0
0.0005243821725125662 0.0004635369227356132 0
0.0005200181333736508 0.000461253874599576 0
0.000526557377800726 0.0004290231493073673 0
0.0002679207054620096 0.0005970719503444021 0
0.0009156715271518101 0.0004232019808114519 0
0.0005398044403244211 0.0004952722822392492 0
0.0009569271058853938 0.0004537201206810101 0
0.000622394722001752 0.0004662495253152352 0
0.0006255788122037219 0.0004642468889638535 0
0.0006004250504815796 0.0005358378119445405 0
0.000560266907349987 0.0005806351761741142 0
0.0004830580550029057 0.0004944087502298572 0
0.0006859371620656482 0.0004450578942778972 0
0.0003755584253178167 0.0005186168589198139 0
0.0007216405278023327 0.0004913371117228213 0
0.0005023399569557435 0.0002713914794982302 0
0.000442154371293725 0.0005307698038591543 0
0.0001406935008017706 0.0001791291949232865 0
0.0001011472837631576 0.0001627168457617812 0
0.000550378339856683 0.0005238344259193416 0
0.0007584533763265915 0.00028277097976854 0
0.0008168055966406529 0.0004613493282853285 0
0.0006303439554677982 0.0006549960205736915 0
0.0005916388013889086 0.0004454427007818965 0
0.0006913973748722576 0.000566266969660223 0
0.0007364901313500189 0.0004201150293026718 0
0.0005616161429621942 0.0005174529539896317 0
0.0004215644136451803 0.0005234660830215536 0
0.0006508758943004285 0.0003729481788491918 0
0.0005395730661190334 0.0004721164394169786 0
0.0006101895951667463 0.000465401335214283 0
0.0009774934940313578 0.0005327022858309161 0
0.0009174926659429438 0.0004162655431063835 0
0.0009052770262941645 0.0004110132306445931 0
0.0009014455983010648 0.000511573613998513 0
0.0008677775901806209 0.0004710125895280826 0
0.0004689259126152571 0.0004969609330313318 0
0.000672267413074907 0.0005050280466432657 0
0.0005806142862707444 0.000585425821416 0
0.0002869943793820825 0.0009235200075662275 0
0.0005635730253305927 0.0004385811618580534 0
0.0005872705503678702 0.0004479291906565454 0
0.0005332868625590673 0.0004842138203769037 0
0.0003803058499138509 0.0005267700067704772 0
0.0005918424762087141 0.000365431076105426 0
0.0008700824086615483 0.0005293991283024256 0
0.0007298407093958587 0.000422850579012448 0
0.0006531097750305294 0.0005338243319852129 0
0.0009695412663728305 0.0004672228535983388 0
0.0009604233640584862 0.0004561023474878217 0
0.0009619915369784391 0.0004060971948389652 0
0.0009415799724614919 0.0005122465492356764 0
0.0008763437133663056 0.0004669239695747398 0
0.0004394844230710708 0.0005278113460632437 0
0.0004540968053231848 0.0004505942075405682 0
0.000463385618546338 0.0005123016139532671 0
0.0005268784623614018 0.0006110854320709957 0
0.0006071929419742843 0.0005092299202409464 0
0.0004889424919607031 0.0005863068514873181 0
0.0008480194963483321 0.0004759521962373671 0
0.0002413204929329075 0.0006627955129735689 0
0.000917949856312367 0.0005284103131889347 0
0.0005678890316421594 0.0004758621619826422 0
0.0006729062640672748 0.0005170876110443441 0
0.0006164568973914681 0.0004659666181623192 0
0.0006135301923614729 0.0004636850259940581 0
0.0001571488454823803 0.0006796332103873611 0
0.0008555619972500664 0.0004549781359281051 0
8.058404202864903e-05 0.0002287176201448367 0
0.0009712883214252982 0.0005222054892796558 0
0.0001965762810175025 0.0001256765091725311 0
0.0009741033649342907 0.0005136374625590474 0
0.0009276321535426086 0.0004617185860067846 0
0.0009453062975350926 0.0005943829837017894 0
0.0008988046562025825 0.0004987547351898294 0
0.0006624492505648865 0.0005235990037703126 0
0.0009223589534990155 0.000548532508627588 0
0.0008170821424024907 0.0008039986032713066 0
0.0008327375285696622 0.0004669011042853304 0
0.0007777730556152243 0.0007100138527623447 0
0.000574248875886184 0.0005385691281279681 0
0.0004325744502578061 0.0004617118880711079 0
0.0008650312572781178 0.0004721315042583341 0
0.0006184806032470801 0.000483412155031355 0
0.0007069972370941469 0.0005749286411236879 0
0.000561663576655425 0.0004850109615538471 0
0.0003994183245273486 0.0005194009390271598 0
0.0006493106479788154 0.0004370723740850962 0
0.0009084644142981289 0.0004489800673610471 0
0.0007042242177323011 0.0005392489926746445 0
0.000827567683367754 0.0004957008363820236 0
0.0005592914756939117 0.0005237736318524926 0
0.0005500153154340505 0.0004764701406127852 0
0.0009839497103315562 0.0004756614374923138 0
0.0007139973997673735 0.0005152096748570222 0
0.0009948059829607977 0.0005232546722537263 0
0.0004671871145841372 0.0004548678890016874 0
0.0006181534279843734 0.000498269950568795 0
0.0007910457647989162 0.0004727476220328139 0
0.0004470918620132298 0.0005140746025904846 0
0.0005640273388208235 0.0008448239707083735 0
0.0007450435534764951 0.0005296744177615472 0
0.0009727808776171456 0.000529438663696369 0
0.0008792916432074884 0.0004330606435856281 0
0.0006754632394203803 0.0005488434676480249 0
0.0006610688263384069 0.0005521791327372107 0
0.0009525854422934844 0.0001962567708503238 0
0.0006510897002901589 0.000554391699891615 0
0.0007483886267932885 0.000557691877793829 0
0.0006412079489819405 0.0005559923380461589 0
0.0003482478313133232 0.0006389981903152592 0
0.0007192154504922145 0.0005480608621455518 0
0.0004617321812369666 0.000470868154702962 0
0.0008322712080687147 0.0005242607041322878 0
0.0007124590829248581 0.0004734284075318617 0
0.0009142506840051506 0.0004829166547791478 0
0.000653073755450474 0.0004669965048604392 0
0.0007250249638051201 0.0004462104963497217 0
0.0006792219676589322 0.0005696943002660305 0
0.0005948315562108882 0.0004888767139734611 0
0.0003427418529019065 0.000598733593811043 0
0.0006663227640886737 0.0005715929162095207 0
0.0007919651398006528 0.0003744183453795804 0
0.0006638662931186922 0.0004232555117520614 0
0.0005508202389770675 0.0004911925927260723 0
0.0005874692653037717 0.0005351681629108217 0
0.0007356566402944864 0.0004704532135659129 0
0.0004117007949834484 0.0005345693633280022 0
0.0007786678142192523 0.0005712169268379707 0
0.0005789648753095285 0.0002890366147455889 0
0.0004277743531198383 0.0004954147888612763 0
0.0009172220904952535 0.0004932092304078639 0
0.0007329471220342645 0.0005401154343287171 0
0.0004943495671819835 0.0005749498473217638 0
0.0007508230507295671 0.0005864941847887946 0
0.0009801441711565545 0.0004551382175169786 0
0.000798654708184166 0.0005333846817865886 0
0.0009066525748093232 0.0006102535513096625 0
0.0002681529003869939 0.0001148728082702361 0
0.0008785299125479507 0.0005405039759893537 0
0.0008432447187045165 0.0006520988969548191 0
0.0004638419874909823 0.000523125305634887 0
0.0004222079874781091 0.0004264643264460808 0
0.0005244092351792603 0.0005263139000261832 0
0.0005078659648254677 0.0008651923725701914 0
0.0004043994558532581 0.0004413211247032242 0
0.0004533149039153251 0.0004326749063843839 0
0.0007100563436848358 0.0005504326626456676 0
0.0007050974553876471 0.0005510672165599741 0
0.0004261142932192356 0.0006975926942699237 0
0.0007211864765823266 0.0005244444524470635 0
0.0004584394521714038 0.0004526404494607307 0
0.000539896839231827 0.0004975618299723637 0
0.0009193736856684602 7.147410306628505e-05 0
0.000956914429498204 5.923909289665346e-05 0
0.0008155427247517525 0.0004686893073185803 0
0.0001971156414590539 0.0003020611497604692 0
0.0002610426289947331 0.0002493689956934623 0
0.0003467154035485 0.0004055129522065418 0
0.0007298899357558882 0.0005062524649664993 0
0.0008246918042659452 0.0006216219631547229 0
0.0008011264732999059 0.0004724246203070515 0
0.0008228284051501066 0.0005367648069679463 0
0.0002701199854110819 0.00070280483931416 0
0.0003313306958358642 0.0002829754502074245 0
0.0004824151004193953 0.0007636345631082634 0
0.0003035120831319738 0.0005891155192679664 0
0.0006071275415674319 0.0005117582314269744 0
0.0004310301401661295 0.0004689695057655494 0
0.0006784634604862774 0.0005530046142144791 0
0.0007399968754543723 0.0004876495093928583 0
0.0005587784501788251 0.0005296539307152855 0
0.0008463481509878845 0.0004622613396716488 0
0.0001068295984773164 0.0004155299179816432 0
0.0007441733702240089 0.0007225274357946481 0
0.000687391145316396 0.0005128848717203507 0
0.0005003440865382327 0.0005214507471947179 0
0.0007605557941229165 0.0004582652191301708 0
0.0004094023482400708 0.0004181081641135722 0
0.0006888362076931701 0.0005275590437128995 0
0.0005015263720301957 0.0003101961948636091 0
0.0005479052444803962 0.0004651244633071001 0
0.0004846601187383983 0.0004834536363321599 0
0.0007052216742287886 0.0007376368234591593 0
0.0006662383443241861 0.0007553251189009642 0
0.0009027576554010881 0.0004595111204816798 0
0.0009761696495300598 0.0005151639552000944 0
0.0007009675088917819 0.0005259719709979963 0
0.0009229562018765992 0.0005201450162462561 0
0.000900811898045642 0.0005438695788772569 0
0.0006854361913343844 0.00034099886549342 0
0.0009427297998862091 0.0004687425560637134 0
0.0008442471815010259 0.0005596767541077171 0
0.0008331126334621247 0.0005641685661362117 0
0.0009486445746129018 0.0004660638625242203 0
0.0008218194867629947 0.0005694270350962075 0
0.0005946002783189891 0.0005041587888318219 0
0.0008794836307069884 0.0004396979014977446 0
0.0006024799477903031 0.0005242045343107362 0
0.0008731037222795228 0.000468068094558193 0
0.0004661860632911301 0.0005340296153151627 0
0.0008827549934223289 0.0004643553349102882 0
0.0002039287952057705 0.0006994526986496618 0
0.0008453161314860891 0.0005232599258379632 0
0.0006352140650436412 0.0005799476811823293 0
0.0008927551954813562 0.0005480709179153441 0
0.0006765470236364396 0.000466508896306838 0
0.0009680519656181275 0.0004516387638082194 0
0.0007747646043656815 0.0005662805767621237 0
0.0008087520140411363 0.0005516314654078328 0
0.0007498480168561439 0.0004670663388339655 0
0.0008168371853205693 0.0005316531999477178 0
0.0008112268422210894 0.0005354395183037166 0
0.0006069436916805064 0.0005144194830031095 0
0.0007538313392891215 0.0004369769002230456 0
0.0007653473254750579 0.0004314333837274619 0
0.0007771123659834288 0.0004244934424176582 0
0.0003622472646029173 0.0005451818879595973 0
0.0005636661089491637 0.0005184905743337705 0
0.0007822471529154758 0.0004639119554331102 0
0.0006789543188456854 0.0005299041306748611 0
0.0006730786469436511 0.0005325396085386534 0
0.0004588366966760886 0.0005701803897234319 0
0.0006013320137881965 0.0004401878151128393 0
0.0005963913021859353 0.0004367212154652087 0
0.0005347665352338537 0.0005872384338250923 0
0.0006655449975750383 0.0004668530617833987 0
0.0006166888801846034 0.0005847107823484009 0
0.0002985994850758336 0.0008245560622326435 0
0.0006791872417914862 0.0004930935032060284 0
0.0006497628719824171 0.000587332902737958 0
0.0006630185277078823 0.0005965898720361175 0
0.000678872756061521 0.00060612020499503 0
0.0007235480982416015 0.0003899426729498517 0
0.0005081708411033232 0.0006690127778472495 0
0.0004835815107729286 0.0004559511587596049 0
0.0007076958910476879 0.0004703941695044882 0
0.0005197326702819942 0.0005295287006474768 0
0.0007876099001220722 0.0001266489431642476 0
0.0005441179354075528 0.0004322374730163722 0
0.0006954800718046593 0.0004394204960679623 0
0.0004507216459892411 0.000471490726899729 0
0.0009417309044953597 0.0004883312764388905 0
0.0004174404902716291 0.0007170656899897754 0
0.0005930115331448361 0.0006473083722240206 0
0.0007419202715578251 0.0005456618478978555 0
0.0006471987953995518 0.0005378564826961593 0
0.0009937324787354792 0.0005115117742538789 0
0.0005791695558113647 0.0004415411913943336 0
0.0005703864160821457 0.0003508922630487692 0
0.0009494892135590834 0.000448135161867492 0
0.0009410842833568666 0.0004415194865327895 0
0.0009310710818849871 0.000435131042278797 0
0.0009212922913380897 0.0004275408390055691 0
0.0008893186894194673 0.0004055133394419951 0
0.0004737802310538148 0.0004476637650904426 0
0.000213981909956843 0.0008126209720309812 0
0.0001511956776369751 0.0003397274326171193 0
0.000977555069607252 0.0004701233570048248 0
0.000860387170079822 0.0004681693832209753 0
0.0006591567619395713 0.0005579462496547879 0
0.0009946843757747466 0.0004351788294798942 0
0.0008986623881010105 0.0007344593017803232 0
0.0005183635631528318 0.0004976930913187479 0
0.0004381590484115596 0.0004875500120908596 0
0.0006582067338421823 0.0005268462078434994 0
0.0007992883699601127 0.0005532937979538995 0
0.0003904135140887546 0.0006991698893032004 0
0.0003605816696672485 0.0005623358867151391 0
0.0005485645089516172 0.0004924414557095845 0
0.0005913704030617716 0.0004397118344710225 0
0.0007346403579610827 0.0005249993408022322 0
0.0003851628232059273 0.0004850724490774368 0
0.0003633241632273791 0.0001226557448711966 0
0.0003546406241837952 0.0007096389024988126 0
0.0009450293460053368 0.000828523901076246 0
0.0005503149098950571 0.0005268896903956932 0
0.0007572829935281567 0.0004091802681021672 0
0.000479534836418773 0.0004763095303355987 0
0.0009781572135077355 0.0005166295424842953 0
0.0005412831728366595 0.0006942192216526775 0
0.0005115886811541249 0.0005988627594577804 0
0.0008536363927985327 0.0005559481761718942 0
0.0006185428301644313 0.0004809312397620514 0
0.0004419293132844607 0.0004271001274875291 0
0.0009000258779107629 0.0005328164309516342 0
0.0004923892667187764 0.0005051374688644682 0
9.271954893264485e-05 0.0001162081840897969 0
0.0006306830419527245 0.0002506871069600084 0
0.0006771791804372559 0.000507346862921181 0
0.0009822752446880328 0.0005700883687400491 0
0.0007109579436173175 0.0004687450455398536 0
0.0006840334032290039 0.0005270102272788176 0
0.000524658380512149 0.0005107730360499223 0
0.0009416226106614329 0.0005239981209905577 0
0.000878834637211982 0.0004588500812107149 0
0.0004523764683629361 0.0004623835930537947 0
0.0008972176771960168 0.0004799949755806258 0
0.0006705750280181994 0.000612023644960473 0
0.0005833755945609949 0.0005218186664758374 0
0.0008681254532276065 0.0004829450926020873 0
0.0008484024246282363 7.691538068045403e-05 0
0.0008677755231206281 0.0004854530594598033 0
0.000838974429090363 0.0003499061316543795 0
0.0006176325995660449 0.0005627299849869548 0
0.0005073055472673506 0.000522076709169739 0
0.0004959162913923112 0.0005119638313136641 0
0.0008567448689134073 0.0004781944882377404 0
0.0003811952110585529 0.0004540353829924009 0
0.0009037063490809401 0.0005105320502365844 0
0.000870502972275699 0.0006143697989075311 0
0.000785882996428282 0.0005131585560149644 0
0.000736130619647672 0.0009635551801053304 0
0.0007002912381083677 0.0005362135313338884 0
0.0007054655880146402 0.0005822016913421252 0
0.0008527856791746553 0.0003834083201877176 0
0.000594921782005885 0.000486466953986517 0
0.0006287401198151688 0.000524970192478804 0
0.0004109123966172957 0.0006153124242198038 0
0.0005714513296626206 0.0005256945404588406 0
0.0006977904081286573 0.0003952528404874811 0
0.0009906625283730784 0.0005549496397841809 0
0.0006006537544870946 0.0005127183287807601 0
0.0004600459754707905 0.0005150684916093349 0
0.000711318732667082 0.0003281473350709435 0
0.000524748636567675 0.0004914801710489817 0
0.0005791115979358185 0.0004577267496470693 0
0.0005463693395381436 0.0004936545192076785 0
0.000986802611527592 0.0004644533467085971 0
0.0009779446874374691 0.0005190128909827412 0
0.0008705815448074134 0.0004815128298015871 0
0.0006887871494530382 0.0005462177938746021 0
0.000686996729970208 0.0004336258432092435 0
0.0009959847376785954 0.0004874037064937299 0
0.0002547564096699489 0.000543937018513744 0
0.0007460144730058831 0.0004939263203771721 0
0.0009082542053161062 0.0005082636914829355 0
0.0004801808626644239 0.0005197858269402477 0
0.0008861089673672497 0.0004771607945600753 0
0.0002286556691680932 0.0009194745323676489 0
0.0004750781392765362 0.0005050872755916978 0
0.000678944814486033 0.0005037084152320066 0
0.0003721153163153963 0.000362500181422438 0
0.0008520014417938884 0.0005253474946170409 0
0.0009393869778743127 0.0005131964449342264 0
0.0007454253637316267 0.0004968261873034511 0
0.0009668162632717016 0.0004764252024528883 0
0.0008215057048304227 0.0005189465378260551 0
0.0009074788255186 0.0003394787317694088 0
0.0009953560874876382 0.0004748814749243374 0
0.000770388124708183 0.0004794769326014105 0
0.0004259161461891184 0.0005584346798674623 0
0.0009711683586404481 0.0004632849382956682 0
0.0008550378669726229 0.0005336337168489636 0
0.0007297965226510296 0.0005503323873333162 0
0.0007082404205939279 0.0008519535634347315 0
0.0009223364063450367 0.0004842698977786253 0
0.0006713506409432372 0.0005380083018278881 0
0.0005951620152873474 0.0004582793808702482 0
0.0004466711495422598 0.0003705856983794261 0
0.00049997340234899 0.0005240368453568549 0
0.0005443089988479869 0.0004924909672068465 0
0.0007685124438040223 0.0005517851621749346 0
0.0008182443481377907 0.0004784618391430156 0
0.0005226280233508942 0.0005068458112227664 0
0.0004657545544105431 0.0004492361875817505 0
0.0007237004201530612 0.0004901647363092517 0
0.000978125592634269 0.0005293121347025626 0
0.0004724226674202074 0.0004945933605838083 0
0.0006194555729115794 0.0003860526939848773 0
0.0009192666518158413 0.0004947322216494192 0
0.0005955413658405746 0.0004738165611379265 0
0.0008006304364989848 0.0005182534133322738 0
0.0004537634040621444 0.0005246901159224249 0
0.0003650347061634523 0.0003871820489978628 0
0.0009948731274192915 0.0004720994040709033 0
0.0009812454064057471 0.0004498804811147785 0
0.0009745418495045339 0.0004825613925184233 0
0.000944911408883861 0.0004637039609469244 0
0.000728106467209859 0.0003721915092504331 0
0.0007033384963374175 0.0005079495965385596 0
0.0005950182116790557 0.0004840216850738002 0
0.0007125361130045691 0.0006045567858329532 0
0.0007019333172522264 0.000668952933984428 0
0.0005015429777159974 0.0004773313224974686 0
0.0005936668172248998 0.000566345298548112 0
0.0009956437917713543 0.000492229750978753 0
0.0009165993455081882 0.0004819416084962359 0
0.0002397685312573367 0.0003627297869775453 0
0.0004410731429441942 0.0004500218506752738 0
0.0007400051677577709 0.0004099926338775202 0
0.0005630378087018387 0.0005459849612929381 0
0.0005530232471573801 0.0004796668678157709 0
0.0005340163086885459 0.0009221603112125009 0
0.0005835274809798579 0.0004996583303591672 0
0.0006945518538367477 0.0004554329258814891 0
0.000900517268569142 0.0005209923553243389 0
0.0005014531326637211 0.0004951577117786075 0
0.0008063782915216789 0.0005071976344258248 0
0.0005463734256880744 0.0004817935191748828 0
0.0009964704877598921 0.0004531645912106841 0
0.0007096490397318521 0.0005153076472275075 0
0.0009060178304703696 0.0005094345812337131 0
0.0004205178251138324 0.0008010789673186387 0
0.0008030752151592085 0.000514927859095669 0
0.0004971198466000354 0.0005070140719673772 0
0.0004243223360448678 0.0005153908589141269 0
0.0005421192584367369 0.0004937683470440037 0
0.0006923251602373618 0.0005340907976406566 0
0.0008477572962148389 0.0004871692091142172 0
0.0007342539062092802 0.0003481868883132793 0
0.0008948687668129733 0.0006740761390518353 0
0.0005775489115031636 0.0007051175182596615 0
0.0004774036071182259 0.0005475181218029469 0
0.0005453598459136217 0.0004550010269114084 0
0.0009084843904905496 0.0002066474772525156 0
0.0006646478382564727 0.0004151296761207366 0
0.0008317946916444335 0.0004963259798539442 0
0.0009348809452601069 0.0005209785301675143 0
0.0002834215595056129 0.0005316477245061371 0
0.0004398247118483448 0.0004904165972885054 0
0.0006397364348317582 0.0005210874069322905 0
0.0004841722554805774 0.0005151310886283931 0
0.0004655396013259489 0.0005252912643143198 0
0.0009317430811870144 0.0004066802081350133 0
0.0003260598779525991 0.0004724589535457345 0
0.0004965341870031846 0.0005311420211448228 0
0.0007724946534700195 0.0004533552960576837 0
0.000875149088925614 0.000577863382798127 0
0.0008866862409569727 0.0004897321833560752 0
0.000727241197819154 0.0004951545354527024 0
0.000458225847734166 0.0007699423784834399 0
0.000602066681699061 0.0006027382736239023 0
0.0008991001553000943 0.0004817310712711766 0
0.0009064170545501592 0.0005046470188780048 0
0.0006919047647629289 0.0004687094218411201 0
0.000896138048622055 0.0004631194497164841 0
0.0005398235618685589 0.0004999254732928594 0
0.0007091434650954851 0.0006210517394774678 0
0.0005637974637501138 0.0004862396571935399 0
0.0008276803411140009 0.0005738336868733714 0
0.0008591201601937417 0.0004047765085988828 0
0.0005028935523814172 0.0004732517699324048 0
0.000993150977762829 0.0005396905307469701 0
0.0005950428831339886 0.0004815353658087624 0
0.0004975011944242699 0.0005250370640608396 0
0.0009899794910624847 0.0004625804756280659 0
0.0008050310677426055 0.0004836261607712562 0
0.00073952631871266 0.0005208962656945614 0
0.0007984393953810333 0.000516898996219532 0
0.0005114582153796166 0.0004894209096586264 0
0.0008766585362238102 0.0004635653844410379 0
0.0007113383784611739 0.0005248051853962345 0
0.00053753655406701 0.0005011721740206528 0
0.0006973318633993616 0.0001122336129612792 0
0.0006921732518694889 7.716309041341614e-05 0
0.0005069758482871623 0.0005016264395570505 0
0.0004059222304056356 0.0002975052050565252 0
0.0006115536644303142 0.0004158645716363554 0
0.0009243776898512834 0.0004114619513517611 0
0.000397830504566683 0.0004493206599699102 0
0.0005180749607052429 0.0004643473686195935 0
0.000675179072093369 0.0005157730015795127 0
0.0007522592980430357 0.0004536813394715749 0
0.0005342977918375764 0.0005279199121871027 0
0.0008155331695498121 0.0004816304909772469 0
0.0004592463111950637 0.0005264529539647914 0
0.0008204592409498588 0.000926950203190869 0
0.0007443436346950511 0.0004875727993994478 0
0.000371624463345569 0.00045201346016334 0
0.0004624574578491089 0.0004949261588837422 0
0.0007352562469391161 0.0005024578272727585 0
0.0006171869356922816 0.0004012254893446278 0
0.0003546782251377172 0.0005184029333315068 0
0.0006863189741781188 0.000528941907929463 0
0.0009395924535611393 0.0005405458501331114 0
0.000932172903291482 0.0004698305288495375 0
0.0006149717503309154 0.0004755419257182099 0
0.0004033568186374006 0.0005508126244497071 0
0.0007874939177188816 0.0005411685603965308 0
0.0004523448122448174 0.0005272882966661589 0
0.0004573424465242139 0.0004631294082962537 0
0.0003853688634269995 0.0003532689284300454 0
0.0005395886242156276 0.0005441258793748298 0
0.0005720528454510453 0.0005659492782421075 0
0.0006870191726704788 0.000621158568711465 0
0.0004965518579933549 0.0005095330096670608 0
0.0002377022990575194 0.0006952737475162118 0
0.0008879433411073889 0.0005547924855100648 0
0.0005270149536195081 0.0005308312538344023 0
0.0007202776189158234 0.0005090132427334126 0
0.0007871335995108626 0.000521778270056569 0
0.0007123470068568936 0.0005301240943686486 0
0.0005806246252021438 0.0005133615581387847 0
0.0006202000481521606 0.0005460310461386423 0
0.0004848317616532357 0.0004858850138752986 0
0.000482863898383616 0.0004871122387249841 0
0.0006843627255675111 0.0005463444256362995 0
0.0004802098447047291 0.000504839437943162 0
0.0007882404552319616 0.0005122775679670314 0
0.000836514882688514 0.0005388483155065106 0
0.0005961939298250144 0.0005126514968762455 0
0.0001712383514327322 0.0005732314570012704 0
0.0004583363129313768 0.0003901880245945521 0
0.0009360403179722768 0.0005743212841559009 0
0.0006790567366166099 0.0004861658899426179 0
0.0006389474118508233 0.0004805368281006317 0
0.0008298835644954409 0.0005248377018878175 0
0.0007573775256157317 0.0005197717502161589 0
0.000881579961507029 0.0004816267343667135 0
0.0004909788611985982 0.0004819451139419727 0
0.0008164756732342211 0.0002571105377240273 0
0.0008725004422797441 0.0004372268111585234 0
0.000461817429888463 0.0004648946223608569 0
0.0005353199690575317 0.0004999640819410727 0
0.0005731063578616032 0.0005592456113636031 0
0.0004835935364942591 0.0005333354422743808 0
0.0007444490303347411 0.0004429239046321793 0
0.000408412312533851 0.0005568264346458723 0
0.0005540261555475676 0.0005761229230522973 0
0.0005943017857700268 0.0004990956195002245 0
0.0005078700173269927 0.0004753104710780154 0
0.0006534097698453019 0.0004812787807784999 0
0.0008093254233927025 0.000632300130046023 0
0.0006305258022179269 0.0005390365492222175 0
0.0006258183223080738 0.000459871457438278 0
0.0004611077009993328 0.0005236357971959355 0
0.0005488712436092697 0.0003634872775688738 0
0.0004726297591985328 0.0004685645346341814 0
0.0009959302333123533 0.0005099429296592504 0
0.0008084691118853374 0.0005739878047940459 0
0.000832140376742063 0.0005491112099492963 0
0.0005090673970278549 0.0004882190765095256 0
0.0006139254469780938 0.0003399618180205171 0
0.0006920037305304149 0.0005030198123129815 0
0.0004522052230337388 0.0005161549648265962 0
0.0008007229392568887 0.0004522183789382108 0
0.0005848899833142077 0.000438275435511483 0
0.0009179964535699656 0.0004589504839592255 0
0.000456345068987317 0.0005241814099903148 0
0.000479102542470318 0.0003347838905219122 0
0.0008671108197373128 0.0005305079487805196 0
0.0006324027637726794 0.0005279191749125404 0
0.0009602231851547067 0.000522751478058787 0
0.0007249821513572175 0.0004994868165861813 0
0.0007257441506070452 0.0004913746260877157 0
0.0004692053008475134 0.0004778771494713699 0
0.0007508581717391046 0.0003737279498785351 0
0.0009542404538581274 0.0005591934231687885 0
0.0009580767725433567 0.0005302159056768677 0
0.0007259699549409879 0.0005226949796835422 0
0.000121034388849208 0.0004456479142229187 0
0.0007611894524770684 0.0004747698414451891 0
0.0005242880588149084 0.0004591345860881468 0
0.0004562486928756755 0.0004219867100496679 0
0.000423069992683068 0.0004902295595499933 0
0.000810107560030656 0.0005238516272222638 0
0.000421177614651276 0.0001469364273035036 0
3.276512005570358e-05 0.0004667568717236319 0
0.0008893368296053012 0.0005242288176694515 0
0.0008331566694661556 0.0004480058296018295 0
0.0009067664025729479 0.0005020551198067008 0
0.0005260644313827089 0.0004215512423667214 0
0.000776669796735693 0.0006038208879943316 0
0.0004575322488103253 0.000515522393740601 0
0.000533235858563884 0.0004987062866160023 0
0.0005586483042184478 0.0004419741022413369 0
0.0005309135981949015 0.0005220623230082204 0
0.0008901253582374111 0.000435822218921395 0
0.0005038863100620121 0.0005382586345570896 0
0.0007373436680972765 0.0005462880284690812 0
0.00057237647575559 0.0005307366827219437 0
0.0006289182928081299 0.0003312895089893824 0
0.000489864639166599 0.0005051836909395814 0
7.307947271444361e-05 0.0007287308602907792 0
0.0006303660459380707 0.0006692941120675527 0
0.0006726068504561925 0.00047515771530926 0
0.0009424594811727209 0.0007804548165156303 0
0.0005210296381558171 0.0005575754663784513 0
0.0005934295349621137 0.0004628460978932324 0
0.0007570883298876524 0.0004005946184351737 0
0.0007611383547040366 0.0004870052444208831 0
0.0005437566143971958 0.0005195019464817196 0
0.000505470396779302 0.0004742731407388287 0
0.0009055524546640699 0.0006216623802859032 0
0.0008618910043360314 0.0005636014434364815 0
0.000385884759732034 0.0002152769015992551 0
0.0007608755938339448 0.0006186324131996781 0
0.0008599129650320432 0.0004819457445402562 0
0.0009723200342005519 0.000481193123609591 0
0.0004288544839357709 0.0005473216087625107 0
0.0005573613286055596 0.000531818575637888 0
0.0004949744468544236 0.0004403519481214568 0
0.0005373505871116377 0.000891219053308354 0
0.0007503086470752237 0.0004134590000560746 0
0.0009581739640163085 0.0005464367707129916 0
0.0007185963871272798 0.0004307076423440076 0
0.0008340498785565079 0.0004954179376571819 0
0.0006963673564768479 0.0006162489542807243 0
0.0009695096118261767 0.0007027262782915962 0
0.0002422802118333034 0.0008629694669010533 0
0.0007426802634328939 0.0006333751098573864 0
0.000939022371016604 0.0005155994546379355 0
0.0006665867163478754 0.0005235877087466398 0
0.00057687041164945 0.0004765163580063385 0
0.000578716027539316 0.0005121508674770005 0
6.698982809425237e-05 0.0004085028522194195 0
0.0008955639095805208 0.000556410504661805 0
0.0004573507187705243 0.0005987057481609886 0
0.0009193153209439376 0.0005003593166570634 0
0.0005174160566171314 0.0006789176994918596 0
4.231380181365962e-05 4.261727454285666e-05 0
0.0009929066479174181 0.0005980127355834617 0
0.0007932645993650936 0.0008099794503709084 0
0.0005196122622863292 0.0004764544329960564 0
0.0002954877681233439 4.007649968383877e-05 0
0.0007216383692175367 0.0004982358453021753 0
0.0009691671555017794 0.000522878569072656 0
0.0002167385413120927 0.0004127017706588681 0
0.0006561743666538 0.0003406350984390391 0
0.0006068731218636591 0.0001115470791446708 0
0.0005706418747515969 0.0005457571738120934 0
0.0009169465286861728 0.0002713157758150777 0
0.0008281538875926867 0.0004259274607982154 0
0.0004616640267921934 0.0005569750981855508 0
0.000376322514641063 0.0004842187329748392 0
0.0005936616543002523 0.0009680703899283776 0
0.000689708680419561 0.0004992098255867754 0
0.0008500345785558618 0.0004863510408861123 0
0.0008914093948496887 0.0004524570692135056 0
0.0008077451205924418 0.0005036806342870763 0
0.0008575073754047732 0.0005599621378557486 0
0.0004689455986230844 0.0005028139305239451 0
0.0009362804732746251 0.0004323947275205927 0
0.0005807133266042625 0.0005229673304634244 0
0.000456102600848341 0.0005587524112763704 0
0.0006396889200549336 0.0004601812459200723 0
0.0009113780847172737 0.0005389078132811002 0
0.0009241887418480349 0.0005793892957497957 0
0.0006860543923310803 0.0004393651042519346 0
0.0007971355491739613 0.0004153394729097958 0
0.0004663736878073777 0.000480208182294159 0
0.000981367783717589 0.0003895158091267739 0
0.0009776455548402975 0.0005215893648060613 0
0.0009255453622826282 0.000521878715891877 0
0.0008240679437490234 0.0001087749313944558 0
0.0006448771790139715 0.0004186481599796984 0
6.806194994951045e-05 0.0003730572451656205 0
0.0008129079792295491 0.0005224569188924994 0
0.0007935567151244326 0.0005210856284890159 0
0.0007246608023969383 0.0004822653589003331 0
0.0006000733496580589 0.000778881295342791 0
0.0005312832915553446 0.0004975858515171216 0
0.0005393301061334909 0.0005281548894701877 0
0.0005947071788347082 0.0005018419800347077 0
0.000610290599029831 0.0004615031922411081 0
0.0008989343970625906 0.0004568479435131902 0
0.0007361188713158311 0.0004834144074513365 0
0.0006035736344030508 0.0005371823911809565 0
0.0008863840056618551 0.0003512522766186092 0
0.0007821757289192806 0.0003664277048119717 0
0.0004641628501463528 0.000468606834524924 0
0.0009373252532626502 0.000471479349850963 0
0.0005168216764494892 0.0005340953294784473 0
0.0008433505820994246 0.0003759999865080915 0
0.0009754010352429588 0.0004650724581456958 0
0.0009213313816014564 0.0004747760435499984 0
0.0007416112059135454 0.0002763641610919751 0
0.0007957698066689794 0.0005202450350700873 0
0.0007980714322248404 0.0005368686291078915 0
0.0008985531850381114 0.0005250250307684492 0
0.0004976704622707352 0.0005048530117297993 0
0.0009211516204303519 0.0004522834203125419 0
0.000633057106204967 0.0005248309406249961 0
0.0005931849215526716 0.0005237586253162863 0
0.0006703815416325714 0.0005766824176227765 0
0.0009574610948101355 0.0003534493430042282 0
0.000510245603018752 0.0006082272210841796 0
0.0003319805068875553 0.0005120283612484929 0
0.0009735118011917963 0.0003306785796688973 0
0.000988244641438687 0.0005236919286486748 0
0.0003899156314594655 0.0006410637622442179 0
0.0009283696428204994 0.0004573173962856487 0
0.0005530468695215103 0.0005282373820801095 0
0.0007850452357542434 0.0004719678139039831 0
0.000971978797736874 0.000684364093093498 0
0.0005201217532125303 0.0004191644047707026 0
0.0008207965017325235 0.000477754376554227 0
0.0007039761448280142 0.0004796335893267063 0
0.0008100341254810796 0.0005398115123872242 0
0.0001048308808809459 0.0009115173919739461 0
0.0009243913727496472 0.0005394579481267027 0
0.0005640605421554981 0.0004679999765540492 0
0.0007203529347843473 0.000501962521684106 0
0.0009444745642361663 0.0008663299796915315 0
0.0009088774827129794 0.0005008001048138001 0
0.0004221768558205775 0.0004787730022146972 0
0.0004941871577444392 0.0004949075970758255 0
0.0005458079559827822 0.0004096274098066477 0
0.0005292398089837562 0.0004986807897218744 0
0.0004475521592468071 0.0004825664248200844 0
0.0009860736678713716 0.0004484031878394044 0
0.0007274925645007858 0.0004592745776803544 0
0.0008430845637538067 0.0005236388143374688 0
0.0005893577240590911 0.0005759131356156544 0
0.0005928412577476241 0.0004801709468909784 0
0.0004819928070193086 0.000580345737759343 0
0.0007445694239557066 0.0004851772454296646 0
0.0003151267673913157 0.0003715218477750844 0
0.0005310105603250418 0.0004830488263480346 0
0.0007389688850653367 0.0004811555171190087 0
0.0004652439462175412 0.0004826697421245815 0
0.0005765651462017814 0.0005133027943601801 0
0.0009374180151559088 0.000528207702019896 0
0.0004871495979897427 0.0004527052650074163 0
0.0006874948076313876 0.0004956566922876219 0
0.0009624545868390089 0.0003964210362870558 0
0.0006515792337824733 0.0003617193784735629 0
0.0008328294778850063 0.0005404058527435163 0
0.0005975274428023906 0.0005573853487871527 0
0.0004543274811697593 0.0005655315203128504 0
0.0007372893551376124 0.0005211316018917286 0
0.0003982126011401674 0.0008931713172774364 0
0.0009402612897401559 0.0004667708608052112 0
0.0008552688451551203 0.0005118850450940497 0
0.0006464487597296102 0.000452123830066027 0
0.0004700587727338646 0.0003105245728948292 0
0.0007905881295794989 0.0005114105807646268 0
0.0004549271547586553 0.0005159063159237563 0
0.000434969486461995 0.0004932427704768349 0
0.0006747252436673452 0.0005061684315147893 0
0.0007666304330492303 0.0005353228420847058 0
0.0007232905145333853 0.0005293622554877831 0
0.0004898357301428654 0.0004950507803426729 0
0.0009107498653616023 0.00046763694270815 0
0.0005579970537859191 0.000154046872612618 0
0.000339541298412877 0.0005486859988221737 0
0.0003752670608317528 0.0007611155590849119 0
0.0004870184952893925 0.000532120567025733 0
0.0005294924583504225 0.0004483202571017496 0
0.0008912597152908462 0.0005258479570406877 0
0.000931115847891249 0.0004878467865631976 0
0.0006596839816099703 0.0005151658893882988 0
0.0005237220035930656 0.0004053258223638264 0
0.0004447478661973668 0.0004697216588586511 0
0.0003506054097226037 0.0005094051860280176 0
0.0001490050406972856 0.0003115587632355962 0
0.0009790474705033512 0.0004282777418177436 0
0.0006185332584742487 0.0004787914788808328 0
0.0009350401760219158 0.000458887165297953 0
0.0007744247431566034 0.0005243452505442705 0
0.0009318708137924041 0.0004851186409129555 0
0.0006535120848624168 0.0002364287525994503 0
0.0003514599907905287 0.0004459828950882042 0
0.0004428706394081913 0.0004800948515778357 0
0.0008172721671157305 0.000518226261158351 0
0.0006673105890502426 0.0001669271434845001 0
0.0008566169591071691 0.0003950574524892162 0
0.0009156881137458163 0.0005549173456778033 0
0.0009935419681500312 0.0005068993186032535 0
0.0003685194024859416 0.0004426668370750627 0
0.0009513531090222277 0.00047705969509772 0
0.0007145127190525389 0.0004639376260657127 0
0.0006393795255590892 0.0004834000441285391 0
0.0004451288764220128 0.0005405501961639483 0
0.0009560087047505543 0.0005224392953659514 0
0.0006647080795885052 0.000555937551285034 0
4.338168604477031e-05 0.0009570374475210107 0
0.0004381180019782385 0.0005313117112939162 0
0.0007572212665043935 0.000521978918117296 0
0.0004424590171278907 3.89457529212685e-05 0
0.0007247382103204681 0.0005258791945546171 0
0.000718639444887002 0.0005034009646719932 0
0.0007513623374129773 0.0005952803882210667 0
0.0005686499787073089 0.0004811093774550352 0
0.0006842851150245038 0.0007676895432972106 0
0.0008445779770861231 0.0004516210237263547 0
0.0009203126249125432 0.0005298081889490194 0
0.0005043519697863455 0.0007338033114594025 0
0.0008462163009860267 0.0004742073165990792 0
0.0009213026017472342 0.0005017169929495576 0
0.0007358576521538031 0.0004670902675153402 0
0.0007362552588449404 0.0004857661805060028 0
0.000678506614490383 0.0005332262123472348 0
0.0008433650361712519 0.0004779474614503425 0
0.0006138800109953488 0.0004358817725471871 0
0.0004404067658160769 0.0004602754564200563 0
0.0004702799937263128 0.0005816764146719607 0
0.0007720255475900477 0.0005174271520168331 0
0.0004630813263018945 0.0005515172983227571 0
6.530397838711593e-05 0.0005937728116715715 0
0.0007525386109977247 0.0004947686214443387 0
0.0004209005209927248 0.000418314618630064 0
0.0006690858873362656 0.0004655461819265063 0
0.0007543471147408685 0.0004311090192008272 0
0.0006706077614227413 0.0005497590334729251 0
0.0005167265075384351 0.0004752479261095215 0
0.0006186417508697352 0.0005313716510399461 0
0.000711864819219292 0.0005140239564704529 0
0.0007203766213448373 0.0004430468554776336 0
0.0005293799211116937 0.0004740575231760573 0
0.0007679832771792008 0.0004697590657829825 0
0.0005862764808714127 0.0005815607647245871 0
0.0004895035199149349 0.0005274961826463638 0
0.000689569291322731 0.0004913695927458261 0
0.0005991514315915063 0.0004557676188840389 0
0.0003094759346830179 0.0002738297189620183 0
0.0009342501420009183 0.0004841259082324452 0
0.0008039565470114577 0.0004442920629083972 0
0.0004107049689752239 0.0004780145001578633 0
0.0006875489725851398 0.0004930530810586843 0
0.0009294930789290435 0.0005842923725787602 0
0.0002982777902190882 0.0006033018258007769 0
0.0005916071587272489 0.000475554173957039 0
0.0004854807108839556 0.0007413385906692982 0
0.000936668306197076 0.0005166166112578973 0
0.0009942950156993891 0.0005023032486072522 0
0.0006532099541455826 0.0004791886935505805 0
0.0005725584382478909 0.0004595606283931434 0
3.074765323318649e-05 0.0005316821128583119 0
0.0008110923384014982 0.0006107842030058544 0
0.0006602454184701416 0.0005726383060473684 0
0.0004821514952173362 0.0006341908752329935 0
0.0004298342678371473 0.0004646122957055976 0
0.0008437635938193024 0.0004597433625494757 0
0.0004101574962699744 0.0005395557049778045 0
0.0006362634093377416 0.0005389081058949726 0
0.0005925765029127846 0.0003517497381875497 0
0.0008982037371792224 0.000347803088857436 0
0.0006713594167698013 0.000412349686587252 0
0.0005743674738022048 0.0005144790046388002 0
0.0006069786817072235 0.0004600469001214121 0
0.0005043421658680829 0.0005024227900170933 0
0.0007969336962503845 0.000485469245175691 0
0.0006289640402065413 0.0004777606422647402 0
0.0009845767794571516 0.0007145939568966224 0
0.0008838587428964834 0.0004807929775405568 0
0.0005497297082058897 0.0004290643314294222 0
0.0001537193886945284 0.0004511010207276607 0
0.0005643759244128628 0.0005562854923580398 0
0.0009071271700399397 0.000497186410044836 0
0.0006657649994717789 0.0005347722233748385 0
0.0004477668092913631 0.0005052371558256742 0
0.0007575211025688686 0.0004558218854665609 0
0.0009296800603911065 0.0005044438926928683 0
0.0005795170986843735 0.0002665261548346797 0
0.0006059559457427554 0.000453274353757418 0
0.0008958817067818004 0.0005262382855331506 0
0.0008104600928558796 0.0004676827068502741 0
0.0008179630369312226 0.0004342421128502942 0
0.0009674876378181768 0.0009678593395798386 0
0.0009425992455379371 0.0008986981263586389 0
0.0004810564979536503 0.0004409901346816299 0
0.00044730668417792 0.0007963690149773063 0
0.0006421132249897618 0.0005223385365480505 0
0.0004239978302817665 0.0002897633622384803 0
0.0006534341761766183 0.0005371578720531384 0
0.0006576009962708431 0.0002110535473783964 0
0.0007840788286523762 0.000352221520746771 0
0.0009405507684067056 0.0005559676616513488 0
0.0005780327720954911 0.0005239562478199963 0
0.0005251201544638727 0.0005415438286122649 0
0.0007274689241183749 0.0004789646286855303 0
0.000389533483883346 0.0004130723077249713 0
0.0007153563432145963 0.0005020913717332852 0
0.0005161617965504337 0.0004964206204135153 0
0.0004777012706163643 0.0005049908060562794 0
0.0009078883824160871 0.0005396896629727325 0
0.0007586648319855124 0.0004759919447007177 0
0.0006292567908807318 0.0005830506645510889 0
0.0006237806193678123 0.0005883680052796867 0
0.0005779199764761035 0.0005679505568892355 0
0.0005101954156778017 0.0004335777455431692 0
8.203619227514264e-05 0.00087867982639632 0
0.000672664493495762 0.0005193274280998044 0
0.0008345135626798342 0.0004931842877788483 0
0.0005098053635202849 0.0005184121965414231 0
0.0004188306142814275 0.0004904377687592378 0
0.0004167117876269331 0.0004841890176586165 0
0.0007265909448325625 0.0004816652446848494 0
0.0008517091266548174 0.0005350013776251348 0
0.0005570219122792705 0.0005245763638521294 0
0.0007112818323653546 0.0004573421252888184 0
0.0004638676839929589 0.0004870031059033302 0
0.000442419848713778 0.0004901626866879501 0
0.0009767929685122227 0.0005362091043281806 0
0.000406450052230517 0.0005635798856429921 0
0.0009136443030219304 0.0004429637746962983 0
0.0008151395123694813 0.0005186951231524782 0
0.000949869538414892 0.0004435312011717242 0
0.0006631767211196229 0.0005261511179191071 0
0.0008519199993723262 0.0004658577102351948 0
0.0005440522114339175 0.0006365611046247168 0
0.0004570228337142648 0.0005053270836115957 0
0.0009605149290017449 0.0003250289626717354 0
0.0004577548512873755 0.0005778560418905792 0
0.0005608280224157365 0.0006927636284327133 0
0.000481204758666967 0.0004859969905769605 0
0.00079935445554102 0.0004847563425732385 0
0.0008682069302144041 0.0005883971515671567 0
0.0001324339084313438 0.0001376098720881942 0
0.0008925169708077468 0.0005302208424023174 0
0.000892008107535779 0.0005532604969101401 0
0.0009930677336433451 0.0005440061755072032 0
0.0009319449212294164 0.0005032465050550741 0
0.0008549349541662162 0.0005144429215458535 0
0.0009940438532625904 0.000402558575130032 0
0.0008330669332082662 0.0004638862994373249 0
0.0009271295039650404 0.0005081377357952149 0
0.000505000811373189 0.0005539918883604976 0
0.0006889681436203049 0.0005314833348653979 0
0.0008524086856651974 0.0004855097412390777 0
0.0006437331914371694 0.0005392834518044579 0
0.0007777996843595309 0.0004161161371100055 0
0.0009004275433973866 0.0004420792083097457 0
0.0007617402049783283 0.0005632887030196565 0
0.0006201508375884808 0.0006943758525424247 0
0.0004679121502157293 0.0005503578634951161 0
0.0008332658096218169 0.0004231973477842502 0
0.000687612072133536 0.0004755406340330498 0
0.0008775364858344595 0.0005240525475214303 0
0.0006812707189991534 0.0008096237545609055 0
0.0004988898209699481 0.0004368505124787984 0
0.0005308787279075559 0.000480598251848803 0
0.0005875572936962466 0.0004427323021222277 0
0.0003950211129118262 0.0005137192398008557 0
0.0004094658198797786 0.0003647213354894213 0
0.0004926658088257119 0.0004667033833187389 0
0.0004812194945323589 0.0004974431552414226 0
0.0005003279730418999 0.0004930684824771245 0
0.0005162300178618913 0.0003007535279670801 0
0.0006022256389293637 0.0004340116200504973 0
0.0003370780490642964 0.0006142852693435969 0
0.0007085083201798261 0.0008808183431435837 0
0.0008360327309364402 0.000166599861831451 0
0.0004315701743947368 0.0005157409865140771 0
0.0006527526676762773 0.0004637163563514729 0
0.0004297471679458445 0.000539180801209644 0
0.0005721085205032392 0.0005156612174106609 0
0.0009270127152921121 0.0005105705600617317 0
0.0005209048705087729 0.0005059446832639125 0
0.0001459519810684244 0.0005753288137823238 0
0.0004884444600167012 0.000480433015372599 0
0.000486720049147464 0.0004769773463042726 0
0.0009192785006717151 0.0004975508692431131 0
0.0007417577396718763 0.000495794271060715 0
0.0006744121415824902 0.0004794906009654219 0
0.000984039996175981 0.0005884150360014268 0
0.0001829914729034014 0.0004528093346237448 0
0.0004550278801059151 0.0004952407920497724 0
0.0004527119834167625 0.000320900274157239 0
0.0009838700575960453 0.0004109858469035739 0
0.0006117921260034878 0.0005664065849691346 0
0.0007832057148854601 0.0004761856160679718 0
0.0007335868309654068 0.0005661023267154687 0
0.0005480947148348294 0.0004830113409684318 0
0.0004948786072366943 0.0005261865103099067 0
0.0005657280266774475 0.0004829682357297043 0
0.0009299662761823858 0.0004970871295600402 0
0.0004322897518867793 0.0005512009873891938 0
0.0005208111692009346 0.000518209997003785 0
0.0009305088117267119 0.0003988231533919332 0
0.0009317325025402148 0.0006833276360001612 0
0.0004373112974794543 0.000313982094223652 0
0.0007101211520501859 0.0005226229390665185 0
0.000981857214749457 0.0004744529324209786 0
0.0009386201921811564 0.0005346364777908993 0
0.0006764495010022798 0.0006385773788390905 0
0.0009320606469841721 0.000456602099464251 0
0.0004613894400779041 0.0004163707593756689 0
0.0005231587830945635 0.000548332841426126 0
0.0009294322831814952 0.000506733548251306 0
0.0006749623551836242 0.0004578523200141173 0
0.0008717055893474397 0.0005190695737635735 0
0.0009267032106101627 0.0005150886825740511 0
0.000517533634147097 0.0006135830953970584 0
0.0006933015774422424 0.0004088748545760068 0
0.000549442405682563 0.0006746692285480739 0
0.0006204252787798511 0.0004745329746607946 0
0.0005953381995868833 0.0004683371984146704 0
0.0003880759581124617 0.0001036346765003372 0
0.0005225462088540174 0.0004923748303624561 0
0.0008859120921660696 0.0004749846928191824 0
0.0002369739304226345 0.0005844710937015885 0
0.000727642968318665 0.0004900613251969972 0
0.0005964135309118287 0.0005888690982374796 0
0.0009892006562701107 0.0005453116756661888 0
0.0007606215244833949 0.0004543917007270695 0
0.0002637683429695081 0.0008311931011686833 0
0.0007929395143280349 0.0005105560516323623 0
0.0007505376864991758 0.0004931799882634137 0
0.0005163115697829012 0.0004584575054276593 0
0.0007276455819199969 0.0004742464712234553 0
0.0008547321326832862 0.0004766316466302529 0
0.0009577220887422024 0.0004761791148766274 0
0.0004745715367101125 0.0004950101968913441 0
0.0007578759297774779 0.0005439151912806796 0
0.0009043464792282394 0.0005459243088902365 0
0.0008817503007495967 0.0005425596650244663 0
0.0004941566765542311 0.0005293869729955369 0
0.0004399118767400441 0.0004443809988076864 0
0.0004850223163100801 0.000495227607343431 0
0.0003291789753319063 0.000642254201592429 0
0.0007474350377708637 0.0004340490154563578 0
0.0005772993659225654 0.0005395698869087155 0
0.0009724333670373034 0.0003919540289769796 0
0.0006480638710796057 0.0005593872457294292 0
0.0005257634440971309 0.0005624568881197791 0
0.0007672108336189591 0.000556457947751349 0
0.0003269839677268814 0.0005241274513668858 0
0.0008110119346328605 0.0005004532576540251 0
0.0007502449448218408 0.0005244407352841314 0
0.0005868922276652488 0.0005381952862282714 0
0.0007406078618724993 0.0007415315586871706 0
0.0007899371948350874 0.0005229696405020814 0
0.0009373583291219351 0.0005226825357666021 0
0.0004587883320904211 0.0005025419923673605 0
0.000878634005552358 0.0005288646978884563 0
0.0007871912220016454 0.0004553311542430838 0
0.0007111275228124959 0.0005024354267557836 0
0.0006897130981854518 0.0005716608694525634 0
0.0007929172308468652 0.0004574518604734527 0
0.0008018616878479144 0.0004695757888570341 0
0.0007465820690135776 0.0004841617679802466 0
0.0008097499530691542 0.0005264034977126629 0
0.0006854783610602741 0.0005118496140013718 0
0.0006504202124750572 0.0004830811338053135 0
0.0009962237972772783 0.0004850092274900041 0
0.000816726749846602 0.0005347260351635896 0
6.938201672160622e-05 0.000668178714400516 0
0.000438375953774066 0.0005166929906609934 0
0.000627541332634591 0.0004697787758252336 0
0.0004834438618131139 0.0004763390308947195 0
0.0007115944677095263 0.0005793143253910513 0
0.0006067333297928609 0.0006837673922478067 0
0.0005413423653438822 0.0005912651121358866 0
0.0006215127169705621 0.0003763317580372292 0
0.000883733706527949 0.0005563710267495345 0
0.0007808611177440899 0.0004767801592806137 0
0.0006838701133614881 0.0005298285688336343 0
0.0007474240767952789 0.0004650204824536526 0
0.0005514816604917028 0.0004140684975139304 0
0.0004941706566216471 0.0005811061757799882 0
0.0004173549790355079 0.0006231526890664031 0
0.0009422489222593406 0.0004815220986346728 0
0.000612980005965094 0.0005202536394185652 0
0.0005047589724277631 0.0005925834727733069 0
0.0005274963969377833 0.0004974447784813473 0
0.0009960523620244628 0.0005029326882587889 0
0.0005081364987433811 0.0004587785551091469 0
0.0009276661716421369 0.0005241123236858141 0
0.0004787838661800938 0.0004882801598715693 0
0.0004954436200105816 0.0004680863472310895 0
0.000436451686616797 0.0004902855091640871 0
0.0004466542310376816 0.0004925730056331578 0
0.0008016104389548871 0.0004841659923887059 0
0.0007685916433404598 0.0005305926774426958 0
0.0005246079808531251 0.0005289399239536218 0
0.0001187867234721666 0.0007925648645685081 0
0.000915004954305332 0.0004695279714137305 0
0.0005415624887773969 0.0005206676449923015 0
0.0005909050510977509 0.0004791986857642696 0
0.0008052555254472108 0.0005162344127005219 0
0.0009268898886449642 0.0005129089316301313 0
0.0009543355566265935 0.0004464456703533144 0
0.0004679045426146237 0.0004109283036713941 0
0.0009964104607703519 0.0005049414709701466 0
0.0006590091304468856 0.0005366246710714838 0
0.0007357579270231099 0.0005426255951216444 0
0.0005217872979060484 0.0005027701160657674 0
0.0008456078549691606 0.0004877688480456752 0
0.0004993824541218844 0.000972840436322202 0
0.0006775639868642895 0.0004454200494223736 0
0.0007948184528170368 0.0002428880402209739 0
0.0004672252012470646 0.0005271729046657854 0
0.0006905710428544859 0.0004374382007204303 0
0.0008037716176038134 0.0005525686216585193 0
0.0008099622336687224 0.0005964091083870548 0
0.0005698749527443254 0.0005168724330405803 0
0.00085077518994921 0.0005619455292220018 0
0.0007331767833832297 0.0005033304949616048 0
0.0004988794375790675 0.0005326060183119262 0
0.0006418235215963204 0.0004687908996731236 0
0.000513425849965502 0.0005490586050245647 0
0.0007201631272719752 0.000511187349479589 0
0.0008442158051280456 0.000565173644061347 0
0.0009044096522119702 0.0004750869924060784 0
0.0004898307620145933 0.0004686256883956825 0
0.0007091512198803128 0.000503762016304632 0
0.0004022523572739075 7.410551457046093e-05 0
0.0007535785128964731 0.0004760727089967681 0
0.0006212298394963784 0.0005326090826441124 0
0.0007035535109560404 0.0005099049326521266 0
0.0007321217290087072 0.000243520529840646 0
0.0007306589670110467 0.0004577937309731762 0
0.0004716564237661406 0.000502904618941849 0
0.0009811277447384782 0.0004224105761491155 0
0.0006921486940184166 0.0004658357702688073 0
0.0009911315710397417 0.0004474600905875375 0
0.0007137358866802113 0.0005034012050237979 0
0.0008809442360077817 0.0005819939322256193 0
0.0004688883700614123 0.0004889432052116667 0
0.0004663810916185532 0.0004879185425146882 0
0.000624158058681831 0.0005973065689213288 0
0.0004464043091277312 0.0004675240445267151 0
0.0009345402071730679 0.000517416558609745 0
0.0003100183186590001 0.0004626746060896141 0
0.0003336303362077661 0.0004483701812639117 0
0.0007690855043120607 0.0004829140207895829 0
0.0008096332279374529 0.0004707851740857492 0
0.0007297916082820384 0.0004887707571324553 0
0.0004492295877790791 0.0005070475582624522 0
0.0007798261021730972 0.0004661532072154758 0
0.0008281242877771736 0.0005289198519053786 0
0.0006618121072113726 6.848401603268367e-05 0
0.0008604112443094483 0.0004798511764471522 0
0.0009606590116559652 0.0004525284102855808 0
0.0009633136868302313 0.0004490464458750257 0
0.0004824645870586368 0.0005046547541913613 0
0.000567552450137448 0.0005180545295502015 0
0.0009171110653460091 0.0004794851808497568 0
0.0006167846883885685 0.0007929163024472382 0
0.0006310186060373177 0.0005259770954563861 0
0.0007331306584336896 0.0004653601948040046 0
0.0008368149858871192 0.0004923057066407014 0
0.0008368616032118416 0.0004495827369243939 0
0.0009147744942831561 0.0006262686426110738 0
0.0005535227928448456 0.0004398922496353011 0
0.0004990040928073944 0.0004641059399907286 0
0.0006111389120024078 0.0006063446396855888 0
0.0008951930108006359 0.0004387555988948932 0
0.0007124774197716825 0.0003868109617406732 0
0.0009000765932923194 0.0004770616386049887 0
0.0008540352189925591 0.0005265021091842298 0
0.0009946468013367282 0.0004989292037456498 0
0.0007336869832694604 0.0005570363169669098 0
0.000861747219058039 0.0007304075919813654 0
0.0009315876824184099 0.0004290018667110838 0
0.0009270572001708411 0.0004259335849865337 0
0.0009844162303132753 0.0006040339109795205 0
0.0008801974066609104 0.0004624455178375719 0
0.0007219080139656364 0.0006488880206898055 0
0.0004865665277318218 0.0004480369553700102 0
0.0009731424590309383 0.0005476865617394894 0
0.0005308331607349712 0.0004782619844669225 0
0.00066447015926182 0.0005324404762142166 0
0.0009853196655597309 0.0007321873862545919 0
0.0004830808727841167 0.0005363607458671952 0
0.000848696870219763 0.0004732598083156306 0
0.0009299467130620094 0.0004996816112340305 0
0.000645738219424788 0.0005246990860598373 0
0.0008368705636527587 0.0005243413024344223 0
0.000963705941055898 0.0004438029035612291 0
0.0006833380028131783 0.0005131974992715366 0
0.0007521414502662032 0.000477561110300958 0
0.0009520136641103063 0.0005991950511794552 0
0.0006985816533789788 0.0005269379446116281 0
0.0007885433263555392 0.0004506791357962085 0
0.0001988222609314804 0.0004320401934447353 0
0.0006106772906111343 0.0005213792472611099 0
0.0005483381753728567 0.0006577506340927553 0
0.0008164051477735417 0.0004792959350630063 0
0.000905784150714028 0.0003257511754171454 0
0.0008101185887191979 0.0004808480855398681 0
0.0008227645391182058 0.0004219258617565472 0
0.0005670565017970375 0.0001035762980309499 0
0.0005615645146803864 6.992863107900912e-05 0
0.0005847410222688193 0.000481934754111638 0
0.0004510526467905961 0.0005145001446590127 0
0.0008376409519224128 0.0005672443040976667 0
0.0004818629203940304 0.0005216284739633042 0
0.0008390945176116967 0.0003361232420473777 0
0.0006968413526926914 0.0003200703659341346 0
0.0006356888204325112 0.0005464054685689832 0
0.0008142672989292758 0.0005505158177847642 0
0.0009341395052611266 0.0005022505028135431 0
0.0008843700519959457 0.0004783035266582579 0
0.0004704569511984359 0.0004951361606266365 0
0.0007077766281750121 0.0005073548316522819 0
0.0006467441848364638 0.0004856521263906221 0
0.0004646663955593502 0.0004951600592700479 0
0.0006586225370747073 0.0005629283233323608 0
0.0001772993150093459 0.0006997099434911771 0
0.000921046882943788 0.000540966057518086 0
0.0003883588193658026 0.0005141469975309701 0
0.0004956606124607234 0.0004969453106069229 0
0.0007646582246104927 0.0007299609822794562 0
0.0003584552814577415 0.0005533417893119386 0
0.0009118451806280414 0.0005203299085656788 0
0.0006075363688814285 0.0004322281482007559 0
0.000712928861172963 0.0009353873665632282 0
0.0009244312629147816 0.0005004528922728591 0
0.0006713551278858728 0.0004675223053330106 0
0.0008133010136400054 0.0004669851347576807 0
0.0009820880442656618 0.0005761904071177094 0
0.0009670204264312515 0.0004736397208934456 0
0.0002340063359633284 0.0003988067056375673 0
0.0009731606395383557 2.63229576968994e-05 0
0.0009278045819840109 0.0003725828744918571 0
0.0008492137579435861 0.0004449034193288352 0
0.00097745325907911 0.0004672328922425587 0
0.0005694304439632813 0.0004610941433368015 0
0.0006049218742214585 0.0005252069755999361 0
0.0005755532159503271 0.0004097495087122158 0
0.0005285541260471409 0.0006399990695795909 0
0.0008866018381391268 0.0004878385107954167 0
0.0005207684914489933 0.0004820405358888334 0
0.0006585362366911413 0.0004392468108582284 0
0.0008044679774991733 0.0003278275996399354 0
0.0009074645348769051 0.0004947325439347119 0
0.0004291965436691965 0.0003778120327831293 0
0.0005829575475461374 0.0004809069478386931 0
0.0009663735186752838 0.0002788969329797306 0
0.0005517698309335199 0.0006465070805925073 0
0.0005561670391000994 0.000529032471808745 0
0.0008559401332196681 0.0004505553629713641 0
0.0005823927547416386 0.0005717490273280474 0
0.0007780801668434705 0.00047725677804969 0
0.0004259451834213454 0.0004631638906102606 0
0.0006460965934633279 0.0004558740897451538 0
0.0009693618897495777 0.0005267628391358276 0
0.0007952860992344598 0.0005096949747469153 0
0.0009197145202649983 0.0006736655252668944 0
0.0008534624116807306 0.000409055684067491 0
0.0009082166832761265 0.0004914908263341054 0
0.0005825830947469485 0.0004850850144258086 0
0.0007721951338101089 0.0005209376516987093 0
0.0008072103744292494 0.0005175881258386027 0
0.0007725239162498197 0.0004495590682473236 0
0.0008710050646978373 0.0004794045777638742 0
0.0007631975028165772 0.0005203044656006753 0
0.0005280295564577078 6.647198854857707e-05 0
0.0008546001742955377 0.0004846428258163543 0
0.0007209362687866114 0.0004821124901377083 0
0.0003678694048069203 0.0004838213299400297 0
0.0005121108248400734 0.0004606812343785399 0
0.0005198401069993738 0.000494245652565758 0
0.0005114741795201079 0.0005197249810921311 0
0.0007319640106133272 0.0004875375026598112 0
0.0009750499302842917 0.0005309775008727293 0
0.0004720147475648722 0.0005535489336733485 0
0.0003983860063318658 0.0005454142887445198 0
0.000507317055062227 0.0004729209919880732 0
0.000922097958883725 0.0005177811587652453 0
0.0009247504466537373 0.0005160438736011031 0
0.0006938576688587207 0.0004705902746792107 0
0.0004762236158665708 0.0005202683097890267 0
0.0007265945689465124 0.0005046227314367097 0
0.0005670482090683757 0.0009343348534233776 0
0.000509889079953078 0.0005257826492125515 0
0.0004543547930230659 0.0003613125478387209 0
0.0007056076981986367 0.0005086482145168272 0
0.0008229754237336884 0.0004772619457571903 0
0.0008332474512787201 0.0005783219977679895 0
0.0004999583756599349 0.0005044015002442369 0
0.0005511389272427326 0.0004784708822151442 0
0.0008192876216043246 6.937944312177994e-05 0
0.0004452783881537751 0.0005054210548089099 0
0.0005975149876382914 0.0005627279210407933 0
0.0008129832455852062 0.0004994890055349907 0
0.0006404573685219329 0.0004734299765964392 0
0.0009889936028247785 0.0004308072704042093 0
0.0005253284709206163 0.0004951112191118169 0
0.0005659629180572885 0.00045945621052595 0
0.0008402766467311578 0.0005408879301961501 0
0.0008493001298384875 0.0004707721477251967 0
0.0004824801917178213 0.0005145763859884611 0
0.0008949048230689579 0.0005320121705723439 0
0.0004988563781400298 0.000586548139778593 0
0.0004167230399705363 0.0005042849261127911 0
0.0002336703197988838 0.0008346818866635889 0
0.0007597131651123914 0.0004289414298433856 0
0.0006371041181212032 0.0004799259442707171 0
0.000435869191775969 0.0003003261300950571 0
0.0007973528343775566 0.0005500370162865978 0
0.0004529255251964709 0.0004270685927255887 0
0.0008024018287474976 0.0005753658571545451 0
0.0007935643887985177 0.0004724081111336204 0
0.0006688123854034473 0.0005540389482923066 0
0.0002159259642397629 0.0002571128464247069 0
0.0003764857044433694 0.0006596405252865542 0
0.0006470529317559035 0.0004826428968423379 0
0.0003832551529187614 0.0003367922719295417 0
0.000791446548754021 0.0008514672138523792 0
0.0004594717376632992 0.0004791689377274791 0
0.00082698802551168 0.0006700949768004538 0
0.0007342731013677171 0.0005273037424398681 0
0.0006878650160909423 0.0006438637167198824 0
0.0005308763971165219 0.0005245220623798616 0
0.0007449866959744893 0.0005997884909693008 0
0.0005410313364229251 0.000556492384020246 0
0.0009542200960586022 0.0004679223776747531 0
0.000531349608509484 0.0003677677556759911 0
0.0005023673985012692 0.0005204237250382088 0
0.0007099170660723307 0.000253929056479556 0
0.000842366673463247 0.0005360775669433048 0
0.000331713835333197 0.0005360399925421063 0
0.0007663523409294205 0.0005190600987810352 0
0.0006454125325382029 0.0004106500163218705 0
0.0005839424498819239 0.0005400582750093412 0
0.0006892446531326717 0.000487103671373326 0
0.000934785164351865 0.0005806649624958475 0
0.0005740262691579265 0.0006427816188594362 0
0.0008664715071353369 0.0005669654717013362 0
0.0003726686480017716 0.000723358748854059 0
0.0005491626387781076 0.0004717671436246434 0
0.0004484130481895643 0.0005250627781929523 0
0.0008657516353265164 0.0005108941033201664 0
0.0005008216256295196 0.0002529154563266034 0
0.0006882224050001372 0.0004283898369424164 0
0.00062247405243029 0.0003661284397607768 0
0.0009532953178033269 0.0004760590998575308 0
0.0004722834473094205 0.00049230034657418 0
0.0006441905171993949 0.0005231129661635023 0
0.0008020521794488179 0.0005867319936849855 0
0.000590241941375698 0.0005212117214326286 0
0.0008717792329238285 0.0005098279755702522 0
0.0009319545023609091 0.0005010495496096292 0
0.000581688121950696 0.0004695071341307175 0
0.0009577268571303973 0.0004494734236208875 0
0.0004566303090430769 0.0005844273209658918 0
0.0007846314405366664 0.0004464310134797497 0
0.0004512890099371063 0.0005067731902609182 0
0.0006394691497484796 0.0004559618865237267 0
0.0008794255670153879 0.0004540827279997804 0
0.0007870255450820127 0.0005307487230147926 0
0.0006336928727134186 0.00054041406958113 0
0.0008221478173888625 0.0005291924998006906 0
0.0009932799694897382 0.0004739555566267347 0
0.0005895627547960106 0.0005178639420010872 0
0.0008972863199607788 0.0005335474899577175 0
0.0003130033278283803 0.0003533434559963794 0
0.0004060998323149997 0.0008271936800236095 0
0.0008411942873642319 0.0005247748531191115 0
0.0004532038524713823 0.0004924252179376951 0
0.0005188399329881853 0.0004832053068526602 0
0.0004695186216354324 0.0004467328994741331 0
0.0008896150675833899 0.0004868774393496812 0
0.0009207893767361676 0.0006338960364774882 0
0.0009848211711591939 0.0005582960197728403 0
0.0005037398143322196 0.0005422262450083535 0
0.0007818527179040537 0.0004608296782505536 0
0.0007006940946604192 0.0005112653598464516 0
0.0006532568745710048 0.0006682133366221867 0
0.0002684452310841005 7.532243852866703e-05 0
0.0009964695135397351 0.0004826887040480471 0
0.0005656196590473883 0.0004744693604236938 0
0.000823200991831551 0.0005471002054176312 0
0.0004691637723833452 0.0004909398408316531 0
0.0008736893307280634 0.0005109435910811733 0
0.0008937037703680042 0.0009315056885462385 0
0.0005920943808314971 0.000499324394614683 0
0.0009783427679427254 0.0003588268144640592 0
0.000635353975552263 0.0005869992155240272 0
0.0007486704169971357 0.0004831571296951128 0
0.0006613728055428667 0.0004794200578144292 0
0.0006874534951749334 0.0002430009411463455 0
0.000514240799797845 0.0004865810419209112 0
0.0008545413241157013 0.0005164812872067343 0
0.0006506665810793657 0.0004581002171826413 0
0.0004215371062128662 0.0005091060388025557 0
0.0005311923708389736 0.000460025666883372 0
0.000873839530291913 0.0005144025409424 0
0.0007639847959024867 0.0003970691069777554 0
0.0004870395078700629 0.0004676546846130542 0
0.0009573693775835996 0.000551241006520218 0
0.000447361934190897 0.0004909912319415946 0
0.0006147329515073031 0.0005515822249810558 0
0.0006046867256028952 0.0003485089411435385 0
0.0008677911155063761 0.0004684826626478223 0
0.0002290620373071083 0.0003794591691343756 0
0.0005986238061527717 0.0002497478099033546 0
0.0008905447881540453 0.0007488482492769756 0
0.0006849078751364784 0.0004164223311286266 0
7.72937246235603e-05 0.0001899113607257777 0
0.0006488466010350336 0.0004818009658864144 0
0.0003508561438404472 0.0006584719011274359 0
0.0008390051921510255 0.0004915627513344933 0
0.0006708475035553572 0.0009342014300901245 0
0.0009430916150921329 0.0004659164913889998 0
0.0004144983292376771 0.0001120550178636792 0
0.0008267947986027135 0.0004555482912971382 0
0.0007425741714916071 0.0003808841748767167 0
0.0006149967418448592 0.0005214143147682551 0
0.0006167899282731857 0.000600535312903486 0
0.0007609809881008168 0.0005189224693284965 0
0.0006422564755217546 0.0003979763772607487 0
0.0004706210076771339 0.000479092827535444 0
0.000931695353325972 0.0006422126022722361 0
0.0007340593469064606 0.0004864648047183088 0
0.0006552975550804213 0.0004780929388158583 0
0.0009115649686447726 0.0004926502159586315 0
0.0008107496883773642 0.0006415100505200221 0
0.0003044854805249987 0.0002479979117715337 0
0.0009385785421972784 0.0005026932136928962 0
0.00058249524613095 0.0004875843968654076 0
0.0004935272901440461 0.0005068597634910583 0
0.0004200176492645126 0.0004823770348691753 0
0.0008058856715196035 0.0004852142721151678 0
0.0006206514360560392 0.0005377393415285794 0
0.0006989969322531261 0.0004830943649059903 0
0.00067614637268191 0.0004634693757906529 0
0.0009877164842918347 0.0002602484213476731 0
0.0008093437518000383 0.0005198554173917097 0
0.0008257871333245064 0.0005271598560556363 0
0.0006835995400149923 0.0005150871952419462 0
0.0003905147010745094 0.0005381516613474816 0
0.0008678436030420694 0.0005395891490151771 0
0.0007768898189280073 0.0005772145059793213 0
0.0006725277401090099 0.0006757661859219016 0
0.0005168151091226849 0.0004844867483351043 0
0.0004236276710443688 0.0005645204001525153 0
0.0008630841427443065 0.0004674477231468955 0
0.0006454887835450071 0.0004486705432082087 0
0.0006194505113432978 0.0004648545229449046 0
0.0005476094154458286 0.0004614317682621663 0
0.0008560266132909887 0.0004390034919863144 0
0.0005511020776137409 0.0004844647695536225 0
0.0006411229551168028 0.0003242661541619978 0
0.000580946997071637 0.0005380151042555718 0
0.0006433680723328786 0.0004848115494381535 0
0.000561231272185407 0.0004555842863418474 0
0.000865437540526564 0.0005074554688617838 0
0.0009960973838019328 0.0005142920103034293 0
0.0004749086061834239 0.0004054670268613004 0
0.0005181801253003697 0.0005202494454149703 0
0.000843813508349611 0.0004475557392527515 0
0.0008722351449981576 0.000522769908532321 0
0.0006645060739351439 0.000524368815385522 0
0.000503832328508931 0.0004394691198203429 0
0.0007474033109577821 0.0005314084614913128 0
0.0007080441711170588 0.0004556775951495189 0
0.0005547722070963064 0.0003995716508345612 0
0.0009188854917417675 0.0002511608465636445 0
0.000647103781474169 0.0004802208342483344 0
0.0005207290344207603 0.0004801586350877677 0
0.0006199398481499106 0.0005249579223024429 0
0.0008300311067685018 0.0004551647705262653 0
0.0007603466955373374 0.0004903869383027883 0
0.0007122573184905952 0.0004710551271563337 0
0.0009445526672321534 0.00048065243827134 0
0.0008931506606810755 0.0005273991735288083 0
0.0008065270779254519 0.0004712627272153734 0
0.0009209492649858396 0.0005346546814428215 0
0.0006704619289065919 0.0005203301485722839 0
0.0005474383468735504 0.00057829237451797 0
0.000265053245585049 0.0005320696774727914 0
0.0009983087809638188 0.000526766699876493 0
0.0008285039050841144 0.000550598405791263 0
0.0006480886530473855 0.0005943226403213489 0
0.0006085302278709276 0.0005224018501402285 0
0.0004769935688492101 0.0005516567698276096 0
0.0003608862440378602 0.0008983186668131866 0
0.0007974812186872916 0.000508951799096456 0
0.0009595684774948909 0.0005280748617498514 0
0.0001618715425060791 0.0001193903271401462 0
0.0008389781092151457 0.0005232369197911398 0
0.0006810028930845215 0.0005170660840145578 0
0.0005023677323406721 0.0005037269882320854 0
0.0009560932784541548 0.0005323549923335195 0
0.0008094469402825286 0.0005036027797019551 0
0.0009401097837303889 0.0004870768947377791 0
0.000606435639728093 0.0005691153638387059 0
0.0008701807277844056 0.0004879998407893987 0
0.0005389941960037214 0.0005483639939683811 0
0.0008721354763924023 0.00048705522908102 0
0.0006093149439624305 0.0005371826581393229 0
0.000505779196370598 0.0004894700025113428 0
0.0005968360051339404 0.0004754147118425729 0
0.0009080800382011292 0.0006789745023463325 0
0.0004813572936666154 0.00051796892560253 0
0.0008915996129375684 0.0004907865610451727 0
0.0006448250089720773 0.0005263897274371593 0
0.0007488737967606469 0.0004917291034617089 0
0.0004648835120570603 0.0005373470430160457 0
0.0009772684204959077 0.000523954787380718 0
0.0009306624002756262 0.0001916677723920046 0
0.0008808128441233217 0.0004906358545928647 0
0.0005111561459770814 0.0004697888327488472 0
0.0004049117359549156 0.0004765904087562377 0
0.000882533233523595 0.0004896558373846214 0
0.0005666526560456474 0.0005474547119031935 0
0.0006980804442438458 0.0004867196885160341 0
0.000808856714958007 0.0004838992430966847 0
0.0007155909478423384 0.0004348269586168172 0
0.0004676632523561625 0.0004783721858494202 0
0.0005172810907759227 0.0005395662436747835 0
0.0005090878091209091 0.000551301882917552 0
0.0007355206643410131 0.0003358318478702691 0
0.0006730778681334774 0.0005353432847208775 0
0.0003457965429034808 0.0003954103264144597 0
0.0008457105083220023 0.0004911888416202917 0
0.0006243588972454036 0.0004475943232836127 0
0.0007187108539200509 0.0004810542468207875 0
0.0004812725762288542 0.0005537898620649517 0
0.0005592417165081328 0.0003452098952846572 0
0.0006144523726945214 0.0006126408028133935 0
0.0007727869468933935 0.0005283580862375124 0
0.0004989940796112961 0.0004605464312293374 0
0.0009620226012277402 0.0007792695983437647 0
0.000996411957920708 0.0005222955169067576 0
0.0007567218282305392 0.0004727413899443541 0
0.0006169963915500178 0.0005226700334035766 0
0.0009842987593919276 0.0006129595479829194 0
0.0005414407644099977 0.0005231647365773469 0
0.0004633008120840735 0.0006053560832731252 0
0.0005823582451093816 0.0004900204341646308 0
0.0001056375645184179 0.0002979454522899225 0
0.00097033693452163 0.0004802429080670945 0
0.0007069757683421194 0.0005189576032221748 0
0.0007687581394340084 0.0005181373816638116 0
0.0007787226575347813 0.0004092488692916144 0
0.000589257121032704 0.0005009870767371776 0
0.0007867755457181375 0.0005449954796976195 0
0.0007528560201484684 0.0005607098735685384 0
0.000855314076880667 0.0004433013815799814 0
0.0002811687398303695 0.0004710020924593205 0
0.0005144262599271158 0.0004973257110995163 0
0.0008193843833582482 0.00054895617517713 0
0.0005470627604470253 0.0004721238182878161 0
0.0009191670235143357 0.000473556761800718 0
0.0006262044425035167 0.0004559425250376394 0
0.0002239048501891215 0.0008855947877296824 0
0.0006753244538912984 0.0005338126133545211 0
0.0004443042147766313 0.0005293419647998158 0
0.0008145302548981399 0.0005360350531371925 0
0.000302933455919673 0.0004739935897158611 0
0.0009013444506530996 0.0004736137526539656 0
0.0009019140425883232 0.0004161956310703704 0
0.0006934619265620454 0.0009046765192764926 0
0.0002277481211011746 0.0005551414287148203 0
0.0007860464821458444 0.000535360135439835 0
0.0006897974820531785 0.0004743471794409561 0
0.0004268884815677039 0.0002737490926696141 0
0.0007199490821282375 0.0004371448974487567 0
0.0009153618818429195 0.0004782097904286863 0
0.0003592455427213605 0.0004406165064968919 0
0.000979471746259643 0.0005605934328137878 0
0.0004719802500858126 0.0004634418732558056 0
0.0003221545182643573 0.0004631470472635297 0
0.0008072271635315829 0.0002744984879215875 0
0.0009094179905490731 0.0004449008214943097 0
0.0009143614113693199 0.0005223557556186583 0
0.000720334514133616 0.0005297286192594287 0
0.0007627377199583008 0.0005325925475422991 0
0.0007163098807418924 0.0004791079210507474 0
0.0009338023094679641 0.0007995531046065276 0
0.0008159274456318946 0.0005010747080822091 0
0.0009356872147846912 0.0005012540775170491 0
0.0008921365232867516 0.0005339514922229744 0
0.0004794500111846372 0.0003907445977496496 0
0.0008004600704770216 0.0005383545886986033 0
0.0006797823634728323 0.0006148530185365715 0
0.0009897483118971868 0.0004590097360720514 0
0.0004621587687686587 0.0004804449018051758 0
0.000485183647540311 0.0005120082833679178 0
0.0006949465124399637 0.0004858194247346414 0
0.0006334925262935524 0.0003925925428310581 0
0.0006984601952791801 0.0005308135879923516 0
0.0003881968723747162 0.0007776481473609384 0
0.0009479025508988796 0.0004749737003232637 0
0.0009931010893249031 0.0004512657108031763 0
0.0006561743639749173 0.0005986216265412238 0
0.0009948800701077541 0.0005252859945888665 0
0.0008653660081024632 0.0004692848733406503 0
0.000974111331645133 8.122736305403704e-05 0
0.000678376544927649 0.0004946557354877221 0
0.0006889786690982243 0.0004893562040841695 0
0.0004177425203221077 0.0003594379388728741 0
0.0008766723614644612 0.0005277767071442217 0
0.000366160832899151 0.0007431714094534524 0
0.0007096399104978117 0.000517227536806364 0
0.0008937864200684052 0.0004897862986616127 0
0.0006868091084815046 0.0004833004144012229 0
0.0007235124497480152 0.0004835760842168359 0
0.0007862944751765665 0.0005252606440270037 0
0.000830204627896449 0.0004747480967926018 0
0.0005564189775676582 0.000872177156551157 0
0.0008742133731988917 0.000486263927995173 0
0.0008775180544709312 0.0006186383134968305 0
0.0008205469770050702 0.0004565913905105385 0
0.0005631227631608223 0.0004187814073603934 0
0.000876050635739134 0.0004875968454663555 0
0.0009169508627760831 0.0004460705668150838 0
0.0008778022451571522 0.0004889017152383492 0
0.0004346081177482591 0.0005318114895590869 0
0.0009551458015001437 0.0004775307133885498 0
0.000513689739973857 0.0003915013683985365 0
0.0009394155172791958 0.0005241279696878901 0
0.0009964916710413639 0.0005198391342683438 0
0.0007275285271238158 0.0004926782562192517 0
0.0007681642821279908 0.0004858680274778559 0
0.0009406053743220591 0.0005615951415550797 0
0.0008047822840431291 0.0005374306100865356 0
0.0007947357791142631 0.0003477969012285248 0
0.0005146365559530927 0.0004883122832506215 0
9.453973127825271e-05 0.0008492488009386037 0
0.0005003444647764518 0.0005026083239090865 0
0.0007724616408968374 0.0002318747753217004 0
0.000725317268020807 0.0004960731617199561 0
0.0007212376892667026 0.0007469674501592121 0
0.0002813572866368034 0.0002391608307792672 0
0.0006637545343799514 0.0004426257076582701 0
0.0003454433728198693 0.000624951788451627 0
0.0006166321146661066 0.0003937891105336137 0
0.0005712240281939721 0.0005282447836317389 0
0.0005553991997967164 0.0005340394803786513 0
0.0008846822247274436 0.0004887205826378861 0
0.0004351011510863028 0.0004423460531756694 0
0.0004855954999478192 0.0006571032309158224 0
0.0005414926847758905 0.0004529779995140806 0
0.000501341003152827 0.0004750230179359802 0
0.0008311208548928712 0.0006158866084585101 0
0.000628733804716077 0.000531403611997048 0
0.0008143025625276022 0.0004625376251814054 0
0.0009583705223683006 0.0005235171149582051 0
0.0006136350005953431 6.530664021345175e-05 0
0.0004109930726467626 0.0005039465417978013 0
0.0008092535820060378 0.0005439051342882395 0
0.0004814043357970084 0.0005460281013881967 0
0.0004731752078323272 0.0005083719469764782 0
0.0007636411456891972 0.0004736238323556198 0
0.0009138189671442345 0.0007675907593415556 0
0.000369267408186869 0.0003311382468452198 0
0.0005655129597551038 0.0005190570190324677 0
0.000922682330758653 0.0004806981698104576 0
0.000843039362649466 0.000416747030156322 0
0.0004963747096704559 0.0006729556053605416 0
$EndNodes
$Elements
3 21117 9 21324
1 1 1 20
9 1 9 
10 9 10 
11 10 11 
12 11 12 
13 12 13 
14 13 14 
15 14 15 
16 15 16 
17 16 17 
18 17 18 
19 18 19 
20 19 20 
21 20 21 
22 21 22 
23 22 23 
24 23 24 
25 24 25 
26 25 26 
27 26 27 
28 27 2 
1 3 1 20
107 3 105 
108 105 106 
109 106 107 
110 107 108 
111 108 109 
112 109 110 
113 110 111 
114 111 112 
115 112 113 
116 113 114 
117 114 115 
118 115 116 
119 116 117 
120 117 118 
121 118 119 
122 119 120 
123 120 121 
124 121 122 
125 122 123 
126 123 4 
2 1 2 21077
248 4136 3891 6907 
249 6283 2227 6293 
250 6422 3277 9283 
251 5945 5944 7121 
252 1607 6599 6600 
253 6896 5770 9742 
254 2399 8627 9273 
255 6398 7091 8980 
256 671 658 7523 
257 9182 4023 9803 
258 386 383 6380 
259 298 5944 8491 
260 5135 7090 9131 
261 1265 7238 7239 
262 8738 9092 9519 
263 4991 8204 9564 
264 5156 4327 7166 
265 1826 9033 9493 
266 4562 6190 6242 
267 5619 9182 9803 
268 3858 6511 8936 
269 4570 9294 10404 
270 5729 6935 7080 
271 3409 4478 6724 
272 6640 6191 8375 
273 9142 2122 10034 
274 4616 9141 10038 
275 4452 6042 8604 
276 9177 7152 9492 
277 2016 6084 10126 
278 5982 3201 9403 
279 4356 4629 8350 
280 8778 8205 9894 
281 316 5853 6855 
282 4843 4869 6589 
283 3376 6411 7501 
284 4626 2507 6793 
285 1017 5990 6068 
286 6355 5608 6356 
287 5470 6707 9680 
288 7009 7073 9319 
289 7226 2185 8850 
290 4407 6905 8673 
291 6447 4804 9539 
292 4705 6094 6095 
293 5336 6433 6973 
294 6569 8501 8688 
295 5695 4248 7118 
296 6728 6861 8261 
297 5993 4527 6202 
298 8038 7396 8515 
299 241 7796 8520 
300 4570 6038 10168 
301 6476 3518 6654 
302 4504 6126 8271 
303 3015 5992 10332 
304 3201 5982 9845 
305 5555 9210 9824 
306 7796 6000 8520 
307 7396 7436 8515 
308 6886 4628 9303 
309 4512 6924 8771 
310 4658 6207 6208 
311 6561 6368 8582 
312 3337 6493 10122 
313 5779 5984 9390 
314 7073 6858 9319 
315 6163 4377 9704 
316 7206 5031 7753 
317 2951 5968 6231 
318 4359 6582 9139 
319 8843 8634 9819 
320 6004 2816 8990 
321 8501 1115 8688 
322 6960 5748 8808 
323 4307 6130 8009 
324 2965 6193 7708 
325 5824 3397 9873 
326 6571 256 8676 
327 2399 6129 8627 
328 7791 7037 8804 
329 911 909 7423 
330 6118 4448 7910 
331 5735 9513 9545 
332 4679 4298 8348 
333 5727 5823 9602 
334 7305 5563 8781 
335 2793 6398 8980 
336 4367 5083 6481 
337 2940 7725 9373 
338 6133 2222 7134 
339 6589 4869 6590 
340 5992 3015 7277 
341 6444 4441 6685 
342 4658 6206 6207 
343 1846 6690 9975 
344 6643 8542 8909 
345 5444 6860 8653 
346 8598 5958 9628 
347 2530 6220 6434 
348 4018 8529 8675 
349 65 66 6897 
350 5462 7286 9035 
351 1531 2492 6451 
352 6411 7208 7501 
353 3966 3011 6738 
354 5422 6636 8483 
355 629 6100 8779 
356 6536 6537 8236 
357 6228 4551 7229 
358 605 7181 8785 
359 5761 6421 6422 
360 315 6267 8273 
361 9928 9312 10009 
362 3807 3804 6650 
363 8547 5916 8774 
364 7035 8547 8774 
365 5853 316 8846 
366 3299 8427 9608 
367 3185 6329 7324 
368 7152 7153 9492 
369 6395 4626 6793 
370 4351 4412 6974 
371 6242 2891 6292 
372 3491 6645 8389 
373 6110 4483 9706 
374 3723 6344 6345 
375 6193 5204 7708 
376 3070 6463 8952 
377 262 5886 8177 
378 4271 7225 9858 
379 6712 1330 8621 
380 8334 2772 8920 
381 6598 4988 6600 
382 3204 6993 8191 
383 338 343 6614 
384 8236 6537 10489 
385 2515 6217 9688 
386 734 671 7523 
387 6028 5519 10435 
388 7327 2862 9276 
389 5685 6203 7765 
390 6014 775 7675 
391 8392 5530 8998 
392 770 772 6456 
393 8826 6768 9496 
394 6504 2741 6779 
395 4641 4338 8768 
396 6038 4570 10404 
397 5898 8341 8968 
398 2319 6431 8584 
399 6473 5274 6474 
400 7075 3854 7076 
401 506 386 6380 
402 5920 9142 10034 
403 1664 1869 6289 
404 3211 9280 9569 
405 6852 5770 6896 
406 8131 766 8163 
407 4014 6356 8580 
408 8164 9318 9605 
409 5528 8766 9495 
410 6583 3741 9221 
411 7076 3854 9388 
412 4491 5342 6082 
413 266 6148 6397 
414 8341 4854 8968 
415 6011 736 6802 
416 7328 9015 9030 
417 4248 5614 7118 
418 6750 5898 9912 
419 6486 7288 8570 
420 5898 6750 8341 
421 2454 2342 6903 
422 6722 3434 6723 
423 1018 6078 8734 
424 6202 4527 10588 
425 3397 5824 9389 
426 1675 1664 6289 
427 6362 2582 6388 
428 8488 5661 9346 
429 5413 2582 6362 
430 4545 7260 10223 
431 2583 5956 8483 
432 260 6364 7129 
433 6850 2055 8670 
434 6935 5729 9861 
435 6757 8213 9077 
436 6029 1391 8303 
437 6722 8392 8998 
438 7064 4851 7120 
439 775 6014 9191 
440 5823 5727 9386 
441 9318 5660 9605 
442 5949 6476 6654 
443 6225 352 8652 
444 4314 3337 10122 
445 459 461 7273 
446 4545 3562 7260 
447 8430 6556 9569 
448 6431 5842 8584 
449 3414 9262 10481 
450 2016 2379 6084 
451 5834 9673 9743 
452 7237 5422 8483 
453 422 7016 7039 
454 6860 2640 8653 
455 6511 6509 8936 
456 932 934 8474 
457 6974 4412 9524 
458 7062 4851 7064 
459 2122 9142 10408 
460 1391 6029 9568 
461 7822 3394 7824 
462 5405 6237 6845 
463 5968 2951 7250 
464 5779 9390 9837 
465 1645 9287 10368 
466 8433 2009 10251 
467 736 6011 6801 
468 1042 1048 8378 
469 3963 7033 7034 
470 8503 9877 10403 
471 6665 5534 6666 
472 6573 6571 8676 
473 4626 6308 7011 
474 4491 6082 6083 
475 1265 7239 7240 
476 5967 6396 9986 
477 2592 2860 8450 
478 5684 9408 9733 
479 5653 5652 9942 
480 7328 4141 9015 
481 4490 6835 7879 
482 3723 6345 7106 
483 1645 6357 8173 
484 5562 9347 9789 
485 4984 5999 6778 
486 7 182 3974 
487 4348 8359 8833 
488 7018 5945 7121 
489 1108 7625 9426 
490 3394 7822 7823 
491 5260 5274 6473 
492 6562 3150 9358 
493 4137 9111 10218 
494 4010 8851 8933 
495 8604 6042 9884 
496 5093 6088 6397 
497 766 8131 9729 
498 5546 6097 8231 
499 6298 6783 9941 
500 6339 6338 8635 
501 5848 7318 9743 
502 6353 4452 8604 
503 6486 6484 7288 
504 5840 6460 6835 
505 1857 1860 6425 
506 6449 1575 6450 
507 5990 1017 7205 
508 5370 5373 6691 
509 7276 4991 9564 
510 343 380 6614 
511 1633 5608 6355 
512 2971 6674 7713 
513 8911 5424 9275 
514 6825 5180 6826 
515 5967 5540 10167 
516 6861 5104 8261 
517 9080 8731 9384 
518 6022 6021 8317 
519 8777 5912 9487 
520 2905 6640 8375 
521 6481 5083 7202 
522 3415 6159 8172 
523 2745 6350 8631 
524 2338 2782 6716 
525 4011 6499 6619 
526 2203 2205 6505 
527 1850 6304 9310 
528 7090 7091 9131 
529 6433 2425 6973 
530 6150 2841 8832 
531 6266 4803 8749 
532 5944 298 7121 
533 8635 6338 8852 
534 4701 6061 10502 
535 6419 5789 6790 
536 7625 7206 9426 
537 240 6477 7255 
538 6281 3089 8912 
539 6305 3397 8263 
540 6170 3865 8246 
541 6504 6779 8811 
542 9029 6933 10163 
543 400 398 6633 
544 9347 8880 9789 
545 6108 14 8859 
546 1607 6600 10282 
547 4054 5740 6200 
548 4577 6230 9278 
549 6356 5608 8580 
550 9111 8902 10218 
551 4338 5565 8768 
552 3202 9029 10163 
553 4327 5645 7166 
554 450 8247 9001 
555 3348 6227 8921 
556 5463 7327 9276 
557 6100 629 9833 
558 573 2503 6902 
559 6933 9029 9352 
560 6242 6190 9415 
561 5002 5789 6419 
562 6460 5840 7135 
563 6024 3931 7029 
564 6303 6690 9974 
565 285 6245 6808 
566 6061 4701 10298 
567 6065 245 6497 
568 8247 6461 9001 
569 6368 3992 8582 
570 9729 5642 10217 
571 6954 6567 9720 
572 2443 2656 6312 
573 6308 4626 10543 
574 8675 8529 9857 
575 1139 1141 6592 
576 8373 8182 8645 
577 6145 6236 8643 
578 6273 6667 9801 
579 2469 2467 7008 
580 4483 6110 8583 
581 4271 7224 7225 
582 5097 1937 10457 
583 1085 1083 8681 
584 8971 5943 9544 
585 6286 2010 6577 
586 6368 6561 8393 
587 772 2519 6456 
588 4521 6330 8743 
589 8264 6384 8942 
590 2147 2344 6955 
591 5314 6710 8719 
592 98 8349 10178 
593 6027 306 8944 
594 481 6981 8834 
595 8427 3299 8879 
596 5642 6299 10217 
597 4804 6447 10145 
598 3891 3893 6907 
599 7879 6835 8247 
600 2996 6243 8109 
601 6098 5446 8554 
602 6827 5179 6903 
603 8817 6053 9207 
604 4628 3401 9303 
605 6923 6324 8286 
606 4006 7247 7248 
607 352 354 8652 
608 5856 9928 10009 
609 6392 6394 9621 
610 3636 8817 9207 
611 5627 6649 8356 
612 373 6216 6253 
613 7322 3224 10153 
614 3840 7234 8420 
615 6403 459 7273 
616 3028 2577 8871 
617 6112 2135 9372 
618 6445 5714 9985 
619 6171 2377 6173 
620 116 273 6342 
621 8878 6943 10464 
622 4551 6228 7230 
623 3414 6086 10385 
624 7247 4006 8666 
625 5519 6399 10435 
626 6836 6379 6951 
627 502 4512 8771 
628 6236 6145 9061 
629 6111 3142 9690 
630 6905 4407 9817 
631 6039 5514 8201 
632 2782 3301 6716 
633 3142 6111 8636 
634 3484 7094 8563 
635 3518 2815 6155 
636 5373 5389 6691 
637 3804 3803 6650 
638 2166 2397 8630 
639 3792 8546 10315 
640 6211 7556 9814 
641 6707 6514 9680 
642 4467 6052 8532 
643 6135 3854 7075 
644 7311 5697 8512 
645 3736 6951 10029 
646 284 6494 6829 
647 9498 2743 9558 
648 9210 8591 9824 
649 2277 2275 8311 
650 8514 4713 9774 
651 9033 1826 10023 
652 4846 5427 7185 
653 6539 4575 6540 
654 5645 6520 7166 
655 2530 6434 9007 
656 3022 6391 8331 
657 488 484 8854 
658 4671 8236 10489 
659 7498 1342 7499 
660 2884 6269 8781 
661 14 6108 9647 
662 3505 2658 6166 
663 6189 2457 8699 
664 5068 6286 6577 
665 4011 6619 8450 
666 6582 4359 9292 
667 2772 6226 8920 
668 7556 7555 9814 
669 4377 5439 9704 
670 6520 5645 10019 
671 7428 1260 7578 
672 8307 6671 8346 
673 4059 3753 6256 
674 4325 4575 6539 
675 6128 6384 8264 
676 5414 6111 9690 
677 6086 3414 10481 
678 6198 4543 6199 
679 6417 5002 6418 
680 6696 5711 6939 
681 4128 9277 9602 
682 4072 3005 7036 
683 3741 6583 6584 
684 7234 3840 7235 
685 2089 2093 6966 
686 5761 6420 6421 
687 2227 2203 6505 
688 6814 4470 6815 
689 5405 6218 6237 
690 8889 5636 9524 
691 6667 6668 9801 
692 5955 9332 9362 
693 2403 5780 9837 
694 9332 3552 9362 
695 3505 6166 10039 
696 7403 2940 9373 
697 2185 7226 9112 
698 6285 5280 6936 
699 8127 5834 9743 
700 115 116 6342 
701 7236 5662 8488 
702 6648 9498 9558 
703 2135 6112 10127 
704 3434 3409 6724 
705 6078 1018 10243 
706 6006 5543 8249 
707 7132 5787 8842 
708 7220 7218 7770 
709 5913 8777 8782 
710 5714 6445 9716 
711 5143 7243 8788 
712 5863 9080 9384 
713 5840 6835 9839 
714 9036 5981 9285 
715 5091 3224 7322 
716 5451 8430 9569 
717 6111 5414 10498 
718 8761 6422 9283 
719 5886 262 8226 
720 5713 8681 10524 
721 1576 1575 6449 
722 6299 5642 6300 
723 3444 6030 7258 
724 6933 4559 10163 
725 3931 6024 10356 
726 5670 8006 9566 
727 1937 6262 10457 
728 3355 5074 6218 
729 6377 6379 6836 
730 8099 4181 8100 
731 7380 7378 7540 
732 5342 6081 6082 
733 2530 1360 6220 
734 6565 8827 8946 
735 3101 3099 6396 
736 2178 6059 8347 
737 7203 1851 7351 
738 3135 6382 8967 
739 7286 3036 9035 
740 6241 2685 6805 
741 6433 5336 8762 
742 6106 5916 8381 
743 1645 8173 9287 
744 6671 3650 8281 
745 5662 5661 8488 
746 4640 4642 7187 
747 6230 5997 9278 
748 8201 5550 9113 
749 1397 6341 9150 
750 6749 4481 6750 
751 6506 8624 8677 
752 4000 6460 7135 
753 4876 8307 8346 
754 7094 5307 8563 
755 8827 1287 8946 
756 4441 5910 6685 
757 9542 8701 9974 
758 6831 5445 7050 
759 5749 7056 8801 
760 9086 5518 9183 
761 6059 2178 8396 
762 3194 3991 6233 
763 5883 8830 9121 
764 4712 4059 6256 
765 1543 1531 6451 
766 6006 8249 9658 
767 3435 8469 8471 
768 6944 6943 8878 
769 8542 296 8909 
770 1817 6274 10510 
771 1144 1146 6899 
772 5780 2403 9878 
773 6757 6759 8213 
774 3854 6135 7347 
775 6254 4480 8652 
776 5748 6223 8808 
777 1605 1610 6599 
778 8381 5916 8547 
779 7234 6754 8420 
780 7260 3562 7261 
781 6378 6374 6437 
782 6201 6202 10588 
783 8085 5647 8646 
784 3181 2592 8450 
785 9064 6136 9491 
786 3403 6145 6737 
787 6926 5958 8598 
788 7218 4838 7770 
789 5956 2583 9526 
790 6066 5528 9495 
791 7235 3840 8402 
792 6198 6197 10634 
793 6392 6393 6394 
794 2884 8472 9672 
795 4493 4494 7714 
796 5446 6098 8696 
797 6088 5710 6397 
798 8976 5744 9508 
799 6826 5180 6827 
800 2816 6004 6274 
801 3974 182 6299 
802 643 641 7824 
803 2530 8576 9427 
804 3892 5172 8937 
805 4421 5998 8791 
806 6645 3491 8388 
807 5564 5563 7305 
808 3963 7034 7036 
809 8806 5623 9040 
810 2552 6054 6333 
811 8717 5347 9492 
812 5652 9440 9942 
813 6702 2653 7060 
814 9057 3349 9422 
815 5274 6408 6475 
816 2743 9498 9571 
817 5743 7042 8262 
818 8362 7002 8496 
819 7040 5359 7041 
820 3065 6338 9331 
821 4546 5729 8847 
822 3101 6396 7049 
823 1548 7175 9231 
824 7378 2984 7540 
825 8472 2884 8781 
826 4404 4064 6953 
827 5271 6280 10474 
828 2884 2508 6269 
829 8516 5830 8560 
830 6016 3412 8059 
831 6227 7229 8921 
832 4869 4846 7185 
833 4452 6353 9624 
834 8173 6357 9884 
835 7261 3562 8464 
836 6653 6850 8670 
837 2009 8433 10355 
838 4298 5311 8348 
839 3412 6016 8061 
840 6329 3185 9771 
841 3337 3878 6493 
842 6668 6669 8282 
843 1571 8085 8646 
844 7826 7823 7827 
845 5830 8516 8561 
846 5936 3546 9749 
847 9498 5928 9571 
848 6194 277 6196 
849 1103 7236 8488 
850 3861 6878 6882 
851 6293 2227 6505 
852 5490 6270 6271 
853 4497 8826 9496 
854 7499 1342 7500 
855 6338 3065 8852 
856 4705 6095 6096 
857 7428 7578 10579 
858 5161 9045 9075 
859 8059 3412 8098 
860 4709 4708 7029 
861 5348 4399 6331 
862 6793 2884 9672 
863 4136 6907 10236 
864 1330 6712 10040 
865 4658 4446 6206 
866 5047 7104 8325 
867 2413 6847 6988 
868 270 5952 9425 
869 9802 5872 10121 
870 1541 7404 7422 
871 8060 8059 8098 
872 1670 1672 9210 
873 6218 5074 6237 
874 3689 5243 6393 
875 668 708 7072 
876 1961 6876 6877 
877 6610 1546 6901 
878 6973 6974 9524 
879 1853 1850 9310 
880 8719 6710 10113 
881 7222 3368 7347 
882 5766 9057 9422 
883 5231 6439 8589 
884 2450 6278 6279 
885 7827 7823 8210 
886 253 8018 8019 
887 8777 23 8782 
888 7208 8399 10102 
889 2837 6917 9119 
890 7314 6022 8317 
891 6024 9327 10356 
892 751 6284 6285 
893 1846 1845 6690 
894 2635 8207 9382 
895 7092 4066 7271 
896 6887 5964 9141 
897 6094 4705 10269 
898 1023 6559 8899 
899 7502 7208 10102 
900 4543 6198 10634 
901 1129 1133 6900 
902 1972 1974 7319 
903 8460 6244 10004 
904 6909 1798 10324 
905 6902 2503 9600 
906 6267 6746 8273 
907 6135 7222 7347 
908 3260 6088 8752 
909 6766 5715 8659 
910 1487 2016 10126 
911 2093 3421 6966 
912 6055 3827 6846 
913 1358 2530 9427 
914 6878 3861 6883 
915 3434 6722 8998 
916 4307 8009 8010 
917 6052 4467 8533 
918 7275 5647 10499 
919 2223 2225 7167 
920 5937 9565 9604 
921 5855 5464 8285 
922 5521 8971 9544 
923 5031 7206 7625 
924 6472 5258 6473 
925 9152 7007 9964 
926 6826 3273 8625 
927 6699 1867 8298 
928 6401 492 6402 
929 8779 6100 8912 
930 4108 6157 6165 
931 6953 6567 6954 
932 911 7423 7424 
933 8326 5668 9659 
934 6166 6167 10039 
935 7318 4507 9743 
936 6258 3253 9247 
937 8338 6447 9145 
938 8974 5113 9192 
939 7181 7182 8785 
940 3932 5548 7164 
941 6301 366 9002 
942 6088 5093 8752 
943 6666 5534 6669 
944 3472 4022 6783 
945 6168 6297 6298 
946 5766 9422 9626 
947 6042 4452 10174 
948 457 459 6403 
949 3827 6055 6057 
950 8576 2530 9007 
951 5647 7275 8646 
952 3878 3879 6491 
953 6723 3434 6724 
954 1607 1605 6599 
955 4481 6457 6751 
956 3321 3892 8937 
957 2956 6563 9576 
958 6563 2956 9648 
959 6024 5536 9327 
960 7175 7176 9231 
961 2630 6677 6914 
962 1415 1488 6702 
963 9039 5665 9040 
964 1146 1149 6899 
965 3011 3403 6738 
966 6103 6369 7122 
967 3273 6826 6827 
968 4318 6238 8736 
969 6455 4020 6456 
970 6587 4865 6588 
971 5931 2057 9642 
972 3583 5002 6417 
973 2897 6967 9110 
974 6308 6309 7011 
975 8753 2744 9512 
976 8579 4037 9677 
977 6244 940 10004 
978 6396 3184 9986 
979 6243 6530 8109 
980 4631 8468 10613 
981 7458 6118 7910 
982 8098 4181 8099 
983 5875 5684 9733 
984 7436 1202 8515 
985 6109 282 6122 
986 6369 2843 7122 
987 5618 8664 8665 
988 98 276 8349 
989 3150 1802 9358 
990 6169 5859 6672 
991 6903 5179 7100 
992 2275 2444 8311 
993 6128 3768 7104 
994 5713 6905 8681 
995 1710 2745 8631 
996 5883 4351 6974 
997 5539 6442 9948 
998 5773 5775 9202 
999 6298 6297 6783 
1000 1488 2653 6702 
1001 6705 6195 8840 
1002 5729 7080 10405 
1003 4448 6118 10101 
1004 8778 6351 10024 
1005 6682 9946 10162 
1006 6617 4382 10378 
1007 6583 9221 10029 
1008 4022 5206 6783 
1009 5816 6152 6958 
1010 2143 6315 6316 
1011 5623 8806 10063 
1012 6673 5224 8387 
1013 2414 2837 9119 
1014 266 6397 6844 
1015 2009 9757 10251 
1016 3254 6615 9269 
1017 2151 2147 6955 
1018 5256 5258 6472 
1019 9367 7416 9377 
1020 7333 9279 9561 
1021 5519 6028 9588 
1022 6177 6366 8295 
1023 6351 8778 9894 
1024 3594 4054 6200 
1025 6712 5813 10040 
1026 5298 3932 7164 
1027 2057 5931 9312 
1028 8584 5842 9781 
1029 4708 6024 7029 
1030 7404 1541 7427 
1031 1133 3298 6900 
1032 6425 1860 6928 
1033 1020 932 8474 
1034 6216 5496 6253 
1035 6192 1112 9414 
1036 1202 7436 9020 
1037 7041 5359 10484 
1038 9538 5865 9795 
1039 2443 6312 7319 
1040 9279 5746 9561 
1041 264 6103 7122 
1042 7881 5143 8788 
1043 4650 8584 9781 
1044 304 6829 6830 
1045 5330 4404 6953 
1046 5290 8429 8914 
1047 2106 4504 8271 
1048 6203 6202 7765 
1049 2529 3993 7074 
1050 1083 3111 8681 
1051 7216 4838 7218 
1052 6424 1859 6425 
1053 3397 2823 8263 
1054 6993 6997 8191 
1055 6389 4651 6414 
1056 9836 5899 9842 
1057 10262 6272 10417 
1058 7619 1202 9020 
1059 6418 5002 6419 
1060 2507 2884 6793 
1061 7288 4142 8570 
1062 6645 8388 9534 
1063 2426 616 6282 
1064 751 612 6284 
1065 2450 608 6278 
1066 7252 491 10252 
1067 5659 6831 7050 
1068 4834 4833 7120 
1069 405 6120 9450 
1070 5186 9329 9465 
1071 1849 1846 9975 
1072 5557 5013 8345 
1073 2841 6150 8833 
1074 6439 8514 9774 
1075 5518 1646 6296 
1076 1645 1641 6357 
1077 6421 3807 6650 
1078 6674 2971 7714 
1079 3253 6258 6260 
1080 360 366 6301 
1081 810 8605 8742 
1082 4258 6373 6374 
1083 6272 6585 10417 
1084 8851 5879 8933 
1085 3723 3724 6344 
1086 7187 4642 8966 
1087 6689 9542 9974 
1088 5760 5761 8761 
1089 6356 4014 9904 
1090 348 370 6437 
1091 6374 6373 6437 
1092 6574 493 9108 
1093 8833 8359 9509 
1094 2094 2091 6359 
1095 6644 7030 8596 
1096 9433 698 9830 
1097 3546 5936 9651 
1098 1202 7619 9430 
1099 8624 4260 8677 
1100 8605 6193 8742 
1101 6126 4504 9796 
1102 3792 4679 8546 
1103 5490 4381 6270 
1104 5816 6958 10130 
1105 1845 6687 6690 
1106 4988 6598 9535 
1107 6364 6365 7129 
1108 3099 3184 6396 
1109 6168 4265 6297 
1110 6134 5107 7074 
1111 6242 6292 10441 
1112 506 6837 9108 
1113 5985 258 10216 
1114 1076 9836 9842 
1115 6097 5546 8623 
1116 8479 5852 9442 
1117 4586 6283 6293 
1118 7104 3768 8325 
1119 3212 1972 7319 
1120 8370 7379 8672 
1121 3760 9152 9964 
1122 5157 6281 8912 
1123 8397 5904 9345 
1124 8830 1709 9121 
1125 7016 422 9507 
1126 66 246 6897 
1127 2940 7403 7427 
1128 6307 1260 7428 
1129 1700 1697 6845 
1130 5424 8911 9299 
1131 364 4481 6749 
1132 8857 5817 8888 
1133 262 6021 8226 
1134 5165 8201 9113 
1135 6393 5243 6394 
1136 5736 6129 9328 
1137 8374 6189 8699 
1138 5665 9039 10446 
1139 9552 7473 9686 
1140 1446 1444 8697 
1141 5805 8885 9112 
1142 8728 6085 10155 
1143 3541 2454 6903 
1144 6412 764 10231 
1145 6829 6494 6830 
1146 4838 7216 8230 
1147 8485 7331 9580 
1148 1817 2816 6274 
1149 383 381 6380 
1150 7255 6477 7266 
1151 4803 4806 8749 
1152 9404 5792 9481 
1153 9142 6037 10408 
1154 1407 1409 7289 
1155 2092 6358 6359 
1156 7250 1342 7498 
1157 1600 1798 6909 
1158 2984 7378 7379 
1159 6926 3349 9078 
1160 6690 6689 9974 
1161 8564 2825 9162 
1162 637 635 6801 
1163 1675 6289 7147 
1164 9877 5966 10403 
1165 2278 2885 7105 
1166 6649 2893 8356 
1167 8316 5704 8481 
1168 6217 2515 9468 
1169 6064 5735 9545 
1170 464 466 8254 
1171 1648 5518 9086 
1172 486 8370 8672 
1173 7035 3570 8804 
1174 2244 2153 6384 
1175 5514 6039 9421 
1176 2010 5759 6577 
1177 4473 4125 6667 
1178 6273 4473 6667 
1179 5540 5967 9986 
1180 3093 8821 8891 
1181 2342 3273 6903 
1182 1961 6875 6876 
1183 3799 5715 6766 
1184 2577 2336 8871 
1185 1479 1139 6592 
1186 9506 9211 9942 
1187 4470 6814 6816 
1188 4441 6444 9661 
1189 5502 6133 7134 
1190 6593 7206 7753 
1191 6472 6473 6838 
1192 1392 7184 8787 
1193 590 764 6412 
1194 3366 4303 8459 
1195 5107 6134 7075 
1196 5704 6205 8481 
1197 6058 5676 7023 
1198 6053 1115 8501 
1199 6177 8295 10321 
1200 4626 6395 10543 
1201 5650 5352 8826 
1202 484 491 8854 
1203 6063 1382 9265 
1204 7027 5556 8240 
1205 4146 5758 7190 
1206 5077 7437 9537 
1207 6951 6379 10029 
1208 2843 6369 6371 
1209 7350 9295 9897 
1210 4336 7305 8781 
1211 6542 8753 9512 
1212 6800 6188 9999 
1213 6681 8373 8645 
1214 9280 5451 9569 
1215 2371 8687 9572 
1216 4314 6529 8446 
1217 1115 6053 8817 
1218 6402 492 6403 
1219 8978 7165 9379 
1220 6129 5736 8627 
1221 6314 5529 9105 
1222 6237 1700 6845 
1223 6483 6484 6486 
1224 4672 6389 6414 
1225 1331 6668 8282 
1226 5993 6202 6203 
1227 312 65 6897 
1228 4629 8349 8350 
1229 400 6633 10082 
1230 6551 5474 7197 
1231 9588 6028 9680 
1232 2984 7379 8370 
1233 981 983 6810 
1234 4235 5770 6852 
1235 6610 6901 10014 
1236 3475 4984 6778 
1237 3966 6738 6739 
1238 647 645 7826 
1239 2465 2552 6333 
1240 5650 8826 9521 
1241 398 421 6633 
1242 8745 3345 9585 
1243 4622 9121 9345 
1244 9135 9229 9544 
1245 9513 3924 9545 
1246 3808 3807 6420 
1247 1697 1701 6845 
1248 5855 8285 9444 
1249 6103 264 8842 
1250 3005 3963 7036 
1251 8468 4631 8469 
1252 3579 8426 8429 
1253 6050 9433 9830 
1254 5981 9036 9064 
1255 2814 6551 7197 
1256 8919 4108 9618 
1257 7081 4595 7082 
1258 8034 6271 10262 
1259 5992 5993 10332 
1260 8397 2440 9440 
1261 2799 2783 6631 
1262 5416 5413 6362 
1263 7037 7036 8804 
1264 5760 8761 9665 
1265 8331 6391 10540 
1266 2966 9538 9795 
1267 6331 6324 6923 
1268 6081 5342 8611 
1269 2616 6922 9201 
1270 3401 1407 7289 
1271 6690 6303 9975 
1272 6120 405 10137 
1273 6961 320 6962 
1274 7042 2761 8262 
1275 2989 9404 9481 
1276 8953 1397 9150 
1277 2143 2133 6315 
1278 6629 9185 9186 
1279 6113 3184 8334 
1280 6148 266 7119 
1281 8901 6558 9143 
1282 6159 3415 8412 
1283 3518 6155 10353 
1284 909 1541 7423 
1285 3107 2469 7008 
1286 6130 4307 8011 
1287 5706 4150 6851 
1288 3570 7035 8774 
1289 3233 5054 6901 
1290 3650 6671 8307 
1291 6627 6657 9185 
1292 4258 372 6373 
1293 6330 4521 8745 
1294 4254 8878 10464 
1295 8205 3887 9894 
1296 6513 6707 9787 
1297 373 6253 6254 
1298 7033 3963 7157 
1299 6835 4490 9839 
1300 6778 5999 10526 
1301 2289 3233 6901 
1302 2641 3465 8748 
1303 5042 5801 6507 
1304 9764 5619 9803 
1305 6439 5231 8514 
1306 4796 8338 9145 
1307 9295 5905 9897 
1308 7153 8717 9492 
1309 6382 3135 6414 
1310 8592 5701 8668 
1311 9787 6707 9920 
1312 7038 5793 7325 
1313 3504 8485 9580 
1314 269 8777 9487 
1315 6300 5642 8622 
1316 3570 7791 8804 
1317 5908 8853 10467 
1318 5636 8889 9484 
1319 5952 270 10103 
1320 6892 9552 9686 
1321 6158 974 7278 
1322 3837 6372 9967 
1323 2440 8397 9345 
1324 1867 6699 6701 
1325 4150 4094 6851 
1326 6113 8334 8920 
1327 6727 109 9344 
1328 306 6027 9679 
1329 1048 8377 8378 
1330 8385 2740 9549 
1331 253 8019 9068 
1332 304 6830 10628 
1333 8219 5205 9369 
1334 3832 6213 9819 
1335 5548 7163 7164 
1336 6264 312 6265 
1337 6136 5818 9491 
1338 6389 4672 6415 
1339 6771 8839 10602 
1340 769 6136 9064 
1341 6586 4865 6587 
1342 8853 5908 9646 
1343 7004 775 9191 
1344 1549 1550 7015 
1345 2949 6386 6506 
1346 3768 6128 8264 
1347 2276 2278 7105 
1348 9422 1572 9626 
1349 6203 5685 9836 
1350 7273 481 8834 
1351 5833 9071 9371 
1352 2967 6593 7205 
1353 5085 4608 7263 
1354 8407 6866 8910 
1355 3435 8471 10159 
1356 4108 4099 9618 
1357 8687 2371 9758 
1358 6238 4318 8831 
1359 6169 624 10249 
1360 3332 4235 6852 
1361 2656 3505 6312 
1362 7104 5047 8371 
1363 6145 3403 9061 
1364 6939 5711 9724 
1365 3985 6317 6762 
1366 2075 6037 10312 
1367 1112 6192 9470 
1368 8723 5891 10258 
1369 3738 6131 10581 
1370 6513 5361 9379 
1371 466 6985 8254 
1372 282 6109 6123 
1373 8207 5677 9382 
1374 7278 4621 8452 
1375 2783 2504 6631 
1376 8431 1355 10114 
1377 90 91 6853 
1378 934 7195 8474 
1379 5304 6446 6447 
1380 5490 6271 6521 
1381 7591 5670 9566 
1382 5431 6287 10545 
1383 9045 5985 9075 
1384 2661 6441 6442 
1385 6317 2356 6570 
1386 4072 7036 7037 
1387 6280 6428 10474 
1388 7211 1132 9394 
1389 7001 7003 8682 
1390 7056 2074 8801 
1391 7216 7217 8230 
1392 5077 7426 8229 
1393 6545 6972 7159 
1394 4489 9773 9783 
1395 6151 6150 8832 
1396 9773 7222 9783 
1397 6463 3070 8619 
1398 6644 6641 7030 
1399 6271 6270 10262 
1400 6847 5211 6988 
1401 6213 3832 9738 
1402 6451 2492 10204 
1403 6316 8219 9369 
1404 7016 6036 7039 
1405 5698 8974 9192 
1406 9333 6630 9677 
1407 739 8110 8111 
1408 1859 1857 6425 
1409 3392 5110 9059 
1410 6558 6847 9143 
1411 6615 8733 9269 
1412 4317 3366 8459 
1413 5091 7323 9953 
1414 6580 5556 7027 
1415 7082 3305 8241 
1416 2640 6483 6486 
1417 2230 6347 7167 
1418 1043 1040 8665 
1419 9327 4627 10356 
1420 5348 6331 6923 
1421 4994 6488 6489 
1422 5534 6665 6762 
1423 3451 3748 6430 
1424 5039 4356 8350 
1425 6577 5759 6578 
1426 7580 6822 10452 
1427 6420 3807 6421 
1428 4627 7178 8600 
1429 3174 6426 8156 
1430 4559 6063 10163 
1431 7426 7425 8229 
1432 1811 1823 8430 
1433 5496 6216 10439 
1434 5891 8723 9782 
1435 2430 2440 6435 
1436 1851 7203 8924 
1437 6771 6772 8839 
1438 6037 2075 10408 
1439 3879 3978 6491 
1440 332 374 6405 
1441 244 90 6853 
1442 2747 8778 10024 
1443 4382 6617 8820 
1444 8230 7217 8510 
1445 5863 9384 9697 
1446 4558 4559 6933 
1447 4981 1549 7015 
1448 739 8111 8112 
1449 6630 8579 9677 
1450 8468 8406 10613 
1451 8606 6008 10440 
1452 7070 8478 9354 
1453 5694 4191 6541 
1454 4454 4243 8491 
1455 8981 5096 9788 
1456 6734 6733 7171 
1457 3927 4627 8600 
1458 6161 305 6788 
1459 2437 6547 6548 
1460 3174 8156 10522 
1461 5677 6819 9382 
1462 5022 7428 10579 
1463 6822 7580 8557 
1464 6893 318 8253 
1465 2635 6169 6672 
1466 5964 6887 8856 
1467 17 8289 9802 
1468 6942 2376 8405 
1469 5357 6868 9786 
1470 6436 2263 10316 
1471 3046 2590 6989 
1472 6902 5911 9135 
1473 1039 1042 8378 
1474 9545 2538 9693 
1475 1845 6686 6687 
1476 869 8549 9297 
1477 8535 6133 9702 
1478 663 661 9429 
1479 6463 6464 8952 
1480 7271 4066 9832 
1481 3906 6696 6939 
1482 7016 5398 8647 
1483 4000 6458 6459 
1484 7522 734 7523 
1485 352 6225 10069 
1486 7477 1347 8805 
1487 4817 6261 10625 
1488 6136 769 9065 
1489 6581 4616 10038 
1490 6549 2799 8955 
1491 8359 4348 9780 
1492 1444 3145 8697 
1493 8975 7154 9852 
1494 760 7468 9804 
1495 2426 8970 9716 
1496 1355 7155 10114 
1497 2890 6896 9742 
1498 2619 8145 8641 
1499 5968 7250 7498 
1500 8664 8458 8665 
1501 7468 760 9896 
1502 8429 8425 8914 
1503 640 642 8110 
1504 2222 6133 9428 
1505 5091 7322 7323 
1506 6339 2030 10347 
1507 1533 1049 6388 
1508 6602 6601 10160 
1509 6328 8745 9585 
1510 7292 6085 8728 
1511 5897 5896 6832 
1512 8085 1571 9429 
1513 5560 4847 6586 
1514 6605 6608 6957 
1515 6173 2377 9595 
1516 7015 6433 8762 
1517 6669 3252 8282 
1518 2299 2297 8566 
1519 2841 8833 9509 
1520 2581 2579 8569 
1521 6495 7311 8512 
1522 461 481 7273 
1523 6764 8843 9819 
1524 466 468 6985 
1525 5749 5282 7056 
1526 5113 8974 9852 
1527 6559 6560 8899 
1528 6235 5119 8435 
1529 5517 8156 9406 
1530 6064 9545 9693 
1531 5897 6832 9385 
1532 9946 6685 10162 
1533 660 8893 9864 
1534 1704 6257 6866 
1535 6906 6929 9610 
1536 6346 7134 7264 
1537 4515 7477 8805 
1538 155 156 7012 
1539 8544 3973 8545 
1540 6861 3853 8617 
1541 6414 4651 8367 
1542 5555 1670 9210 
1543 4296 8373 9811 
1544 492 457 6403 
1545 6278 758 7053 
1546 2094 6359 6728 
1547 6205 810 8481 
1548 6893 8253 9883 
1549 3341 5997 6230 
1550 6347 2230 8283 
1551 8289 5871 9802 
1552 336 338 6614 
1553 4643 7343 9791 
1554 6988 6989 9179 
1555 2800 4411 6686 
1556 6867 2277 8311 
1557 6565 2933 8587 
1558 3186 3185 7324 
1559 6319 4644 6320 
1560 6728 6359 6861 
1561 4043 6531 6532 
1562 2246 8034 10262 
1563 5274 5262 6408 
1564 4547 4546 8847 
1565 9179 6989 9180 
1566 8634 3832 9819 
1567 5245 8970 9130 
1568 9332 5955 9334 
1569 817 6413 6438 
1570 810 6205 8605 
1571 5955 6387 9334 
1572 6600 4988 9391 
1573 6967 6700 7291 
1574 7343 4643 10098 
1575 8287 4581 9396 
1576 6502 6503 9147 
1577 6555 6554 6556 
1578 5627 2126 6611 
1579 1635 1633 6355 
1580 1423 9367 9377 
1581 6334 4406 6335 
1582 3329 7235 10005 
1583 6730 1272 8387 
1584 8427 8426 9608 
1585 7403 7404 7427 
1586 9277 5337 9602 
1587 9229 5521 9544 
1588 453 455 7170 
1589 6030 3444 9504 
1590 2368 8326 9659 
1591 4483 6340 9706 
1592 1108 7624 7625 
1593 2630 1134 6676 
1594 4515 8805 9163 
1595 974 6158 7277 
1596 6158 7278 8452 
1597 6442 5466 10375 
1598 10189 6655 10353 
1599 9220 6919 9676 
1600 7235 3329 10459 
1601 1347 7477 10423 
1602 9314 9663 10111 
1603 1821 1817 10510 
1604 9074 4714 9741 
1605 6021 262 8317 
1606 6790 9603 10637 
1607 1556 5823 9386 
1608 2740 8385 10035 
1609 751 6285 6936 
1610 6904 1085 8681 
1611 8337 6588 10046 
1612 5042 6507 6508 
1613 5451 1811 8430 
1614 6567 5827 9720 
1615 3724 3727 6344 
1616 7261 9990 10181 
1617 9692 1518 9890 
1618 708 2908 7072 
1619 3286 4000 7135 
1620 245 6065 9674 
1621 1141 2892 6592 
1622 7319 6311 10322 
1623 5110 8228 9059 
1624 4865 4843 6589 
1625 624 737 10249 
1626 3993 6134 7074 
1627 5557 8345 9353 
1628 9244 5987 9721 
1629 4352 5805 6714 
1630 5813 6712 9947 
1631 6922 5523 9201 
1632 7154 8975 10109 
1633 6257 1704 6809 
1634 3738 3740 6131 
1635 2022 1859 6424 
1636 7997 3065 9331 
1637 277 6194 6704 
1638 4146 7190 10494 
1639 3112 2244 6384 
1640 2815 3325 6155 
1641 4591 8918 9435 
1642 9990 4723 10181 
1643 7425 4923 8229 
1644 2658 2660 6166 
1645 5871 5872 9802 
1646 7125 5183 8693 
1647 3811 3808 6420 
1648 6219 8564 9162 
1649 6270 6272 10262 
1650 5224 6730 8387 
1651 5327 8598 9628 
1652 1410 1408 6570 
1653 4650 557 8584 
1654 6290 575 6902 
1655 8732 5745 9013 
1656 8589 3393 8698 
1657 5063 9205 9638 
1658 5140 5142 8842 
1659 2508 2824 6269 
1660 2397 3016 8630 
1661 1937 1939 6262 
1662 3917 6536 8236 
1663 3357 3355 6218 
1664 2265 2263 6436 
1665 6133 5504 9702 
1666 1360 1362 6220 
1667 3305 7082 9008 
1668 9384 3086 9697 
1669 2989 6480 9404 
1670 1040 1044 8665 
1671 6284 6280 10054 
1672 3196 3194 6233 
1673 6148 7119 7330 
1674 6548 6547 6854 
1675 7757 5244 8281 
1676 2376 6942 10235 
1677 4480 6254 10030 
1678 2099 2096 6728 
1679 2891 2037 6292 
1680 6323 4189 6325 
1681 2661 2041 6441 
1682 2890 2754 6896 
1683 4399 4240 6331 
1684 577 575 6290 
1685 272 9802 10121 
1686 5393 5374 6733 
1687 2843 6371 7012 
1688 635 736 6801 
1689 5964 1563 10205 
1690 6802 736 6819 
1691 8213 5495 9077 
1692 6048 4493 7714 
1693 3865 4680 8246 
1694 4494 6674 7714 
1695 6466 5780 9878 
1696 6958 243 10130 
1697 641 1426 7824 
1698 5304 4858 6446 
1699 3394 643 7824 
1700 3863 3689 6393 
1701 733 8362 8496 
1702 3482 3046 6989 
1703 5295 9098 10214 
1704 6200 5740 8819 
1705 1663 1632 6518 
1706 4481 740 6457 
1707 4000 3441 6458 
1708 763 752 6465 
1709 6555 6556 8430 
1710 6283 5491 8897 
1711 4297 756 6416 
1712 6462 5069 6463 
1713 6154 9692 9890 
1714 8388 4541 9534 
1715 707 2946 6506 
1716 6033 7016 8647 
1717 9641 6020 9812 
1718 6621 32 6945 
1719 375 6749 6750 
1720 6808 6245 8944 
1721 1419 7063 7064 
1722 6907 5921 10236 
1723 8364 5757 9047 
1724 9329 5681 9465 
1725 5258 5260 6473 
1726 6657 6627 9333 
1727 6569 4260 8624 
1728 6475 6408 10193 
1729 1297 1145 6769 
1730 4412 8889 9524 
1731 4243 5499 8491 
1732 6679 3987 8517 
1733 2092 2422 6358 
1734 5061 5962 6776 
1735 2437 2433 6547 
1736 5359 7040 8227 
1737 1004 1002 8734 
1738 6941 3028 8871 
1739 8813 2042 9215 
1740 6935 3886 8602 
1741 5945 7018 9457 
1742 6352 1657 6353 
1743 2640 1462 6483 
1744 4446 4443 6206 
1745 6965 9307 10578 
1746 4994 4111 6488 
1747 3238 3234 6748 
1748 5989 4274 6781 
1749 8085 9429 9961 
1750 1612 1616 6885 
1751 2241 2338 6716 
1752 1142 1138 6765 
1753 5367 5370 6691 
1754 2450 6280 6284 
1755 6020 6806 9812 
1756 491 7252 9134 
1757 6343 3792 10315 
1758 3191 8579 9019 
1759 2297 3449 8566 
1760 770 6456 9286 
1761 6967 5790 9110 
1762 2579 3541 8569 
1763 4812 6514 6707 
1764 8549 5455 9297 
1765 5613 8800 9360 
1766 2394 2206 7157 
1767 8616 5749 8801 
1768 6474 6475 8983 
1769 7624 1108 8196 
1770 2638 2356 6317 
1771 5986 7054 9194 
1772 6909 5319 8791 
1773 5234 8976 9508 
1774 2035 2891 6640 
1775 6872 9567 9760 
1776 5280 6285 9193 
1777 6837 6574 9108 
1778 6526 9784 9889 
1779 7661 7662 8340 
1780 6372 3837 9438 
1781 6970 488 8854 
1782 5694 6541 6542 
1783 9147 6503 9419 
1784 5073 5986 9194 
1785 8990 2816 9828 
1786 2949 3317 6386 
1787 5272 5252 6467 
1788 2429 2428 8187 
1789 2891 6242 9415 
1790 3053 8404 8565 
1791 5105 8928 9418 
1792 289 6727 9499 
1793 9211 5653 9942 
1794 6775 8861 10114 
1795 3089 8779 8912 
1796 1452 8592 8668 
1797 6522 2766 10258 
1798 258 5985 9045 
1799 3150 6562 9850 
1800 8696 4074 9316 
1801 3753 3830 6256 
1802 1992 1675 7147 
1803 2225 2230 7167 
1804 4108 6165 6440 
1805 4810 4792 6512 
1806 2023 8695 9533 
1807 4812 4797 6514 
1808 6188 6800 9517 
1809 7018 254 9457 
1810 3116 2483 7209 
1811 6631 6409 8320 
1812 6687 6689 6690 
1813 3650 7757 8281 
1814 8579 6626 9019 
1815 2165 815 6438 
1816 2647 7309 9446 
1817 4260 6569 8688 
1818 2428 2779 8187 
1819 6660 5755 6661 
1820 6662 3150 6663 
1821 312 6264 7335 
1822 3511 8479 9442 
1823 6400 4863 6479 
1824 6906 2029 6929 
1825 4466 7162 9953 
1826 2682 2387 6520 
1827 1732 8234 8740 
1828 6066 9495 9875 
1829 9307 8411 10578 
1830 2166 8630 9895 
1831 3091 3106 8536 
1832 8404 6454 8565 
1833 375 6750 9912 
1834 6535 5044 6538 
1835 762 668 7072 
1836 6334 6337 6340 
1837 581 8726 9946 
1838 3461 3866 6831 
1839 6396 5339 7049 
1840 5361 8978 9379 
1841 5775 7863 9202 
1842 3335 4314 8446 
1843 8228 5110 9438 
1844 8253 318 10382 
1845 289 108 6727 
1846 6958 6152 9293 
1847 5308 4410 6846 
1848 2629 3054 6781 
1849 251 6219 9162 
1850 8897 5491 10049 
1851 4043 3921 6531 
1852 8214 6759 8694 
1853 5498 8896 10246 
1854 7003 6015 8682 
1855 5295 7138 9098 
1856 2766 6522 9820 
1857 4847 4829 6586 
1858 1961 6877 7013 
1859 6456 4020 9286 
1860 8180 4641 8768 
1861 3459 2683 7005 
1862 2754 2751 6896 
1863 9474 2561 9615 
1864 6383 3281 9225 
1865 7053 758 10646 
1866 5882 3969 6776 
1867 6382 6414 8367 
1868 1515 7011 10395 
1869 6228 6229 7230 
1870 6112 6204 10127 
1871 7385 7933 8926 
1872 6361 4062 8323 
1873 7494 4515 9163 
1874 6444 5553 7270 
1875 1841 2800 6686 
1876 1419 7064 7065 
1877 6631 8320 9685 
1878 6101 9894 9911 
1879 6324 6323 6332 
1880 9071 288 9371 
1881 2582 1533 6388 
1882 7323 7146 9953 
1883 1961 1880 6875 
1884 5958 6926 9078 
1885 2988 8231 8235 
1886 4297 6416 10108 
1887 3364 6146 10391 
1888 2223 7167 7264 
1889 6443 973 7180 
1890 3154 2839 8736 
1891 6782 5678 9337 
1892 3839 3738 10581 
1893 7624 8196 8473 
1894 6252 145 9777 
1895 6258 9247 10303 
1896 7254 476 9649 
1897 1879 1963 6862 
1898 5812 7211 9394 
1899 6442 5539 9607 
1900 6593 5990 7205 
1901 4851 7062 8999 
1902 6705 8840 9447 
1903 145 6252 9710 
1904 4581 3215 9396 
1905 4234 6527 6791 
1906 3947 5827 6567 
1907 7713 6674 8387 
1908 817 819 6413 
1909 8889 4391 9484 
1910 1447 1449 8256 
1911 7023 5676 9536 
1912 6674 6673 8387 
1913 6589 6590 6591 
1914 4607 4105 6440 
1915 7095 7094 8883 
1916 9567 5538 9760 
1917 6287 5431 7024 
1918 5110 5887 9438 
1919 2483 2788 7209 
1920 7164 6430 10611 
1921 5808 6727 9344 
1922 1346 1354 8586 
1923 5318 4144 6869 
1924 6699 8298 10284 
1925 6198 6199 6244 
1926 6640 2891 9415 
1927 8955 2799 9685 
1928 8272 1544 10125 
1929 8885 2185 9112 
1930 4630 1447 8256 
1931 990 988 7205 
1932 6292 6916 10441 
1933 1090 4616 6581 
1934 7143 371 8658 
1935 6779 5671 8811 
1936 2458 2290 6639 
1937 9495 2682 9875 
1938 5914 5913 8782 
1939 9676 419 10082 
1940 487 489 8440 
1941 6365 299 7129 
1942 5304 6447 8338 
1943 3555 6419 6790 
1944 6271 8034 10329 
1945 306 6808 8944 
1946 508 3118 8485 
1947 1002 1018 8734 
1948 6345 6347 10220 
1949 4191 3868 6541 
1950 9224 3440 10111 
1951 5828 7162 9387 
1952 8847 5729 10405 
1953 6518 1632 10655 
1954 5987 9244 10557 
1955 7134 2222 7264 
1956 2296 2298 8543 
1957 2781 3518 6476 
1958 952 954 8550 
1959 4081 4079 8445 
1960 7494 9163 9402 
1961 8459 6244 8460 
1962 2091 2092 6359 
1963 2770 2768 8506 
1964 6295 4807 10359 
1965 1522 1524 8555 
1966 1117 1534 8583 
1967 263 7125 7133 
1968 5104 6861 8617 
1969 3367 3363 8578 
1970 3399 3539 8582 
1971 8435 3344 8643 
1972 388 506 9108 
1973 4188 8312 8870 
1974 8552 4469 9767 
1975 2189 2787 6613 
1976 7997 9331 9666 
1977 4367 6481 6482 
1978 2340 2529 7074 
1979 39 279 6871 
1980 3179 3227 8554 
1981 2240 6470 9479 
1982 9333 9677 10288 
1983 6458 5069 6462 
1984 6665 3985 6762 
1985 7707 7708 8923 
1986 9894 3887 9911 
1987 2663 2667 6928 
1988 6541 3870 7267 
1989 5272 6467 6468 
1990 7207 3835 8399 
1991 8891 8821 9967 
1992 7328 5857 10245 
1993 1692 6209 9554 
1994 2747 2749 8778 
1995 4469 8552 10197 
1996 6714 5805 10036 
1997 8196 2986 8473 
1998 5205 4701 10502 
1999 2636 2495 8636 
2000 5803 5824 9873 
2001 6313 336 6614 
2002 6734 7171 9745 
2003 6812 6817 7128 
2004 7082 4595 10091 
2005 1973 1971 8669 
2006 2946 2949 6506 
2007 6366 2774 8295 
2008 2450 6279 6280 
2009 2252 2118 6772 
2010 6726 6720 10535 
2011 8428 8427 8879 
2012 6790 5789 9603 
2013 1367 1369 8598 
2014 3309 8337 10046 
2015 5446 8696 9316 
2016 5529 6314 8739 
2017 6837 506 9790 
2018 6735 1830 6820 
2019 6312 6311 7319 
2020 8587 2933 8872 
2021 6221 6222 8949 
2022 6285 6284 10054 
2023 1401 8458 8664 
2024 358 360 6301 
2025 738 8553 8783 
2026 8100 6112 9372 
2027 7707 8923 9069 
2028 6229 768 9592 
2029 3269 1622 6908 
2030 6233 3991 10630 
2031 4851 4834 7120 
2032 1646 1643 6296 
2033 334 336 6313 
2034 6993 3204 10116 
2035 346 348 6437 
2036 1641 1639 6357 
2037 4080 4082 8735 
2038 6502 1287 8827 
2039 3403 6737 6738 
2040 7662 5472 8340 
2041 2881 2795 8752 
2042 7251 3873 7253 
2043 494 487 8440 
2044 250 7204 9043 
2045 1591 1801 8618 
2046 4807 6295 7054 
2047 6208 6207 6209 
2048 1556 6558 8901 
2049 9321 1116 9762 
2050 6193 2965 8742 
2051 5787 7132 10289 
2052 7118 5614 7173 
2053 5876 7045 7046 
2054 5190 8911 9275 
2055 4079 4087 8445 
2056 7202 5083 9043 
2057 5748 9674 10037 
2058 6730 8587 8872 
2059 4049 4644 6319 
2060 1260 6307 7429 
2061 4038 6554 6555 
2062 6217 7270 9688 
2063 4694 5400 8803 
2064 546 544 8700 
2065 7426 5077 9537 
2066 6975 6863 10183 
2067 4833 5577 7120 
2068 9409 8121 9621 
2069 6358 3853 6861 
2070 3504 508 8485 
2071 3107 7006 7007 
2072 6470 2240 10087 
2073 2768 3551 8506 
2074 1804 3150 6662 
2075 6932 4558 6933 
2076 6702 7060 9914 
2077 2087 2089 6966 
2078 3596 4497 6409 
2079 599 768 6360 
2080 5407 6568 7223 
2081 5780 6466 9863 
2082 1585 1576 6449 
2083 2140 2137 8720 
2084 2630 6676 6677 
2085 4374 3591 6501 
2086 6093 1825 10510 
2087 271 19 6595 
2088 3580 4406 6334 
2089 6400 6479 6480 
2090 7523 658 9977 
2091 1716 6523 10577 
2092 3443 3876 6711 
2093 6521 6271 10329 
2094 588 586 8704 
2095 6716 3301 6717 
2096 9224 10111 10117 
2097 9185 319 9186 
2098 8611 8401 10072 
2099 559 4650 6675 
2100 7095 8883 9074 
2101 264 7132 8842 
2102 6170 9435 9885 
2103 2519 5046 6456 
2104 6531 5044 6535 
2105 7204 7202 9043 
2106 5446 3179 8554 
2107 2839 4318 8736 
2108 569 581 6682 
2109 322 323 6726 
2110 3201 6524 9403 
2111 8949 6222 9274 
2112 5202 2296 8543 
2113 2337 1874 6939 
2114 735 647 7826 
2115 3505 6310 6312 
2116 6857 6856 6859 
2117 4138 952 8550 
2118 6780 8220 8258 
2119 1981 6634 7019 
2120 8392 3134 10187 
2121 6838 6473 10195 
2122 4521 8743 8744 
2123 1589 1795 6348 
2124 6221 486 8672 
2125 6292 2661 6916 
2126 3272 1522 8555 
2127 6209 1692 10058 
2128 1134 1131 6676 
2129 3961 4189 6323 
2130 2426 6282 9130 
2131 2951 6231 6232 
2132 3552 1346 8586 
2133 8544 5296 10067 
2134 468 471 6985 
2135 5697 7311 9991 
2136 8426 3579 9608 
2137 1946 4600 7279 
2138 4617 6800 9999 
2139 4265 3468 6297 
2140 4503 5485 6466 
2141 1419 1352 7063 
2142 1123 2549 6416 
2143 6682 581 9946 
2144 5283 7350 10268 
2145 4348 8833 10010 
2146 6110 1117 8583 
2147 5918 6553 8451 
2148 3581 3583 6417 
2149 9095 803 9494 
2150 5787 5140 8842 
2151 6510 6509 6511 
2152 3363 3364 8578 
2153 1873 1981 6952 
2154 3992 3399 8582 
2155 6868 8311 9786 
2156 6343 4461 9645 
2157 2126 2120 6611 
2158 3966 6739 6740 
2159 5149 4535 6564 
2160 7101 5546 8231 
2161 9610 5102 10039 
2162 2860 4011 8450 
2163 9641 5438 9976 
2164 3253 6260 9248 
2165 1575 1543 6451 
2166 2503 6682 10162 
2167 2774 6366 8296 
2168 492 6401 7170 
2169 1352 1332 7063 
2170 2096 2094 6728 
2171 616 614 6282 
2172 612 610 6284 
2173 6302 1849 9975 
2174 608 606 6278 
2175 6377 6836 6837 
2176 1372 6934 9352 
2177 1637 1657 6352 
2178 4258 6374 6375 
2179 5560 6586 6587 
2180 7672 10057 10185 
2181 373 356 6216 
2182 3541 7100 9543 
2183 4586 4579 6283 
2184 5327 1367 8598 
2185 6252 5996 9710 
2186 6751 6457 10296 
2187 5278 6967 7291 
2188 6237 5074 6238 
2189 5804 9593 9727 
2190 1421 1430 7282 
2191 397 420 6986 
2192 6972 2245 7159 
2193 5540 6557 10167 
2194 5937 5939 9565 
2195 9374 6519 9514 
2196 5769 9474 9615 
2197 7204 250 9960 
2198 3987 6679 7290 
2199 8373 6010 9811 
2200 6787 5207 7177 
2201 6445 620 9716 
2202 6661 9758 9982 
2203 6536 6533 6537 
2204 1382 6063 9411 
2205 6512 6513 9379 
2206 575 573 6902 
2207 6712 8621 9240 
2208 2549 1125 6287 
2209 6684 7165 8708 
2210 5109 5755 6660 
2211 6691 5389 6692 
2212 2158 5112 6767 
2213 6168 6906 9610 
2214 5374 5372 6733 
2215 1860 2663 6928 
2216 9736 2518 10248 
2217 2495 3142 8636 
2218 6005 6093 10510 
2219 6447 6446 10145 
2220 3450 3451 6430 
2221 4923 7425 9261 
2222 4064 3955 6953 
2223 6210 6211 9814 
2224 5047 5048 8371 
2225 6526 5118 6632 
2226 4617 6798 6799 
2227 4043 6533 6536 
2228 5088 5085 8409 
2229 8929 892 9525 
2230 8720 2137 10202 
2231 486 6221 8949 
2232 4706 6782 9337 
2233 1815 6662 6664 
2234 6261 4817 9721 
2235 1880 1878 6875 
2236 5088 8409 10311 
2237 9312 5931 10009 
2238 3388 8216 10438 
2239 5393 6733 6734 
2240 1971 4986 8669 
2241 8156 8784 9406 
2242 2356 1410 6570 
2243 6955 2344 8585 
2244 2086 2087 6652 
2245 6008 8606 8995 
2246 4270 5061 6776 
2247 5427 5935 7185 
2248 588 8704 10448 
2249 2030 6339 10361 
2250 6442 6441 9948 
2251 2263 7156 10316 
2252 9664 170 10127 
2253 7286 5462 9844 
2254 4274 3453 6781 
2255 6170 8246 10364 
2256 4192 5693 6646 
2257 6174 6173 6709 
2258 372 344 6373 
2259 7333 5160 9279 
2260 9520 350 10069 
2261 3134 6405 10187 
2262 318 6658 10382 
2263 9593 5634 9727 
2264 6791 6527 6972 
2265 1387 1415 6702 
2266 5085 7263 8409 
2267 5695 7118 9407 
2268 7200 7201 9482 
2269 3967 5882 8153 
2270 1118 8488 9346 
2271 9532 6818 9750 
2272 6267 315 9981 
2273 1649 1648 8243 
2274 9689 6210 9814 
2275 10057 5778 10185 
2276 3234 2458 6748 
2277 3470 3472 6783 
2278 1544 8272 9699 
2279 1138 1136 6765 
2280 6713 4352 6714 
2281 6888 6498 10529 
2282 4705 6096 6262 
2283 6129 2399 10136 
2284 1145 1143 6769 
2285 6718 3134 6719 
2286 1875 1877 6634 
2287 544 2887 8700 
2288 8318 7020 8453 
2289 46 275 6940 
2290 6342 273 7194 
2291 6686 4411 6687 
2292 1287 6502 9147 
2293 4125 4124 6667 
2294 7158 5935 9511 
2295 2438 2617 6546 
2296 3757 6635 9547 
2297 5652 8397 9440 
2298 5119 6235 7271 
2299 5966 4080 8735 
2300 6986 420 7171 
2301 1127 1129 6900 
2302 2067 2078 6509 
2303 4622 5883 9121 
2304 5849 10133 10134 
2305 6419 3555 8765 
2306 6364 260 10041 
2307 2065 6509 6510 
2308 8153 5882 8754 
2309 6784 551 7014 
2310 1704 981 6810 
2311 6784 7014 9226 
2312 8970 5714 9716 
2313 2795 3260 8752 
2314 6762 6317 10462 
2315 322 6726 6853 
2316 3542 6930 6931 
2317 2813 2814 7197 
2318 7200 9482 9564 
2319 7350 5283 9295 
2320 1563 5964 8856 
2321 8368 2641 8748 
2322 6635 3757 9871 
2323 4381 4127 6270 
2324 7184 1392 9881 
2325 6680 5811 10028 
2326 3411 6410 6598 
2327 3754 4061 7038 
2328 6437 370 9639 
2329 2310 2430 6435 
2330 6727 6318 9499 
2331 5119 3173 8435 
2332 8937 5172 10641 
2333 6236 8435 8643 
2334 6323 6325 6332 
2335 8694 6759 10459 
2336 7725 4871 9373 
2337 2458 6639 6748 
2338 940 6244 8855 
2339 5356 5357 8251 
2340 7086 7283 7284 
2341 6859 4609 9102 
2342 9815 2617 10555 
2343 6464 3846 10592 
2344 2070 8616 8801 
2345 8203 6340 10347 
2346 31 32 6621 
2347 6511 3858 8937 
2348 5345 8507 8509 
2349 10160 6601 10530 
2350 1700 6237 10387 
2351 9565 1795 9604 
2352 645 3394 7826 
2353 5247 5245 9130 
2354 5811 6680 7211 
2355 6794 4302 6795 
2356 6191 6640 9415 
2357 9234 8738 9519 
2358 401 509 7043 
2359 38 39 6871 
2360 6334 6335 6337 
2361 4011 3091 8536 
2362 780 782 7250 
2363 8542 6643 9973 
2364 4425 6018 7048 
2365 115 6342 10103 
2366 815 817 6438 
2367 280 227 6976 
2368 2379 4491 6084 
2369 10133 6001 10134 
2370 7004 7002 8362 
2371 5069 3846 6464 
2372 6319 6320 6321 
2373 4994 6489 6490 
2374 8144 9117 9471 
2375 3421 6763 9640 
2376 2133 2132 6315 
2377 5249 5250 6670 
2378 6506 6386 8624 
2379 5518 6296 9397 
2380 7181 605 9840 
2381 6422 6421 6423 
2382 7029 4441 9661 
2383 393 395 6708 
2384 6771 2756 6772 
2385 9673 5850 9743 
2386 4427 4429 6710 
2387 8983 6475 9497 
2388 5178 6047 7326 
2389 1877 1879 6862 
2390 3864 6170 9885 
2391 3211 9569 9956 
2392 6546 2617 9815 
2393 6676 1132 6678 
2394 6914 6677 9763 
2395 6863 8338 10183 
2396 3388 4039 8216 
2397 5044 4325 6539 
2398 4371 5294 6990 
2399 8735 6796 10403 
2400 4193 7101 7801 
2401 37 38 6603 
2402 1634 1629 7061 
2403 7226 8850 9603 
2404 156 2843 7012 
2405 8791 5998 10619 
2406 730 1591 8618 
2407 7119 302 7330 
2408 6020 9641 9976 
2409 309 7266 9381 
2410 6038 7051 10168 
2411 9530 8060 9898 
2412 6474 5274 6475 
2413 6398 2793 8638 
2414 2549 6287 7024 
2415 4803 6266 10056 
2416 7095 9074 9741 
2417 6657 319 9185 
2418 5437 5436 8849 
2419 6884 1615 6885 
2420 3089 6281 10144 
2421 6204 9664 10127 
2422 370 350 9520 
2423 9258 8977 9825 
2424 4818 9588 9680 
2425 8886 6609 9322 
2426 2850 8795 9172 
2427 9516 3757 9547 
2428 6501 3591 10567 
2429 3870 6126 8703 
2430 7708 5204 8923 
2431 6930 4558 6932 
2432 2227 6283 8897 
2433 9470 6187 9630 
2434 6820 2647 9446 
2435 6877 6880 7013 
2436 1781 6474 8983 
2437 1718 1716 10577 
2438 6196 277 10434 
2439 26 319 6657 
2440 2418 2741 6638 
2441 5921 9924 10236 
2442 6636 2583 8483 
2443 2683 2872 7005 
2444 1259 8265 9106 
2445 2861 943 6804 
2446 3127 3129 6653 
2447 7297 2541 8245 
2448 5914 8782 10288 
2449 6981 481 8254 
2450 6430 3748 9342 
2451 6280 6279 6428 
2452 1427 1515 10395 
2453 5800 7442 10294 
2454 7514 4177 7933 
2455 6340 6337 10347 
2456 1003 6385 10093 
2457 4583 6430 7164 
2458 7006 3107 7008 
2459 5725 5726 10108 
2460 1328 1349 6754 
2461 3963 2394 7157 
2462 7212 8487 8797 
2463 6049 7729 7730 
2464 107 289 6658 
2465 2933 6565 8946 
2466 8172 6159 10325 
2467 5627 6611 9232 
2468 6280 5271 10054 
2469 6375 6374 6376 
2470 10044 6864 10331 
2471 739 640 8110 
2472 7684 7687 8518 
2473 127 284 6829 
2474 6352 6353 8604 
2475 285 236 6828 
2476 6467 5275 6470 
2477 471 6984 6985 
2478 5828 9387 9965 
2479 330 332 6405 
2480 6120 5682 9450 
2481 925 923 8741 
2482 5852 8479 8480 
2483 4679 8348 9499 
2484 9924 6060 10236 
2485 2892 1144 6899 
2486 923 941 8741 
2487 6315 7310 10278 
2488 8529 4018 9510 
2489 1112 9470 9630 
2490 973 6443 9250 
2491 6470 5275 6471 
2492 3122 2619 8641 
2493 4543 3594 6200 
2494 2239 2456 6681 
2495 6618 6617 10378 
2496 18 271 8289 
2497 2872 7000 7005 
2498 1622 1604 6908 
2499 1394 1396 6697 
2500 481 464 8254 
2501 7254 7252 10252 
2502 6245 285 9100 
2503 6474 1781 10195 
2504 6493 6492 9900 
2505 2122 2082 7042 
2506 6802 6819 10140 
2507 9681 1269 9700 
2508 9217 2515 9688 
2509 3894 6991 6992 
2510 8257 6185 8374 
2511 8434 5971 8802 
2512 4616 6887 9141 
2513 3741 6584 9237 
2514 6526 8330 9784 
2515 5613 6052 8800 
2516 6692 5389 6693 
2517 6853 6726 10535 
2518 5793 7038 9931 
2519 2756 2252 6772 
2520 1466 1546 6610 
2521 137 138 6641 
2522 5859 6169 10249 
2523 8478 5152 9354 
2524 5275 5256 6472 
2525 8033 2999 8165 
2526 9647 6107 10376 
2527 7008 2467 9024 
2528 6715 2241 6716 
2529 8868 8727 9580 
2530 5411 7297 8245 
2531 5364 5367 6683 
2532 6337 6335 6338 
2533 4612 6391 9378 
2534 8257 2905 8375 
2535 6908 6909 8791 
2536 4588 5748 10037 
2537 6078 6367 8734 
2538 6296 1645 10368 
2539 5187 8732 9013 
2540 2114 7161 10506 
2541 7442 5800 9357 
2542 6558 1556 9386 
2543 2058 2061 6915 
2544 6840 2008 6842 
2545 4595 7081 7083 
2546 5485 5486 9097 
2547 3886 6935 9861 
2548 6683 5367 6691 
2549 3255 8183 9204 
2550 8060 8099 9898 
2551 6320 4644 10658 
2552 108 109 6727 
2553 328 3134 6718 
2554 6265 312 6897 
2555 2304 8629 8640 
2556 6724 4478 10226 
2557 1625 6597 10582 
2558 5249 6671 8281 
2559 6622 6621 9138 
2560 5857 10009 10192 
2561 6507 5801 8327 
2562 9454 6061 10298 
2563 6377 6837 9790 
2564 1794 8503 10403 
2565 6480 2989 9436 
2566 1582 1994 6731 
2567 7094 3484 8883 
2568 1874 1872 6939 
2569 4190 8318 8453 
2570 5817 8857 9993 
2571 7458 7910 8628 
2572 1974 2443 7319 
2573 4863 4848 6479 
2574 2446 9177 9492 
2575 1815 6664 10453 
2576 320 232 6789 
2577 131 321 6788 
2578 6957 6608 9353 
2579 5319 4421 8791 
2580 1550 1555 7015 
2581 6634 1877 6862 
2582 775 7004 10279 
2583 7106 6345 10220 
2584 303 9050 10406 
2585 592 6320 10658 
2586 3716 8407 8910 
2587 5249 6670 6671 
2588 2352 1992 7147 
2589 6387 1224 9334 
2590 5160 7333 10455 
2591 1871 1873 6952 
2592 2100 2098 2102 
2593 2097 2096 2098 
2594 2103 2102 2104 
2595 3463 4352 6713 
2596 7086 7282 7283 
2597 2885 6987 7105 
2598 129 305 6807 
2599 306 234 6808 
2600 7279 4600 10281 
2601 2105 2104 2106 
2602 2083 2079 2084 
2603 2086 2084 2087 
2604 637 6801 8329 
2605 2095 2094 2096 
2606 1964 2241 6715 
2607 6377 6376 6379 
2608 5649 8679 9391 
2609 6810 983 10544 
2610 395 397 6986 
2611 2457 6189 9619 
2612 1139 1138 1140 
2613 1141 1140 1143 
2614 1144 1143 1145 
2615 1137 1136 1138 
2616 6364 10041 10328 
2617 1135 1134 1136 
2618 2131 2130 2132 
2619 4711 4710 5959 
2620 636 638 8113 
2621 2129 2128 2130 
2622 4043 6532 6533 
2623 4060 4059 4710 
2624 3235 3234 3236 
2625 1291 1290 1292 
2626 1328 1292 1332 
2627 1201 369 1290 
2628 6230 4577 9888 
2629 3750 3749 3751 
2630 45 46 6940 
2631 368 367 369 
2632 3869 4416 7161 
2633 5108 5109 6660 
2634 6426 3174 8997 
2635 3450 3157 3451 
2636 5377 5376 5378 
2637 2127 3938 7159 
2638 4192 4191 5693 
2639 6385 1003 9845 
2640 3397 6305 9873 
2641 7085 1421 7282 
2642 4848 4847 5559 
2643 5375 5374 5376 
2644 1630 1633 1635 
2645 5303 8556 9775 
2646 1625 1629 1630 
2647 6156 10189 10353 
2648 2165 6438 6439 
2649 2463 2465 6333 
2650 2078 2074 2079 
2651 1623 1624 1625 
2652 4427 4426 4428 
2653 4429 4428 4647 
2654 1610 3411 6599 
2655 4425 4234 4426 
2656 2030 8203 10347 
2657 393 392 394 
2658 395 394 396 
2659 391 390 392 
2660 397 396 398 
2661 399 398 400 
2662 401 400 402 
2663 403 402 404 
2664 660 9864 10490 
2665 389 388 390 
2666 8861 8431 10114 
2667 227 228 6976 
2668 4233 4034 4234 
2669 6270 4473 6272 
2670 6649 5627 9232 
2671 973 947 7180 
2672 6647 6646 6648 
2673 2127 2126 2128 
2674 3465 4553 8748 
2675 5501 5753 5754 
2676 9540 6585 9801 
2677 2813 2798 2814 
2678 6857 6859 9102 
2679 3669 453 7170 
2680 455 492 7170 
2681 3156 2850 3157 
2682 4638 2842 5458 
2683 3869 3868 4191 
2684 2800 2801 2802 
2685 2262 4597 5834 
2686 5909 5071 8746 
2687 2279 2277 6867 
2688 2784 2783 2798 
2689 2112 2111 2115 
2690 6866 6257 8910 
2691 2093 2091 2094 
2692 2347 2625 6787 
2693 1860 2662 2663 
2694 1133 1131 1134 
2695 3754 3753 4059 
2696 387 386 388 
2697 1460 2640 6860 
2698 6315 2687 7310 
2699 6856 287 6859 
2700 6611 2114 10506 
2701 3748 3747 3749 
2702 3233 2458 3234 
2703 1569 1568 1710 
2704 6708 8443 9507 
2705 6964 6620 6965 
2706 5732 5784 6381 
2707 6373 346 6437 
2708 366 362 367 
2709 6216 358 6301 
2710 1501 1500 1568 
2711 6099 1275 10256 
2712 5431 5430 7024 
2713 1879 1878 1880 
2714 1877 1876 1878 
2715 1881 1880 1882 
2716 1875 1874 1876 
2717 1643 1645 6296 
2718 6290 6902 9135 
2719 1639 6352 6357 
2720 1873 1872 1874 
2721 5373 5372 5374 
2722 4107 4150 5108 
2723 5827 3945 7169 
2724 343 340 344 
2725 4617 3795 6798 
2726 3512 6212 9622 
2727 4830 4829 4847 
2728 5168 5169 6086 
2729 6275 8859 10121 
2730 4451 5348 5349 
2731 8854 9134 10271 
2732 374 334 6313 
2733 2766 8723 10258 
2734 6679 8517 9763 
2735 5739 5738 6029 
2736 6678 1132 7211 
2737 1610 1622 1623 
2738 1879 1880 1881 
2739 1877 1878 1879 
2740 1875 1876 1877 
2741 1873 1874 1875 
2742 6287 6900 10545 
2743 1849 6302 10064 
2744 6086 5169 6087 
2745 5330 6953 6954 
2746 3733 3735 9317 
2747 1871 1872 1873 
2748 4022 3881 4034 
2749 5485 5185 5486 
2750 6921 6919 9220 
2751 1871 1870 1872 
2752 4336 4049 6319 
2753 6483 1993 6484 
2754 6375 6376 6377 
2755 1716 1715 1731 
2756 1569 1710 1711 
2757 476 7254 10252 
2758 2505 6409 6631 
2759 1501 1568 1569 
2760 4239 6323 6324 
2761 4638 6026 7179 
2762 6482 5663 9929 
2763 2206 2204 7157 
2764 5061 5719 5919 
2765 1841 2317 2800 
2766 6009 6711 6712 
2767 4657 4658 4659 
2768 4491 2383 5342 
2769 2782 2504 2783 
2770 7619 2976 9430 
2771 5168 4274 5169 
2772 6018 6710 9601 
2773 5913 5912 8777 
2774 6796 6795 9320 
2775 642 8109 8110 
2776 4568 7281 8275 
2777 5571 9004 9325 
2778 3436 6995 6998 
2779 10051 7471 10131 
2780 6805 2685 9573 
2781 6316 6315 10278 
2782 7326 6047 8796 
2783 5678 5487 6127 
2784 9592 2900 10157 
2785 2752 2751 2754 
2786 4852 4853 6863 
2787 4483 3580 6334 
2788 9090 6213 9738 
2789 6995 3436 7144 
2790 1825 1821 10510 
2791 1488 1500 1501 
2792 3066 6656 8223 
2793 4609 6859 9170 
2794 5163 5965 6619 
2795 7083 7081 7196 
2796 1488 1486 1500 
2797 4442 5405 6121 
2798 5418 5419 5420 
2799 2784 2798 2813 
2800 2986 7793 8473 
2801 8256 2905 8257 
2802 4483 6334 6340 
2803 6787 7177 10444 
2804 5678 6127 6159 
2805 401 402 403 
2806 399 400 401 
2807 397 398 399 
2808 1742 6581 6582 
2809 395 396 397 
2810 5163 5164 5165 
2811 393 394 395 
2812 4245 4274 5168 
2813 5183 7125 9916 
2814 391 392 393 
2815 389 390 391 
2816 1714 1715 1716 
2817 4591 9435 10364 
2818 2782 2783 2784 
2819 4427 4428 4429 
2820 4425 4426 4427 
2821 4233 4234 4425 
2822 6497 245 9938 
2823 3383 6883 9806 
2824 2800 2317 2801 
2825 6862 1963 9124 
2826 5061 5060 5719 
2827 5162 3448 5163 
2828 6093 6005 10274 
2829 387 388 389 
2830 6750 4481 6751 
2831 5402 3013 7189 
2832 1828 1870 1871 
2833 3527 4257 8398 
2834 6954 2151 6955 
2835 288 120 6855 
2836 9523 3309 10046 
2837 12 287 6856 
2838 1630 1629 1633 
2839 2269 2280 7020 
2840 1625 1624 1629 
2841 614 751 6282 
2842 4177 7514 7934 
2843 6434 6220 10463 
2844 610 2450 6284 
2845 4022 4034 4233 
2846 5857 10192 10245 
2847 6593 2967 7206 
2848 606 758 6278 
2849 5890 5490 6521 
2850 5999 10272 10483 
2851 6677 6679 9763 
2852 6155 6156 10353 
2853 1744 2289 6901 
2854 586 584 8280 
2855 6399 4960 10435 
2856 941 6454 8914 
2857 5486 9096 9097 
2858 1146 1145 1147 
2859 5377 5378 5379 
2860 1623 1622 1624 
2861 4094 4086 6851 
2862 8428 8864 9238 
2863 5375 5376 5377 
2864 3900 6573 8676 
2865 4679 6318 8546 
2866 5739 6029 8303 
2867 5108 4150 5109 
2868 5474 6551 8724 
2869 2378 6415 9560 
2870 7933 4177 8926 
2871 343 344 372 
2872 374 6313 6314 
2873 5492 5495 7017 
2874 4480 6225 8652 
2875 3156 3157 3450 
2876 8454 8806 9040 
2877 5373 5374 5375 
2878 8204 7200 9564 
2879 4613 3497 4614 
2880 2361 2496 6864 
2881 4830 4847 4848 
2882 3878 6491 10533 
2883 1328 1332 1349 
2884 1291 1292 1328 
2885 1201 1290 1291 
2886 6450 6452 6453 
2887 368 369 1201 
2888 6157 4108 8919 
2889 7276 7275 10499 
2890 3751 3754 7038 
2891 8312 5312 8870 
2892 2552 2809 5675 
2893 4790 4810 6684 
2894 6294 6293 6505 
2895 4535 4533 6564 
2896 7039 6036 7109 
2897 8930 765 8964 
2898 928 930 8712 
2899 6226 2772 10065 
2900 2271 7020 7021 
2901 150 151 6785 
2902 366 367 368 
2903 1142 6765 6913 
2904 6687 4411 6688 
2905 9127 310 10595 
2906 3748 3749 3750 
2907 7801 7101 8231 
2908 4711 5959 5960 
2909 1066 1064 6887 
2910 5889 4669 6843 
2911 4060 4710 4711 
2912 853 2008 6840 
2913 8569 3541 9543 
2914 9500 5775 9739 
2915 6905 5713 8673 
2916 3542 3543 6930 
2917 2741 6504 8633 
2918 1184 1182 7429 
2919 385 386 387 
2920 5876 7046 10585 
2921 6781 3054 10528 
2922 8616 5929 9713 
2923 6603 38 6871 
2924 5755 5707 5756 
2925 3754 4059 4060 
2926 4015 6854 9252 
2927 6512 4812 6513 
2928 5501 5049 5753 
2929 3233 3234 3235 
2930 9408 4578 9733 
2931 6345 6346 6347 
2932 1349 1332 1352 
2933 1144 1145 1146 
2934 1141 1143 1144 
2935 1139 1140 1141 
2936 1137 1138 1139 
2937 6548 6854 10071 
2938 1135 1136 1137 
2939 3124 4371 6990 
2940 1800 1799 6950 
2941 3235 3236 3237 
2942 1087 1085 6904 
2943 2093 2094 2095 
2944 8795 5700 9172 
2945 1133 1134 1135 
2946 7794 7793 8689 
2947 3061 3332 6852 
2948 5693 5928 9498 
2949 7078 6035 7331 
2950 6132 6293 6294 
2951 6359 6358 6861 
2952 907 905 7427 
2953 8291 7317 8573 
2954 2848 2850 3156 
2955 8509 8507 10138 
2956 7133 7125 8693 
2957 399 401 7043 
2958 6168 6298 6906 
2959 3894 6990 6991 
2960 4093 4302 6794 
2961 1615 1612 6885 
2962 6819 631 9382 
2963 4235 4035 4486 
2964 1409 1424 7289 
2965 6652 2087 6966 
2966 2095 2096 2097 
2967 4233 4425 7048 
2968 2685 6241 9002 
2969 5430 5723 7024 
2970 7237 6111 10498 
2971 4127 4473 6270 
2972 5909 8746 9563 
2973 8659 5715 10132 
2974 5489 5490 5890 
2975 5869 6925 9723 
2976 4506 5049 5501 
2977 8441 5881 9923 
2978 10145 6956 10436 
2979 5693 5694 5928 
2980 5109 5707 5755 
2981 4583 3450 6430 
2982 381 372 4258 
2983 7607 10051 10131 
2984 6345 5503 6346 
2985 4127 4125 4473 
2986 6132 4586 6293 
2987 6167 4265 6168 
2988 6741 6862 9124 
2989 3988 3986 4124 
2990 2115 2886 3868 
2991 5943 8280 9544 
2992 1714 1711 1715 
2993 6444 7270 9661 
2994 3440 9314 10111 
2995 1275 6099 10241 
2996 385 383 386 
2997 2377 6171 8995 
2998 3988 4124 4125 
2999 3030 3028 6941 
3000 2848 2493 2850 
3001 4554 5796 6098 
3002 7793 2986 8689 
3003 5489 4381 5490 
3004 2097 2098 2100 
3005 5861 7163 9616 
3006 590 588 764 
3007 595 593 2900 
3008 6794 6795 6796 
3009 599 597 768 
3010 601 599 6360 
3011 606 603 758 
3012 610 608 2450 
3013 6244 6199 8855 
3014 614 612 751 
3015 618 616 2426 
3016 624 622 737 
3017 628 626 2635 
3018 6350 2745 10024 
3019 5663 6482 10083 
3020 1828 1819 1870 
3021 6320 592 9950 
3022 5882 6776 10504 
3023 6248 5420 6250 
3024 6391 4590 6392 
3025 5458 5459 6213 
3026 1629 1624 7061 
3027 2727 5023 7310 
3028 7055 8947 9281 
3029 2976 7619 9662 
3030 584 582 2402 
3031 3184 2871 8334 
3032 6597 1625 8702 
3033 2461 2463 3853 
3034 2137 2133 2143 
3035 1415 1486 1488 
3036 5760 4436 5761 
3037 4270 5060 5061 
3038 7000 2872 7320 
3039 5018 5332 6145 
3040 4667 4571 6128 
3041 5118 4368 5854 
3042 4245 3453 4274 
3043 5150 4699 6111 
3044 6439 6438 8589 
3045 3568 3247 3985 
3046 2814 6550 6551 
3047 6540 8882 9922 
3048 354 373 8652 
3049 2749 2751 2752 
3050 1383 1387 4263 
3051 1592 1589 6348 
3052 1589 1587 1795 
3053 5307 3263 8563 
3054 4602 5487 5678 
3055 4442 4223 5405 
3056 5418 5416 5419 
3057 2132 2134 2687 
3058 1966 4704 4705 
3059 2338 2504 2782 
3060 2307 2507 4626 
3061 1841 1838 2317 
3062 4554 6098 8554 
3063 6557 5213 6558 
3064 4239 3961 6323 
3065 3549 3580 4483 
3066 2504 2505 6631 
3067 5159 4192 6646 
3068 2487 2086 6652 
3069 6601 5348 10530 
3070 2169 2142 2170 
3071 6780 5079 8220 
3072 3472 3881 4022 
3073 5030 8961 9129 
3074 3468 3470 6297 
3075 4503 5185 5485 
3076 8220 3867 8258 
3077 7238 1265 10264 
3078 1637 1635 1657 
3079 5309 5818 6136 
3080 3886 2831 8602 
3081 5798 5512 6129 
3082 1836 1834 2561 
3083 6367 3225 8734 
3084 4038 6553 6554 
3085 6086 6087 10385 
3086 4657 4446 4658 
3087 3961 3478 4189 
3088 2379 2383 4491 
3089 6765 2630 6914 
3090 3568 3985 3986 
3091 490 488 6970 
3092 3298 7158 9511 
3093 1600 1598 1798 
3094 4403 4064 4404 
3095 6333 6054 9918 
3096 1610 1604 1622 
3097 8294 3425 9009 
3098 6405 374 9105 
3099 7267 5754 7268 
3100 3290 3468 4265 
3101 344 346 6373 
3102 4322 4503 6466 
3103 3486 4049 4336 
3104 5732 5349 5784 
3105 3099 2871 3184 
3106 2109 2107 2111 
3107 4105 4101 6440 
3108 2078 2079 2083 
3109 338 340 343 
3110 2687 2688 2689 
3111 3332 4035 4235 
3112 3451 3747 3748 
3113 4107 4094 4150 
3114 5370 5372 5373 
3115 1639 1637 6352 
3116 4680 4681 7194 
3117 2100 2102 2103 
3118 1643 1641 1645 
3119 2125 2120 2126 
3120 5156 7166 9459 
3121 1648 1646 5518 
3122 4119 5738 5739 
3123 6450 6451 6452 
3124 6639 6638 8845 
3125 3596 4496 4497 
3126 6179 6192 6366 
3127 4451 4399 5348 
3128 3894 6992 7144 
3129 348 350 370 
3130 354 356 373 
3131 332 334 374 
3132 6058 7078 7331 
3133 3751 3753 3754 
3134 356 358 6216 
3135 4821 4829 4830 
3136 6708 395 6986 
3137 360 362 366 
3138 2500 2489 2842 
3139 4287 5502 5503 
3140 586 8280 8704 
3141 2089 2091 2093 
3142 4579 5491 6283 
3143 4410 6055 6846 
3144 4984 5932 5999 
3145 3184 6113 9986 
3146 2432 2433 2437 
3147 5296 6938 10067 
3148 87 293 7099 
3149 6931 6934 6935 
3150 2065 2066 2067 
3151 5379 5378 5380 
3152 4121 4579 4586 
3153 3750 7038 7325 
3154 5231 8589 8698 
3155 6877 6876 6878 
3156 4128 9602 10100 
3157 6667 6666 6668 
3158 2083 2084 2086 
3159 2289 2458 3233 
3160 2131 2132 2133 
3161 8480 1382 9411 
3162 7055 1592 8947 
3163 2129 2130 2131 
3164 5929 8616 10312 
3165 1125 1127 6287 
3166 1129 1131 1133 
3167 3703 3701 7079 
3168 8928 7337 9418 
3169 2106 2110 4504 
3170 4000 6459 6460 
3171 2087 2088 2089 
3172 2127 2128 2129 
3173 1123 1125 2549 
3174 1376 3349 6926 
3175 4317 8460 8461 
3176 2103 2104 2105 
3177 2430 2431 2432 
3178 1860 1856 2662 
3179 7402 9321 9762 
3180 6806 4545 10223 
3181 5994 6635 8959 
3182 6754 1349 8420 
3183 4619 5874 5927 
3184 1628 1618 6884 
3185 3868 3870 6541 
3186 7294 5323 9983 
3187 5118 5854 6632 
3188 6450 1575 6451 
3189 5852 8480 9411 
3190 7073 7009 9643 
3191 7794 8689 8929 
3192 638 739 8113 
3193 4638 5458 6025 
3194 7087 299 9451 
3195 9793 5829 10343 
3196 2726 2725 8498 
3197 9317 3735 10362 
3198 7108 6224 9708 
3199 4848 5559 6479 
3200 2067 2074 2078 
3201 4120 2758 6771 
3202 652 9500 9739 
3203 5513 5798 6987 
3204 4434 3843 6773 
3205 2057 2058 6915 
3206 3827 6057 8419 
3207 2503 571 6682 
3208 167 168 8011 
3209 2262 2260 4597 
3210 2145 1666 3448 
3211 767 561 6675 
3212 4960 6399 10259 
3213 2319 553 6784 
3214 2269 2268 2280 
3215 1815 1806 6662 
3216 7014 5189 9226 
3217 2947 2945 7059 
3218 2010 4981 5759 
3219 7284 3720 8597 
3220 5966 8735 10403 
3221 3991 3192 6761 
3222 3054 2442 6760 
3223 651 7417 9367 
3224 2105 2106 2107 
3225 6931 6932 6934 
3226 6694 6693 6695 
3227 4644 5991 10658 
3228 3185 2448 6613 
3229 6435 2440 9345 
3230 2787 2146 6735 
3231 2067 2068 2074 
3232 9940 6102 10003 
3233 6622 9138 10508 
3234 3869 4191 4192 
3235 5774 6904 6905 
3236 2725 7308 8498 
3237 3549 4483 8583 
3238 1742 1092 6581 
3239 6990 5294 6991 
3240 3853 2463 6333 
3241 3955 3949 6567 
3242 1731 4669 5889 
3243 8896 5498 9913 
3244 2576 4038 6555 
3245 1793 1581 7051 
3246 1596 1593 7055 
3247 8509 10138 10558 
3248 5121 7108 9708 
3249 4073 4072 8274 
3250 9390 2154 9837 
3251 4250 5044 6531 
3252 3919 4043 6536 
3253 7165 4949 8708 
3254 4461 6343 10315 
3255 6525 4302 9788 
3256 8795 2247 10317 
3257 6083 6082 9813 
3258 2689 2690 2691 
3259 2125 2126 2127 
3260 6111 4699 8636 
3261 2528 3596 6409 
3262 2423 3072 6520 
3263 5202 8544 8545 
3264 5018 6145 8643 
3265 5827 7169 8328 
3266 8766 2382 9495 
3267 7043 509 7044 
3268 2132 2687 6315 
3269 5159 6646 6647 
3270 988 2967 7205 
3271 1017 990 7205 
3272 4799 4818 6514 
3273 7042 5743 10034 
3274 2465 2551 2552 
3275 4794 4812 6512 
3276 279 8808 10384 
3277 2430 2432 2440 
3278 2280 2268 2672 
3279 6327 9033 10023 
3280 1869 1663 3497 
3281 6009 4046 6711 
3282 3134 330 6405 
3283 2115 3869 7161 
3284 3129 3165 6653 
3285 6661 5755 9758 
3286 4617 6799 6800 
3287 7824 1426 7825 
3288 9139 6582 10038 
3289 2752 2754 2755 
3290 2261 2260 2262 
3291 1396 1406 6697 
3292 2456 3905 6681 
3293 8231 6097 8235 
3294 100 6620 6964 
3295 6568 3910 7223 
3296 6484 6485 6487 
3297 3992 6368 9636 
3298 6145 5332 6737 
3299 3521 5207 6787 
3300 6966 3421 9640 
3301 2500 2842 4638 
3302 7208 7207 8399 
3303 5458 6213 9090 
3304 4326 6100 6488 
3305 9037 7699 9439 
3306 6721 6722 6723 
3307 2065 2067 6509 
3308 1464 1993 6483 
3309 91 322 6853 
3310 2831 2833 8602 
3311 2526 2867 6946 
3312 945 973 6804 
3313 1994 4241 6731 
3314 5726 9241 10108 
3315 8411 5737 8416 
3316 2115 3868 3869 
3317 1120 1123 6416 
3318 754 4297 6465 
3319 8507 3551 8508 
3320 3535 5069 6458 
3321 742 1420 6457 
3322 5393 6734 9326 
3323 4860 5930 6446 
3324 8409 7263 9189 
3325 2109 2111 2112 
3326 2125 2127 7159 
3327 2169 2170 2171 
3328 4241 5926 6731 
3329 2625 3521 6787 
3330 1555 1565 6433 
3331 6968 7010 9722 
3332 1424 1468 6286 
3333 4124 6665 6666 
3334 5262 5264 6408 
3335 2044 2047 6441 
3336 4533 4531 5358 
3337 2312 6638 6639 
3338 2039 2661 6292 
3339 628 2635 9382 
3340 6883 3383 9989 
3341 6509 2078 8936 
3342 6337 6338 6339 
3343 2433 2435 6547 
3344 6578 5759 9803 
3345 3751 3752 3753 
3346 6301 9002 10439 
3347 6272 6273 6585 
3348 4124 6666 6667 
3349 4619 5873 5874 
3350 2479 2279 6867 
3351 8154 5403 8237 
3352 6286 5068 10318 
3353 1129 1130 1131 
3354 1127 1128 1129 
3355 2037 2039 6292 
3356 2041 2044 6441 
3357 2758 2756 6771 
3358 3843 3152 6773 
3359 2890 6210 9689 
3360 8974 5698 9555 
3361 1125 1126 1127 
3362 4858 4860 6446 
3363 740 742 6457 
3364 8863 3272 10240 
3365 3441 3535 6458 
3366 752 754 6465 
3367 756 1120 6416 
3368 4853 4856 6863 
3369 5737 4479 8416 
3370 4432 4434 7028 
3371 6394 9409 9621 
3372 1462 1464 6483 
3373 2290 2312 6639 
3374 4111 4326 6488 
3375 1857 1856 1860 
3376 3853 6333 8617 
3377 2958 6538 9635 
3378 2089 2090 2091 
3379 6384 2153 8942 
3380 103 6893 6969 
3381 6760 8567 9464 
3382 8695 6429 9533 
3383 5946 8508 10139 
3384 3905 6010 6681 
3385 8297 7098 8449 
3386 4852 6863 6975 
3387 3451 3746 3747 
3388 6210 2890 9742 
3389 6632 10125 10326 
3390 1406 4628 6697 
3391 5252 5254 6467 
3392 7384 4165 8274 
3393 2769 3438 7160 
3394 6641 138 7030 
3395 5744 8976 9694 
3396 4792 4794 6512 
3397 6239 774 10389 
3398 4797 4799 6514 
3399 7224 5963 7225 
3400 8703 6126 9796 
3401 2387 2423 6520 
3402 1401 8664 10063 
3403 7149 1990 7316 
3404 7162 4466 9387 
3405 9214 3422 9527 
3406 374 6314 9105 
3407 4046 3443 6711 
3408 2500 4638 7179 
3409 6616 6617 6618 
3410 7515 4178 7934 
3411 2204 2201 6874 
3412 1123 1124 1125 
3413 6088 3260 9712 
3414 5161 8755 9045 
3415 3921 4250 6531 
3416 3917 3919 6536 
3417 5731 5349 5732 
3418 8010 314 10048 
3419 3165 4596 6653 
3420 344 345 346 
3421 2505 2528 6409 
3422 1468 2010 6286 
3423 8189 1655 10640 
3424 3563 2479 6867 
3425 2335 2576 6555 
3426 7020 2280 8453 
3427 2619 2160 6767 
3428 6409 4497 8320 
3429 7163 5548 9616 
3430 3716 6429 8695 
3431 3949 3947 6567 
3432 6633 6023 10082 
3433 6709 6173 9595 
3434 5264 5705 6408 
3435 2120 2114 6611 
3436 1981 7019 9213 
3437 1092 1090 6581 
3438 5491 5492 7017 
3439 1636 1635 1637 
3440 4585 6941 6942 
3441 4856 5304 6863 
3442 4579 4580 5491 
3443 8592 1446 8697 
3444 7026 6372 9438 
3445 3436 6998 7320 
3446 2448 2189 6613 
3447 2146 1830 6735 
3448 4303 6198 8459 
3449 2289 2290 2458 
3450 1565 2425 6433 
3451 3896 4651 6389 
3452 5715 5793 6067 
3453 279 40 8808 
3454 361 364 6749 
3455 6366 6192 8296 
3456 360 361 362 
3457 5379 5384 6977 
3458 358 359 360 
3459 6423 6650 6651 
3460 2442 2303 6760 
3461 3192 3189 6761 
3462 5242 5088 6019 
3463 356 357 358 
3464 5347 8413 9492 
3465 354 355 356 
3466 403 404 405 
3467 6453 6452 9222 
3468 352 353 354 
3469 7062 6516 8999 
3470 1618 1615 6884 
3471 346 347 348 
3472 9319 6858 9932 
3473 1840 6923 8286 
3474 350 351 352 
3475 348 349 350 
3476 506 6380 9790 
3477 4044 9195 9519 
3478 7167 6346 7264 
3479 6962 320 9638 
3480 1806 1804 6662 
3481 8020 4400 10344 
3482 5932 5933 6119 
3483 6874 2199 7031 
3484 8679 1616 9391 
3485 4504 4505 4506 
3486 381 4258 6380 
3487 5342 8401 8611 
3488 6799 5170 6927 
3489 553 551 6784 
3490 4121 4122 4579 
3491 6106 2354 10381 
3492 561 559 6675 
3493 7003 7004 9191 
3494 6009 9160 10440 
3495 571 569 6682 
3496 5608 8556 8580 
3497 2354 6106 10394 
3498 2661 6442 6916 
3499 5254 5275 6467 
3500 5502 5504 6133 
3501 4263 1387 6702 
3502 1647 1646 1648 
3503 1644 1643 1646 
3504 1638 1637 1639 
3505 1642 1641 1643 
3506 1634 7061 8250 
3507 1640 1639 1641 
3508 1881 1882 1883 
3509 4597 6424 10517 
3510 3247 2638 6317 
3511 8412 5730 9337 
3512 2435 6546 6547 
3513 5213 5211 6847 
3514 2062 2065 6510 
3515 6760 8566 8567 
3516 2317 1838 10643 
3517 4831 4865 6586 
3518 8412 8086 9908 
3519 5370 5371 5372 
3520 2814 6549 6550 
3521 1224 6387 10495 
3522 6619 5965 10250 
3523 6360 768 10413 
3524 6325 6326 6327 
3525 338 339 340 
3526 336 337 338 
3527 4984 4985 5932 
3528 5323 5324 9983 
3529 2496 2882 6864 
3530 2692 2695 6910 
3531 334 335 336 
3532 2882 6713 6864 
3533 943 945 6804 
3534 5476 7360 8223 
3535 6454 941 8565 
3536 2061 2062 6510 
3537 6214 6763 6764 
3538 4287 4288 5502 
3539 6238 5074 8736 
3540 2208 3004 7025 
3541 1672 2304 9210 
3542 6499 4011 8536 
3543 2209 2208 7025 
3544 5007 3482 6989 
3545 4821 4822 4829 
3546 1605 1604 1610 
3547 2422 2461 6358 
3548 1603 1602 1604 
3549 1601 1600 1602 
3550 5367 5369 5370 
3551 4450 4399 4451 
3552 6459 6458 6462 
3553 84 6605 6957 
3554 1599 1598 1600 
3555 8533 3257 8800 
3556 2802 2801 2803 
3557 2552 5675 6054 
3558 2062 2064 2065 
3559 7419 8807 9122 
3560 3596 3597 4496 
3561 3443 3101 3876 
3562 4119 4408 5738 
3563 4512 6970 6971 
3564 3100 3099 3101 
3565 5861 4584 7163 
3566 332 333 334 
3567 2689 2727 7310 
3568 2663 2662 2664 
3569 4257 5904 8398 
3570 4095 4094 4107 
3571 6725 293 9644 
3572 1088 1066 6887 
3573 5309 5817 5818 
3574 4644 5561 5991 
3575 3472 3473 3881 
3576 1119 2007 8296 
3577 3470 3471 3472 
3578 4049 4050 4644 
3579 4503 5184 5185 
3580 4614 3497 4620 
3581 3468 3469 3470 
3582 126 127 6829 
3583 5466 6442 9607 
3584 236 237 6828 
3585 4587 5676 6058 
3586 4808 4785 6912 
3587 1597 1596 1598 
3588 6585 6273 9801 
3589 6648 6646 9498 
3590 339 3799 6766 
3591 4661 4660 7272 
3592 2190 2526 6946 
3593 3086 3256 3257 
3594 6732 8484 8595 
3595 5513 5512 5798 
3596 7093 5307 7094 
3597 3332 3333 4035 
3598 6413 3393 8589 
3599 4616 1088 6887 
3600 4531 4374 6500 
3601 6424 9578 10517 
3602 1710 1712 2745 
3603 1836 2561 9474 
3604 6206 6121 6207 
3605 5421 5420 6248 
3606 9292 9137 9798 
3607 819 823 6413 
3608 2435 2438 6546 
3609 3098 2871 3099 
3610 2438 2449 2617 
3611 2575 2823 3397 
3612 3103 3169 5292 
3613 9817 4447 10221 
3614 3341 4652 5997 
3615 3317 3565 6386 
3616 4336 6319 7305 
3617 3962 3961 4239 
3618 5046 5308 5309 
3619 6868 5357 8898 
3620 6429 3716 8910 
3621 7599 4606 10509 
3622 3486 3872 4049 
3623 1839 1838 1841 
3624 4322 4502 4503 
3625 1394 6697 8200 
3626 3290 3291 3468 
3627 3543 3547 6930 
3628 8822 5125 9087 
3629 1837 1836 1838 
3630 2058 2060 2061 
3631 4072 7037 8274 
3632 4614 4620 8784 
3633 2635 6672 8207 
3634 2338 2339 2504 
3635 5163 5165 5965 
3636 4402 4064 4403 
3637 9226 5353 9410 
3638 8487 3903 8797 
3639 7514 7515 7934 
3640 5525 5716 6263 
3641 6575 3867 8220 
3642 3867 6575 8269 
3643 296 8542 8841 
3644 2797 2702 6872 
3645 6150 4599 10010 
3646 326 328 6718 
3647 3266 1087 6904 
3648 6684 4810 7165 
3649 310 6844 10595 
3650 2934 6579 8265 
3651 851 853 6840 
3652 4590 3863 6393 
3653 3479 3478 3961 
3654 2123 2253 7259 
3655 2160 2158 6767 
3656 4656 4446 4657 
3657 1590 1589 1592 
3658 2379 2380 2383 
3659 6948 9988 10031 
3660 1731 4414 4669 
3661 7687 3857 8518 
3662 1588 1587 1589 
3663 4602 4603 5487 
3664 4352 5515 5805 
3665 1430 1537 7282 
3666 4038 5181 6553 
3667 2745 2746 2747 
3668 2749 2750 2751 
3669 1835 1834 1836 
3670 2747 2748 2749 
3671 3978 4994 6491 
3672 1593 1592 7055 
3673 3580 3581 4406 
3674 3986 3985 6665 
3675 2241 2242 2338 
3676 4359 9137 9292 
3677 6227 3348 9939 
3678 3326 3594 4543 
3679 4063 3955 4064 
3680 6720 6719 6721 
3681 6279 6278 7053 
3682 7005 7001 8682 
3683 2934 7661 8340 
3684 2007 1327 2772 
3685 1717 1716 1718 
3686 1813 1800 6950 
3687 2761 2763 8262 
3688 5163 3448 5164 
3689 1981 1875 6634 
3690 4407 4447 9817 
3691 7086 7284 8597 
3692 1565 1567 2425 
3693 2507 2508 2884 
3694 2988 7801 8231 
3695 5774 3266 6904 
3696 2013 2310 6435 
3697 6332 10023 10267 
3698 2310 2429 2430 
3699 6653 4596 6850 
3700 4087 8364 9047 
3701 7383 7037 7791 
3702 2029 2028 6894 
3703 6818 8746 9750 
3704 1586 1585 1587 
3705 1350 1421 7085 
3706 3565 3910 5442 
3707 6875 6618 6876 
3708 6721 6719 6722 
3709 4600 4601 4602 
3710 2054 2056 2057 
3711 2451 8437 8523 
3712 6160 4712 6383 
3713 734 7522 8511 
3714 2114 2112 7161 
3715 3402 7027 8240 
3716 3669 7170 8372 
3717 6297 3470 6783 
3718 3549 3550 3580 
3719 4704 4706 5730 
3720 6391 6392 10540 
3721 6864 6713 10331 
3722 7092 5307 7093 
3723 2837 3023 3326 
3724 8543 5296 8544 
3725 582 577 6290 
3726 1119 1118 1327 
3727 5254 5256 5275 
3728 5260 5262 5274 
3729 5264 5267 5705 
3730 5854 6233 6234 
3731 8859 272 10121 
3732 2263 2262 7156 
3733 4829 4831 6586 
3734 1713 1711 1714 
3735 595 2900 9592 
3736 9037 5821 9184 
3737 8484 5117 8595 
3738 1555 6433 7015 
3739 9784 6795 9889 
3740 6579 2934 8340 
3741 1415 1416 1486 
3742 2307 2308 2507 
3743 4665 6885 8679 
3744 4607 6440 7262 
3745 1387 1388 1415 
3746 2267 2265 2268 
3747 8882 8549 9922 
3748 1719 1718 1720 
3749 5999 5932 10272 
3750 2145 3448 5162 
3751 1468 1549 2010 
3752 4436 3811 6420 
3753 6575 6576 8269 
3754 6457 1420 6818 
3755 8380 6311 8869 
3756 1845 1842 6686 
3757 3264 2947 7059 
3758 3473 3475 6778 
3759 1966 2812 4704 
3760 8213 6759 8214 
3761 6688 4411 8492 
3762 9450 5682 10047 
3763 8303 1391 8304 
3764 6500 4374 6501 
3765 3165 3167 4596 
3766 1705 6848 7098 
3767 7402 4871 9321 
3768 6326 4189 7324 
3769 4224 4223 4442 
3770 5417 5416 5418 
3771 5112 2156 8572 
3772 4571 3112 6384 
3773 2440 2432 9440 
3774 6534 9095 9494 
3775 4368 3196 6233 
3776 3547 4558 6930 
3777 6146 3364 9968 
3778 5024 4659 5025 
3779 593 590 6412 
3780 9176 4129 9625 
3781 6397 5710 10595 
3782 2529 2851 2852 
3783 6211 5773 9202 
3784 1383 1384 1387 
3785 6525 5118 6526 
3786 3372 3030 6941 
3787 622 620 6445 
3788 3225 6367 8393 
3789 3685 5079 6780 
3790 626 624 6169 
3791 6992 6995 7144 
3792 7091 6398 9131 
3793 7267 3870 8703 
3794 3955 6567 6953 
3795 6573 3900 9605 
3796 1362 1383 6220 
3797 2201 2199 6874 
3798 5857 5856 10009 
3799 6304 1850 10064 
3800 5671 6779 9766 
3801 1406 3401 4628 
3802 6916 6442 10375 
3803 4223 3357 6218 
3804 417 9940 10003 
3805 5246 5248 5249 
3806 3822 8857 8888 
3807 618 2426 9716 
3808 8808 6223 10384 
3809 2050 2052 2053 
3810 4658 6208 10466 
3811 7778 3669 8372 
3812 1939 1966 6262 
3813 3905 4673 6010 
3814 3565 3566 3910 
3815 6515 1296 6516 
3816 1140 1142 6498 
3817 5120 4699 5150 
3818 5511 4692 5512 
3819 8846 316 9722 
3820 6282 751 6936 
3821 3454 3453 4245 
3822 6480 6479 9404 
3823 5096 4368 5118 
3824 6532 6531 6535 
3825 5890 6521 6522 
3826 4572 4571 4667 
3827 5018 5331 5332 
3828 6588 8337 9681 
3829 6794 6796 8735 
3830 9826 9246 10035 
3831 1827 1819 1828 
3832 2259 2022 2260 
3833 632 631 633 
3834 4403 4404 4405 
3835 630 628 631 
3836 8806 1401 10063 
3837 627 626 628 
3838 9368 2235 9434 
3839 625 624 626 
3840 4270 5059 5060 
3841 5821 5822 9184 
3842 623 622 624 
3843 621 620 622 
3844 2816 1813 6950 
3845 3127 6653 8670 
3846 5075 6907 9088 
3847 619 618 620 
3848 5162 5163 6619 
3849 617 616 618 
3850 615 614 616 
3851 613 612 614 
3852 2079 2074 7056 
3853 7556 6211 9202 
3854 611 610 612 
3855 1716 1731 6523 
3856 1131 1132 6676 
3857 1295 6824 7296 
3858 609 608 610 
3859 607 606 608 
3860 1869 3497 4613 
3861 604 603 606 
3862 6500 6501 6502 
3863 602 601 603 
3864 600 599 601 
3865 3830 4618 4619 
3866 9160 6009 9240 
3867 598 597 599 
3868 4437 4436 5760 
3869 6274 6005 10510 
3870 6449 6450 8365 
3871 596 595 597 
3872 594 593 595 
3873 591 590 593 
3874 4871 7402 9373 
3875 1818 1815 1819 
3876 589 588 590 
3877 1834 1825 6093 
3878 1146 1147 1148 
3879 6391 3022 9378 
3880 587 586 588 
3881 497 490 6970 
3882 6096 6095 6097 
3883 389 7039 7109 
3884 5345 8506 8507 
3885 6023 9676 10082 
3886 8458 1043 8665 
3887 422 393 6708 
3888 2951 780 7250 
3889 782 1342 7250 
3890 585 584 586 
3891 2887 8516 8560 
3892 5861 9616 10158 
3893 3969 3971 6776 
3894 4585 3372 6941 
3895 2007 2774 8296 
3896 9710 5996 10041 
3897 2869 2629 6781 
3898 6658 289 8348 
3899 1515 2307 7011 
3900 6018 4427 6710 
3901 3996 4645 4646 
3902 5073 5902 5986 
3903 3237 3236 3239 
3904 3615 8360 8773 
3905 2552 2551 2809 
3906 6718 6720 6726 
3907 5492 5494 5495 
3908 4600 4602 6782 
3909 1587 1585 6448 
3910 6040 5164 8189 
3911 5164 3448 8189 
3912 977 979 6866 
3913 979 1704 6866 
3914 1935 5097 8301 
3915 4613 4614 6426 
3916 2035 2037 2891 
3917 2312 2418 6638 
3918 5811 4395 8369 
3919 3537 8976 9755 
3920 3678 3676 7212 
3921 2039 2041 2661 
3922 2418 2621 2741 
3923 2031 2033 2905 
3924 1842 1841 6686 
3925 2660 3290 6166 
3926 2044 2046 2047 
3927 6698 5273 6699 
3928 2824 3486 6269 
3929 8405 2376 8406 
3930 7468 7469 9725 
3931 5662 7236 8953 
3932 2640 6486 8653 
3933 4710 4712 6160 
3934 6564 6565 8587 
3935 4026 3461 6831 
3936 2143 6316 9369 
3937 9366 261 10478 
3938 5165 5164 6039 
3939 583 582 584 
3940 1855 1853 1856 
3941 6166 4265 6167 
3942 1633 1634 5608 
3943 6410 3411 10582 
3944 4506 4637 5049 
3945 2689 2691 2727 
3946 8800 3761 9360 
3947 784 786 7500 
3948 4241 4459 5926 
3949 1823 2335 8430 
3950 4860 4867 5930 
3951 6416 9298 10108 
3952 120 121 6855 
3953 5302 3264 7059 
3954 4856 4858 5304 
3955 2971 7533 7714 
3956 823 824 825 
3957 11 12 6856 
3958 364 740 4481 
3959 5420 5419 6251 
3960 3286 3441 4000 
3961 742 744 1420 
3962 3535 3846 5069 
3963 7794 8929 9525 
3964 3325 4119 6155 
3965 4109 5188 5829 
3966 749 752 763 
3967 6974 2425 8830 
3968 754 756 4297 
3969 8783 8553 10050 
3970 1120 1122 1123 
3971 5350 9220 9676 
3972 5046 5309 6455 
3973 4235 4486 4487 
3974 3563 6867 6868 
3975 2098 2099 6495 
3976 32 33 6945 
3977 4831 4843 4865 
3978 8413 5347 9340 
3979 380 372 381 
3980 3914 4003 7223 
3981 6812 6813 6817 
3982 1673 2446 8352 
3983 3927 3929 4627 
3984 6612 3388 10438 
3985 4862 4848 4863 
3986 5675 2809 6612 
3987 3727 4287 6344 
3988 4646 6364 10328 
3989 6155 5739 6156 
3990 94 8238 8705 
3991 5109 5706 5707 
3992 3974 6299 6300 
3993 2142 2140 8215 
3994 1848 1846 1849 
3995 5503 5502 7134 
3996 1332 6515 7063 
3997 3452 3450 4583 
3998 6212 3512 9969 
3999 1460 1462 2640 
4000 6148 5093 6397 
4001 1464 1466 1993 
4002 1349 1352 1403 
4003 1744 2187 2289 
4004 3799 5114 5715 
4005 4326 5155 6100 
4006 827 1467 6949 
4007 4584 4583 7163 
4008 1292 1296 6515 
4009 3978 4111 4994 
4010 5157 5947 6281 
4011 4512 497 6970 
4012 6862 6741 10337 
4013 6885 1616 8679 
4014 5693 4191 5694 
4015 6491 6490 6492 
4016 6335 4406 6336 
4017 4400 8020 10380 
4018 6547 6546 6854 
4019 7468 9725 9804 
4020 6495 2099 6496 
4021 3740 4121 6131 
4022 3521 3523 5207 
4023 2061 6510 8332 
4024 2751 2753 6896 
4025 5022 7538 10291 
4026 8374 6185 9633 
4027 3971 4270 6776 
4028 3735 3738 3839 
4029 1329 1328 6754 
4030 6874 7033 7157 
4031 3740 4057 4121 
4032 6344 5503 6345 
4033 1136 2630 6765 
4034 7063 7062 7064 
4035 4058 9268 9323 
4036 603 601 7188 
4037 774 6239 10442 
4038 4003 5407 7223 
4039 4669 5646 6101 
4040 1541 7422 7423 
4041 2340 2497 2529 
4042 1666 1655 8189 
4043 4559 5235 6063 
4044 6746 3532 8273 
4045 382 381 383 
4046 5784 6601 6602 
4047 6784 9226 9410 
4048 4005 3703 7079 
4049 2115 2111 2886 
4050 3453 2869 6781 
4051 1602 1600 6909 
4052 384 383 385 
4053 6998 7000 7320 
4054 3335 3337 4314 
4055 1143 6498 6769 
4056 4612 4590 6391 
4057 6008 4046 6009 
4058 5836 9214 9527 
4059 8902 6731 10218 
4060 7165 4810 9379 
4061 323 326 6726 
4062 4532 4531 4533 
4063 3475 3831 4984 
4064 1612 1609 1616 
4065 6527 4458 6528 
4066 1721 1720 1722 
4067 1017 6068 10538 
4068 292 31 6621 
4069 4398 4240 4399 
4070 3075 3115 7295 
4071 10051 7607 10120 
4072 6971 8854 10271 
4073 2788 3996 7209 
4074 6337 6339 10347 
4075 6848 1705 7084 
4076 4705 4704 10269 
4077 6740 6742 6743 
4078 7266 5566 9381 
4079 6426 8997 9740 
4080 6201 5983 10514 
4081 1844 1842 1845 
4082 257 155 7012 
4083 6287 1127 6900 
4084 6583 6378 6584 
4085 3727 3729 4287 
4086 5349 5348 6601 
4087 3255 2624 9923 
4088 6613 2787 8743 
4089 4606 7599 10616 
4090 6131 4586 6132 
4091 4092 4086 4094 
4092 4790 4792 4810 
4093 4534 4533 4535 
4094 5458 2842 5459 
4095 4794 4797 4812 
4096 328 330 3134 
4097 4799 4801 4818 
4098 847 851 6839 
4099 2280 2672 2673 
4100 6432 3230 10101 
4101 4806 4811 4821 
4102 4657 5024 6774 
4103 823 825 3393 
4104 6543 4615 6544 
4105 6118 6432 10101 
4106 6798 5170 6799 
4107 4530 4374 4531 
4108 5364 5366 5367 
4109 4240 4239 6331 
4110 9128 6637 9397 
4111 6931 6935 8602 
4112 3078 5364 6683 
4113 5519 4863 6399 
4114 284 128 6807 
4115 235 285 6808 
4116 4097 4095 8327 
4117 3415 8086 8412 
4118 304 126 6829 
4119 5244 5246 8281 
4120 2128 5627 8356 
4121 237 303 6828 
4122 1439 6709 9595 
4123 7538 5022 10579 
4124 2528 3495 3596 
4125 2292 9903 10248 
4126 2385 2387 2682 
4127 5383 5379 6977 
4128 1595 1593 1596 
4129 2423 2545 3072 
4130 5716 9798 10310 
4131 6656 3066 8294 
4132 2781 2815 3518 
4133 8578 3364 10391 
4134 4608 4607 7263 
4135 6871 279 7108 
4136 3325 3958 4119 
4137 2132 2130 2134 
4138 326 327 328 
4139 6378 6437 9639 
4140 6736 4275 8237 
4141 1479 6592 10357 
4142 4554 4555 5796 
4143 247 37 6603 
4144 6740 6739 6742 
4145 3868 2886 3870 
4146 4126 4125 4127 
4147 2128 2126 5627 
4148 4498 5182 6615 
4149 314 8010 9925 
4150 2870 2773 2871 
4151 9400 8020 10344 
4152 5983 6201 10588 
4153 6347 6346 7167 
4154 121 316 6855 
4155 5345 8509 10548 
4156 317 11 6856 
4157 1651 1649 1656 
4158 6129 5512 9328 
4159 2626 1793 7051 
4160 8516 540 10026 
4161 3830 4619 6256 
4162 3526 5091 7162 
4163 318 106 6658 
4164 3510 4272 4587 
4165 3061 3331 3332 
4166 3083 3085 3086 
4167 6979 6977 8513 
4168 6910 2695 6911 
4169 8423 8422 8425 
4170 3169 3341 6230 
4171 6697 4628 9480 
4172 5372 5399 6733 
4173 4568 6946 7281 
4174 3583 4424 5002 
4175 7229 5672 8921 
4176 6388 1049 9230 
4177 4054 4547 5740 
4178 3919 3921 4043 
4179 7607 7606 10120 
4180 8718 8079 8907 
4181 4250 4325 5044 
4182 5110 5111 5887 
4183 5352 6768 8826 
4184 4533 5358 6564 
4185 290 25 6657 
4186 633 631 6819 
4187 5559 5560 5792 
4188 1316 6585 9540 
4189 2494 2493 2848 
4190 6376 6378 6583 
4191 1990 7149 7317 
4192 128 129 6807 
4193 6638 2741 8633 
4194 234 235 6808 
4195 3547 3941 4558 
4196 2824 3485 3486 
4197 317 6856 6857 
4198 7417 651 10505 
4199 2519 4410 5046 
4200 2656 2658 3505 
4201 2642 3939 4322 
4202 7683 9552 10383 
4203 5436 7281 8849 
4204 2660 3042 3290 
4205 7253 3873 9399 
4206 3876 3101 7049 
4207 4445 4443 4446 
4208 3424 3186 3478 
4209 2489 2487 8288 
4210 6213 5459 6214 
4211 7201 711 9482 
4212 4989 6745 10449 
4213 7183 5564 7184 
4214 9959 6602 10084 
4215 5659 4026 6831 
4216 4101 4108 6440 
4217 6399 4863 6400 
4218 5936 5938 9651 
4219 6877 6878 6879 
4220 9646 5321 9828 
4221 2106 2104 2110 
4222 7040 118 8227 
4223 6329 6326 7324 
4224 2205 2204 2206 
4225 5250 5252 5272 
4226 330 331 332 
4227 1720 1718 8382 
4228 6616 6618 6875 
4229 8813 9215 10632 
4230 6876 6618 6882 
4231 2260 2022 6424 
4232 5348 6923 10530 
4233 3509 3255 9204 
4234 2248 2247 2493 
4235 4380 4127 4381 
4236 5551 9217 9688 
4237 6415 2378 10570 
4238 4034 4458 6527 
4239 1340 6997 9126 
4240 5488 4381 5489 
4241 2087 2084 2088 
4242 2016 2314 2379 
4243 3987 3986 3988 
4244 5250 5272 6670 
4245 6498 1142 10529 
4246 6539 6540 9635 
4247 3463 4056 4352 
4248 2171 2170 2251 
4249 2576 3026 4038 
4250 8461 8460 8462 
4251 2882 3463 6713 
4252 1817 1813 2816 
4253 6515 6516 7062 
4254 1833 1825 1834 
4255 5699 8697 10424 
4256 2301 2390 5296 
4257 2779 4702 8187 
4258 4428 4615 6543 
4259 3947 3945 5827 
4260 1964 1967 2241 
4261 1584 1576 1585 
4262 3911 3913 3914 
4263 975 1964 6715 
4264 3478 3186 7324 
4265 5025 4659 5837 
4266 125 304 7010 
4267 3954 3949 3955 
4268 6979 8513 8834 
4269 2239 6681 8645 
4270 2529 2852 3993 
4271 6448 1585 6449 
4272 2687 2134 2688 
4273 9241 8935 10206 
4274 7037 7383 8274 
4275 6219 251 9587 
4276 8469 8470 8471 
4277 285 6828 9100 
4278 4069 5179 5180 
4279 2689 2688 2690 
4280 5730 4706 9337 
4281 4349 7140 7141 
4282 6553 5918 10221 
4283 81 6604 7047 
4284 8469 4631 8470 
4285 8234 1732 9080 
4286 2197 2234 7031 
4287 2271 2269 7020 
4288 9285 5981 10170 
4289 8249 112 9658 
4290 8508 3551 8969 
4291 1192 9449 9629 
4292 1946 3315 4600 
4293 273 7040 7041 
4294 6931 6930 6932 
4295 5944 4454 8491 
4296 5379 5380 5384 
4297 1094 1092 1742 
4298 4295 5198 7139 
4299 1090 1088 4616 
4300 5465 5856 5857 
4301 4162 3795 4617 
4302 9117 6881 9471 
4303 9205 6962 9638 
4304 6984 471 8656 
4305 1101 1099 1397 
4306 2305 2362 3549 
4307 2414 2826 2837 
4308 2691 2692 6910 
4309 2575 3397 9389 
4310 4391 3264 5302 
4311 5278 5790 6967 
4312 5969 4508 5970 
4313 5306 3263 5307 
4314 4443 4442 6206 
4315 5418 5421 6792 
4316 1111 1105 1118 
4317 6569 6568 8501 
4318 6533 6532 6534 
4319 2107 2106 8271 
4320 5050 6559 6561 
4321 6934 6932 9352 
4322 4585 6943 6944 
4323 945 947 973 
4324 5919 5719 7193 
4325 1376 1378 3349 
4326 9268 8499 9323 
4327 150 6785 6786 
4328 6662 6663 6664 
4329 4681 6342 7194 
4330 1380 1385 1572 
4331 2303 2299 8566 
4332 6310 3505 10039 
4333 1515 2188 2307 
4334 5781 8981 9788 
4335 6991 5294 6997 
4336 1508 7076 9388 
4337 3189 2581 8569 
4338 2691 2690 2692 
4339 4426 4234 6791 
4340 2432 2431 2433 
4341 2268 2265 6436 
4342 8125 10077 10191 
4343 5982 6385 9845 
4344 5292 3169 6230 
4345 323 325 326 
4346 1935 1937 5097 
4347 1939 1942 1966 
4348 2189 2146 2787 
4349 2028 6752 6894 
4350 2818 2448 3185 
4351 6963 296 8841 
4352 2099 6728 8261 
4353 233 306 6789 
4354 7268 5754 10556 
4355 305 130 6788 
4356 825 827 6949 
4357 7317 7149 8573 
4358 2798 2799 6549 
4359 3838 3266 5774 
4360 8187 6922 9363 
4361 3361 3357 4223 
4362 3355 3353 5074 
4363 5415 5413 5416 
4364 2204 6874 7157 
4365 1885 1958 7186 
4366 8288 2487 10537 
4367 3146 9488 9864 
4368 4146 5440 5758 
4369 4702 5523 6922 
4370 1358 1360 2530 
4371 6126 2886 8271 
4372 6655 6654 10353 
4373 1362 1373 1383 
4374 913 911 7424 
4375 1022 913 7424 
4376 2246 10262 10417 
4377 747 749 7315 
4378 1008 1006 8394 
4379 4629 4026 5659 
4380 6692 6693 6694 
4381 4977 8154 8237 
4382 9328 4420 9513 
4383 6415 4672 8722 
4384 6488 6100 9833 
4385 5687 8903 9046 
4386 1604 1602 6908 
4387 8545 3973 10477 
4388 2065 2064 2066 
4389 4432 3843 4434 
4390 1531 1529 2492 
4391 6038 2626 7051 
4392 2444 2273 7021 
4393 10503 6049 10604 
4394 5350 4005 7079 
4395 5046 6455 6456 
4396 1574 1543 1575 
4397 4245 5170 6798 
4398 3684 3678 7212 
4399 3008 2758 4120 
4400 6499 5162 6619 
4401 6553 5181 8451 
4402 2823 3103 8263 
4403 5694 6542 9512 
4404 8526 7337 8928 
4405 3317 3558 3565 
4406 20 6594 6595 
4407 2629 2442 3054 
4408 3194 3192 3991 
4409 3275 2869 3453 
4410 2061 2060 2062 
4411 8265 6579 9106 
4412 3685 4353 5079 
4413 4696 3585 4699 
4414 3745 3196 4368 
4415 5198 5734 7139 
4416 3063 3173 5119 
4417 6687 6688 6689 
4418 4669 6101 6843 
4419 2892 6590 6592 
4420 3981 5017 5018 
4421 7008 8368 8748 
4422 3935 3112 4571 
4423 294 6497 9938 
4424 6935 6934 7080 
4425 6568 5407 8501 
4426 5361 6513 9787 
4427 6632 5854 10125 
4428 2167 3017 8490 
4429 9050 303 9319 
4430 6558 5213 6847 
4431 3967 3969 5882 
4432 3971 4269 4270 
4433 7048 8828 8829 
4434 7228 6816 8186 
4435 5829 5830 10343 
4436 3438 4267 7160 
4437 2199 2197 7031 
4438 1722 1720 1723 
4439 6354 6356 6747 
4440 5063 9638 9679 
4441 6127 5487 9392 
4442 6402 6403 6404 
4443 2067 2066 2068 
4444 8539 5681 9329 
4445 5343 3982 5345 
4446 2886 2111 8271 
4447 6049 6048 10604 
4448 7087 9451 10478 
4449 8918 4591 10591 
4450 293 6725 9979 
4451 1217 1265 7240 
4452 1219 1217 7240 
4453 6325 4189 6326 
4454 6215 5459 8288 
4455 1182 1260 7429 
4456 2973 1184 7429 
4457 3813 3811 4436 
4458 1804 1802 3150 
4459 1984 1982 3757 
4460 5243 3684 7212 
4461 4587 7331 8485 
4462 1809 1806 1815 
4463 2102 2098 6495 
4464 7186 1958 10449 
4465 8269 6576 8526 
4466 2755 2754 2888 
4467 3798 3372 4585 
4468 3567 3247 3568 
4469 6484 6487 7288 
4470 21 269 6594 
4471 6515 7062 7063 
4472 309 7255 7266 
4473 5267 5273 6698 
4474 1883 1885 7186 
4475 819 821 823 
4476 1714 1717 6833 
4477 6693 5389 7096 
4478 2430 2429 2431 
4479 7081 3998 7196 
4480 1140 1138 1142 
4481 1136 1134 2630 
4482 1143 1140 6498 
4483 7383 7384 8274 
4484 1449 2031 8256 
4485 2400 7193 8648 
4486 4785 4788 6912 
4487 1828 2647 6820 
4488 5318 6869 9296 
4489 555 553 2319 
4490 5971 8434 9119 
4491 2144 8343 9770 
4492 1541 907 7427 
4493 905 2940 7427 
4494 6044 4621 7278 
4495 6602 1837 10084 
4496 559 557 4650 
4497 4377 6163 9570 
4498 4378 9128 9397 
4499 563 561 767 
4500 6735 6820 9446 
4501 6673 5186 9465 
4502 8881 6628 9447 
4503 569 567 581 
4504 4667 6128 7104 
4505 7360 3066 8223 
4506 5617 4479 5737 
4507 573 571 2503 
4508 2375 2025 8989 
4509 6842 2008 8390 
4510 8967 6382 10396 
4511 579 577 582 
4512 3217 928 8712 
4513 8567 4544 9464 
4514 5043 4005 5350 
4515 4596 6706 9197 
4516 5459 2842 8288 
4517 6328 6330 8745 
4518 3124 3494 4371 
4519 2753 6852 6896 
4520 6997 1340 8191 
4521 316 6968 9722 
4522 4817 9244 9721 
4523 2492 1529 8963 
4524 6772 2118 8838 
4525 5149 6564 8587 
4526 5170 6889 6927 
4527 5727 6557 9386 
4528 7188 601 10612 
4529 2082 2116 7042 
4530 6732 1958 8484 
4531 5705 5267 6698 
4532 263 7124 7125 
4533 6545 7159 10179 
4534 271 6595 10198 
4535 1878 6616 6875 
4536 6484 1993 6485 
4537 6710 4429 10113 
4538 6341 1397 9707 
4539 5998 4252 9775 
4540 880 2023 7069 
4541 208 251 9162 
4542 2057 2056 2058 
4543 3236 3234 3238 
4544 2461 3853 6358 
4545 502 497 4512 
4546 6085 6083 10155 
4547 3167 3864 6706 
4548 6538 2958 8667 
4549 3573 4293 4554 
4550 5959 4710 6160 
4551 4710 4059 4712 
4552 6816 6814 8186 
4553 707 6506 8677 
4554 8006 7499 9566 
4555 5034 4584 5861 
4556 4317 8459 8460 
4557 9988 5977 10031 
4558 2718 2698 7022 
4559 5850 5848 9743 
4560 2267 2268 2269 
4561 1147 1145 1297 
4562 2261 2262 2263 
4563 2136 2133 2137 
4564 7281 5436 8275 
4565 6376 6374 6378 
4566 4093 4244 4302 
4567 2098 2096 2099 
4568 4089 4093 6794 
4569 4788 4790 6684 
4570 6819 5677 10140 
4571 2010 1549 4981 
4572 8556 8250 9775 
4573 6018 9601 10372 
4574 1096 9153 9707 
4575 1729 2024 5107 
4576 6839 851 6840 
4577 2809 3388 6612 
4578 3985 3247 6317 
4579 3430 2479 3563 
4580 6616 2337 6617 
4581 1424 6286 7289 
4582 4596 3167 6706 
4583 5092 3942 5093 
4584 930 1020 8712 
4585 6757 6755 6758 
4586 2461 2462 2463 
4587 2702 2704 6872 
4588 6389 6415 10570 
4589 6718 6719 6720 
4590 2617 2449 9389 
4591 2851 3286 7135 
4592 6580 502 8771 
4593 3751 3749 3752 
4594 281 137 6641 
4595 2101 2100 9752 
4596 3392 4522 5110 
4597 7093 7094 7095 
4598 3911 3914 7223 
4599 5463 5465 7327 
4600 3750 3751 7038 
4601 1148 1147 7137 
4602 6987 5798 7105 
4603 6272 4473 6273 
4604 1656 1649 8243 
4605 6997 5294 9126 
4606 9948 8285 10066 
4607 1292 1290 1296 
4608 1332 1292 6515 
4609 2390 5075 7287 
4610 2050 2053 9444 
4611 2854 2849 9443 
4612 2212 2209 7025 
4613 1711 1710 8631 
4614 6324 6332 10081 
4615 10070 8877 10249 
4616 5540 5213 6557 
4617 5025 5837 6821 
4618 5212 5211 5213 
4619 2813 9051 9308 
4620 6721 6723 6725 
4621 5784 6602 9959 
4622 6758 7234 7235 
4623 367 362 375 
4624 5170 5168 6889 
4625 1876 2337 6616 
4626 6832 369 9385 
4627 2493 2247 8795 
4628 6353 1657 6354 
4629 5993 6203 10332 
4630 6251 5419 6361 
4631 2102 6495 8512 
4632 305 6161 10061 
4633 10207 9936 10349 
4634 4788 6684 6912 
4635 3689 3684 5243 
4636 7044 6734 9745 
4637 5180 5179 6827 
4638 5211 5007 6988 
4639 5200 8371 10500 
4640 4525 3863 4590 
4641 8611 4045 8962 
4642 5480 5478 5481 
4643 4124 3986 6665 
4644 4541 3419 8541 
4645 5732 6381 6382 
4646 7351 1851 10027 
4647 847 849 851 
4648 6520 3072 7166 
4649 3451 3157 3746 
4650 105 106 318 
4651 26 27 319 
4652 5008 5007 5211 
4653 6303 6302 9975 
4654 2089 2088 2090 
4655 2139 2137 2140 
4656 6809 1704 6810 
4657 6423 6421 6650 
4658 2168 2142 2169 
4659 5699 5701 8697 
4660 1798 8678 9559 
4661 2141 2140 2142 
4662 5874 5873 6659 
4663 6831 3866 9994 
4664 5559 4847 5560 
4665 5178 6046 6047 
4666 3461 2854 3866 
4667 5249 5248 5250 
4668 9370 6485 10014 
4669 768 597 9592 
4670 6379 6376 6583 
4671 2347 6787 9291 
4672 5376 5374 5393 
4673 6177 6179 6366 
4674 2025 1730 8989 
4675 6179 6181 6192 
4676 3914 3915 4002 
4677 6010 4673 6729 
4678 7616 4671 10489 
4679 8596 261 9366 
4680 6183 6186 6187 
4681 3757 8669 9871 
4682 5881 8183 9923 
4683 2053 2052 2054 
4684 4673 5881 6729 
4685 168 259 8011 
4686 4307 167 8011 
4687 2158 2156 5112 
4688 2162 2160 2619 
4689 5330 6954 6955 
4690 7118 265 9407 
4691 4373 3591 4374 
4692 3747 4523 8538 
4693 321 6963 8841 
4694 947 957 7180 
4695 2113 2112 2114 
4696 3861 6882 9094 
4697 4451 5349 5731 
4698 344 340 345 
4699 2249 2646 8625 
4700 4416 4192 5159 
4701 2796 3305 9766 
4702 8243 1648 9086 
4703 2259 2260 2261 
4704 4612 9378 10227 
4705 4621 4403 8452 
4706 634 633 635 
4707 5202 8545 9042 
4708 6513 4812 6707 
4709 1598 1596 8678 
4710 942 900 7052 
4711 6123 6109 9000 
4712 5930 6956 10145 
4713 2486 2086 2487 
4714 3083 3086 9384 
4715 1626 1631 8448 
4716 1630 1635 1636 
4717 6039 6040 9421 
4718 248 9631 9717 
4719 24 25 290 
4720 107 108 289 
4721 2518 9736 9834 
4722 4806 4821 8749 
4723 6332 6325 10023 
4724 79 302 7119 
4725 405 404 406 
4726 1131 1130 1132 
4727 1129 1128 1130 
4728 2116 2761 7042 
4729 8803 5400 9514 
4730 1127 1126 1128 
4731 4504 2110 4505 
4732 3835 7295 8399 
4733 3152 2620 9420 
4734 4487 4486 7174 
4735 1610 1623 3411 
4736 223 262 8177 
4737 1125 1124 1126 
4738 6927 3279 9330 
4739 3238 6748 8539 
4740 5442 3910 6568 
4741 3172 7458 8628 
4742 7274 6027 8944 
4743 5726 5724 6261 
4744 3068 2626 6038 
4745 5316 4144 5318 
4746 6671 6670 8346 
4747 235 236 285 
4748 127 128 284 
4749 404 419 6918 
4750 5930 6295 6956 
4751 4428 4426 4615 
4752 6973 2425 6974 
4753 4647 4428 6543 
4754 4234 4034 6527 
4755 19 20 6595 
4756 4349 7139 7140 
4757 2315 8447 8637 
4758 2422 2460 2461 
4759 2425 1567 8830 
4760 7071 762 7072 
4761 763 6465 10206 
4762 392 390 493 
4763 3910 3911 7223 
4764 9421 6040 10032 
4765 1354 1458 8586 
4766 4990 3295 8215 
4767 398 396 421 
4768 874 878 6895 
4769 2247 8668 10317 
4770 404 402 419 
4771 4101 4099 4108 
4772 9197 6706 9463 
4773 4664 4661 7272 
4774 5774 6905 9817 
4775 121 122 316 
4776 10 11 317 
4777 388 386 506 
4778 3272 8555 10240 
4779 1147 1297 1298 
4780 4620 6519 9374 
4781 6668 6666 6669 
4782 6745 7186 10449 
4783 232 233 6789 
4784 130 131 6788 
4785 4034 3881 4458 
4786 2203 2201 2204 
4787 7230 6229 10157 
4788 2119 2114 2120 
4789 131 132 321 
4790 231 232 320 
4791 5486 5185 5665 
4792 9320 6795 9784 
4793 239 1 9643 
4794 2108 2107 2109 
4795 3753 3752 3830 
4796 5986 5902 5987 
4797 9208 6127 9392 
4798 2124 2120 2125 
4799 5054 3235 8308 
4800 2273 2271 7021 
4801 2663 2664 2665 
4802 489 3078 8440 
4803 1553 1454 2247 
4804 3277 6422 9921 
4805 3717 8297 8449 
4806 4619 4618 5873 
4807 8727 3504 9580 
4808 3236 3238 8442 
4809 8112 6493 9900 
4810 2893 2134 8356 
4811 4084 4081 8445 
4812 1883 1882 1884 
4813 113 114 270 
4814 110 111 268 
4815 18 19 271 
4816 21 22 269 
4817 2905 2033 6640 
4818 28 29 10597 
4819 8506 3551 8507 
4820 4557 5564 7183 
4821 2800 2802 4411 
4822 2253 2544 7259 
4823 92 278 322 
4824 2207 2206 2208 
4825 2134 2130 8356 
4826 2741 2621 6779 
4827 2047 2046 2048 
4828 8885 5805 9653 
4829 5662 8953 10052 
4830 4652 5963 7224 
4831 5380 5378 5381 
4832 2814 2798 6549 
4833 2798 2783 2799 
4834 1458 1460 6860 
4835 6151 8832 9096 
4836 4239 6324 6331 
4837 4486 4035 4488 
4838 5419 5416 6362 
4839 2799 6631 9685 
4840 6656 5481 8223 
4841 7111 7114 7148 
4842 4657 4659 5024 
4843 8723 6769 9782 
4844 7021 7020 8318 
4845 878 880 7069 
4846 2488 2487 2489 
4847 8353 8413 9340 
4848 4808 6912 7307 
4849 3747 3746 4523 
4850 1855 1856 1857 
4851 5495 5494 6805 
4852 2499 2489 2500 
4853 5491 4580 5492 
4854 6755 6754 7234 
4855 6946 2867 7281 
4856 4486 4488 5864 
4857 322 278 323 
4858 3118 3510 8485 
4859 5926 4459 6240 
4860 8457 7966 8593 
4861 4267 6288 7160 
4862 4107 5108 6507 
4863 4579 4122 4580 
4864 9363 6922 9529 
4865 521 525 6890 
4866 6497 294 9983 
4867 8821 3837 9967 
4868 7146 7323 9807 
4869 2054 2057 9312 
4870 1620 1618 1628 
4871 4671 7616 10437 
4872 2802 2803 2804 
4873 5930 4867 6295 
4874 5207 7175 7177 
4875 2873 2876 7320 
4876 360 359 361 
4877 527 3010 7110 
4878 358 357 359 
4879 7148 7149 7316 
4880 8712 1020 9467 
4881 346 345 347 
4882 1705 1350 7085 
4883 5202 8543 8544 
4884 356 355 357 
4885 5829 5188 5830 
4886 4810 6512 9379 
4887 354 353 355 
4888 6174 6709 9619 
4889 2008 8313 8390 
4890 5376 5393 8486 
4891 352 351 353 
4892 2033 2035 6640 
4893 5096 6525 9788 
4894 7145 4466 7146 
4895 1123 1122 1124 
4896 350 349 351 
4897 348 347 349 
4898 3635 7580 10452 
4899 6134 6135 7075 
4900 7099 293 8524 
4901 3982 2770 8506 
4902 2692 2694 2695 
4903 9011 3546 9651 
4904 8313 6873 8390 
4905 825 826 827 
4906 2385 2682 9495 
4907 5224 6673 9465 
4908 4406 3581 6417 
4909 2621 2796 6779 
4910 6460 6459 6461 
4911 1380 1572 9422 
4912 328 329 330 
4913 3717 6873 8313 
4914 3295 2170 8215 
4915 5932 4985 5933 
4916 6338 6335 9331 
4917 6216 6301 10439 
4918 6807 305 10061 
4919 2727 2691 2844 
4920 3054 6760 9464 
4921 1636 1637 1638 
4922 6392 4590 6393 
4923 6591 9523 10046 
4924 2211 2209 2212 
4925 1647 1648 1649 
4926 1644 1646 1647 
4927 7163 4583 7164 
4928 1642 1643 1644 
4929 5502 4288 5504 
4930 6918 419 6919 
4931 3845 1148 7137 
4932 1640 1641 1642 
4933 1638 1639 1640 
4934 6938 5296 7287 
4935 8539 6748 8845 
4936 5737 8411 9307 
4937 237 238 303 
4938 125 126 304 
4939 1710 1568 1712 
4940 6624 6622 6628 
4941 2190 2291 2526 
4942 1623 1625 10582 
4943 6605 6606 6608 
4944 3106 3828 8536 
4945 6815 4470 10511 
4946 4322 6466 9878 
4947 5372 5371 5399 
4948 7683 7684 8518 
4949 8238 5176 8705 
4950 6928 2667 8662 
4951 5408 5025 5865 
4952 2289 2187 2290 
4953 4829 4822 4831 
4954 5715 5114 5793 
4955 3681 6780 7919 
4956 4442 6121 6206 
4957 5418 5420 5421 
4958 7146 4466 9953 
4959 3433 3896 6389 
4960 9004 4581 9325 
4961 3896 4355 4651 
4962 8251 7021 8318 
4963 338 337 339 
4964 5070 1433 8606 
4965 1882 1961 7013 
4966 5370 5369 5371 
4967 4536 4535 4537 
4968 6633 421 8342 
4969 336 335 337 
4970 5079 5080 5081 
4971 1867 6701 8860 
4972 2298 2301 8543 
4973 5358 4531 6500 
4974 1872 3906 6939 
4975 6869 6868 8898 
4976 5810 4395 5811 
4977 4371 3494 4396 
4978 1848 1849 1850 
4979 954 975 8550 
4980 1837 6602 10160 
4981 7033 7032 7034 
4982 15 16 272 
4983 116 117 273 
4984 334 333 335 
4985 2463 2464 2465 
4986 4496 3597 4498 
4987 3227 3573 8554 
4988 2704 2706 2716 
4989 3016 7150 8630 
4990 1382 8480 10414 
4991 5207 3523 5208 
4992 6897 246 6898 
4993 6081 8611 8962 
4994 101 291 6620 
4995 1105 1103 8488 
4996 5097 8623 9992 
4997 3526 3224 5091 
4998 8623 5097 10457 
4999 5494 6241 6805 
5000 1524 4069 8555 
5001 5738 4408 7181 
5002 5511 5512 5513 
5003 1878 1876 6616 
5004 1876 1874 2337 
5005 1882 1880 1961 
5006 129 130 305 
5007 233 234 306 
5008 1297 6769 8723 
5009 6956 6295 10359 
5010 6492 6493 10533 
5011 4121 4057 4122 
5012 1872 1870 3906 
5013 119 288 8227 
5014 3246 2638 3247 
5015 92 93 278 
5016 39 40 279 
5017 91 92 322 
5018 82 83 242 
5019 49 50 243 
5020 89 90 244 
5021 42 43 245 
5022 95 96 248 
5023 36 37 247 
5024 87 88 293 
5025 44 45 294 
5026 85 86 274 
5027 46 47 275 
5028 3013 3796 7189 
5029 6821 5837 6823 
5030 5403 6736 8237 
5031 4258 6375 6380 
5032 3025 2173 7077 
5033 4646 4645 6364 
5034 8443 6708 9998 
5035 9758 2371 9982 
5036 1603 1604 1605 
5037 3459 7005 8682 
5038 2091 2090 2092 
5039 1601 1602 1603 
5040 6656 8294 9009 
5041 900 902 7052 
5042 5200 4667 8371 
5043 1599 1600 1601 
5044 2529 2497 2851 
5045 6570 1408 9133 
5046 98 99 276 
5047 33 34 277 
5048 7098 6848 8449 
5049 4245 5168 5170 
5050 8566 3449 8567 
5051 1731 1715 4414 
5052 5380 5381 5382 
5053 768 6229 10469 
5054 6585 1316 10417 
5055 228 229 295 
5056 134 135 296 
5057 1597 1598 1599 
5058 6925 5869 10475 
5059 2173 2171 7077 
5060 4086 4084 6851 
5061 4144 3563 6869 
5062 3257 3256 3761 
5063 4680 7194 9754 
5064 5482 5481 5483 
5065 4165 4073 8274 
5066 7337 8526 9365 
5067 2080 2082 2122 
5068 1655 1653 10640 
5069 5061 5919 5962 
5070 3503 4254 9730 
5071 4508 3367 8578 
5072 6526 6632 10388 
5073 6502 6501 6503 
5074 3100 3101 3443 
5075 1534 2305 8583 
5076 4010 8933 9696 
5077 6978 6977 6979 
5078 5719 5060 5720 
5079 3539 5050 8582 
5080 3497 1663 6518 
5081 2208 2206 2394 
5082 5716 5718 9798 
5083 2753 3061 6852 
5084 1879 1881 1963 
5085 1873 1875 1981 
5086 1819 1815 10453 
5087 5168 6086 6889 
5088 4984 3831 4985 
5089 2647 1871 6952 
5090 2402 582 6290 
5091 2773 2772 8334 
5092 5386 5385 8184 
5093 851 852 853 
5094 3098 3099 3100 
5095 6873 3717 8449 
5096 2900 593 6412 
5097 8896 9203 10246 
5098 8406 8468 10073 
5099 1714 1716 1717 
5100 4644 4050 5561 
5101 3472 3471 3473 
5102 6700 6967 8913 
5103 2024 2340 7074 
5104 101 102 291 
5105 30 31 292 
5106 3470 3469 3471 
5107 5169 4274 5989 
5108 9090 10074 10300 
5109 525 527 7110 
5110 5309 5308 5817 
5111 5150 6111 7237 
5112 181 6 3975 
5113 134 296 6963 
5114 6823 2548 10211 
5115 4049 3872 4050 
5116 4503 4502 5184 
5117 8364 1614 8661 
5118 4287 3729 4288 
5119 5246 5249 8281 
5120 3468 3291 3469 
5121 6243 2996 10386 
5122 7031 7032 7033 
5123 1828 1871 2647 
5124 1419 7065 7213 
5125 737 622 6445 
5126 5489 5891 6888 
5127 2635 626 6169 
5128 7136 6560 9358 
5129 6468 6467 6470 
5130 5272 6468 6469 
5131 7286 5531 8262 
5132 1272 6730 8872 
5133 2487 6652 10537 
5134 5478 5476 8223 
5135 1282 5070 8603 
5136 1838 9474 10643 
5137 3225 1004 8734 
5138 3931 4441 7029 
5139 5019 4520 8744 
5140 4821 4811 4822 
5141 6642 6641 6644 
5142 3825 3827 8419 
5143 6416 2549 9298 
5144 6895 878 7069 
5145 4398 4399 4450 
5146 1369 1374 8598 
5147 2262 5834 7156 
5148 5367 5366 5369 
5149 1569 1711 1713 
5150 5024 5025 5408 
5151 2682 6520 10019 
5152 7143 8658 9460 
5153 3962 4239 4240 
5154 5761 4436 6420 
5155 9735 4844 10365 
5156 786 3642 7500 
5157 1342 784 7500 
5158 8423 8425 8426 
5159 1844 1845 1846 
5160 1488 1501 2653 
5161 273 117 7040 
5162 85 274 6605 
5163 3893 3312 7179 
5164 8925 7688 9151 
5165 1839 1841 1842 
5166 6190 4562 10319 
5167 3479 3961 3962 
5168 2110 2104 8512 
5169 1837 1838 1839 
5170 3596 3495 3597 
5171 4656 4657 6774 
5172 5956 5150 8483 
5173 4092 4094 4095 
5174 100 101 6620 
5175 3072 2545 6476 
5176 4575 5803 8882 
5177 2687 2689 7310 
5178 6767 5112 9339 
5179 2504 2339 2505 
5180 7639 9441 9660 
5181 3394 7823 7826 
5182 4119 3958 4408 
5183 6402 6404 8571 
5184 1856 1853 9310 
5185 6745 4989 9987 
5186 4402 4403 4621 
5187 4520 4521 8744 
5188 1835 1836 1837 
5189 7117 7118 7173 
5190 7384 7385 8926 
5191 1546 1744 6901 
5192 9195 7259 9519 
5193 3230 6432 9972 
5194 8561 8516 10026 
5195 6940 275 7293 
5196 1709 2013 9121 
5197 7017 5495 8213 
5198 2172 2171 2173 
5199 2338 2242 2339 
5200 6890 525 7110 
5201 4063 4064 4402 
5202 6495 6496 7311 
5203 6128 4571 6384 
5204 5854 4368 6233 
5205 601 6360 10612 
5206 9469 1980 9485 
5207 5107 2024 7074 
5208 9444 2053 9928 
5209 2112 2115 7161 
5210 4553 5009 7006 
5211 332 331 333 
5212 7013 6880 8310 
5213 1595 1596 1597 
5214 103 104 6893 
5215 4587 4272 5676 
5216 124 125 7010 
5217 3835 3075 7295 
5218 5142 6103 8842 
5219 2973 7429 7900 
5220 4267 5542 6288 
5221 5421 6248 6249 
5222 1801 3063 8618 
5223 4476 3482 5007 
5224 1590 1592 1593 
5225 635 633 736 
5226 2745 1712 2746 
5227 3086 3085 3256 
5228 5772 4487 7174 
5229 119 120 288 
5230 12 13 287 
5231 1588 1589 1590 
5232 5487 4603 5620 
5233 3332 3331 3333 
5234 294 45 6940 
5235 226 227 280 
5236 136 137 281 
5237 8784 4620 9374 
5238 4371 4396 5293 
5239 5002 4424 5789 
5240 3709 7302 7304 
5241 2751 2750 2753 
5242 36 247 6959 
5243 2749 2748 2750 
5244 874 876 878 
5245 3681 3685 6780 
5246 2747 2746 2748 
5247 6758 6755 7234 
5248 1586 1587 1588 
5249 4602 4601 4603 
5250 2870 2871 3098 
5251 7057 2973 7900 
5252 3585 2636 8636 
5253 3115 4349 7295 
5254 1113 1288 7098 
5255 1288 1705 7098 
5256 221 300 7130 
5257 2698 2700 7022 
5258 2213 2212 2215 
5259 4585 6942 6943 
5260 5887 7026 9438 
5261 2007 2772 2773 
5262 3580 3550 3581 
5263 4558 3941 4559 
5264 4405 4404 4474 
5265 1383 4263 6220 
5266 3326 3023 3594 
5267 5046 4410 5308 
5268 3966 6740 8336 
5269 3269 6908 8791 
5270 1403 1352 1413 
5271 2510 843 7298 
5272 299 6365 9451 
5273 1119 1327 2007 
5274 3486 3485 3872 
5275 483 387 7109 
5276 4322 3939 4502 
5277 5334 4071 9288 
5278 5405 4223 6218 
5279 3290 3042 3291 
5280 3079 3124 6990 
5281 4712 6256 10285 
5282 8961 7283 9129 
5283 5270 5278 7291 
5284 4030 4032 7198 
5285 4020 6455 9065 
5286 6743 6742 6744 
5287 8567 3449 8568 
5288 4488 4035 8446 
5289 762 7071 7269 
5290 3891 3312 3893 
5291 2507 2308 2508 
5292 7076 1508 10657 
5293 3914 4002 4003 
5294 5605 9176 9625 
5295 3797 3559 7058 
5296 1966 4705 6262 
5297 1722 1725 7169 
5298 6327 6326 6328 
5299 521 523 525 
5300 3393 825 6949 
5301 5079 4353 5080 
5302 8564 5318 10085 
5303 7714 7533 10604 
5304 5243 7212 8797 
5305 8580 8556 9718 
5306 3344 3981 8643 
5307 6799 6927 9330 
5308 2782 2784 3301 
5309 4564 4105 4607 
5310 902 943 2861 
5311 2878 2895 7144 
5312 5981 9064 9491 
5313 1667 1666 2145 
5314 4600 6782 10281 
5315 3353 3154 8736 
5316 6912 6684 8708 
5317 4246 4030 7198 
5318 1982 1973 8669 
5319 3424 3478 3479 
5320 5435 4329 6060 
5321 3541 6903 7100 
5322 4445 4446 4656 
5323 4669 4414 5646 
5324 4704 2812 4706 
5325 1731 5889 6523 
5326 228 295 6976 
5327 9555 5698 10424 
5328 3993 2852 5838 
5329 6250 5420 6251 
5330 2379 2314 2380 
5331 2335 6555 8430 
5332 2019 2190 6946 
5333 82 242 6604 
5334 1659 1655 1666 
5335 4411 2802 8492 
5336 4659 4658 10466 
5337 4352 4056 5515 
5338 4038 3026 5181 
5339 1486 1416 1487 
5340 7110 7111 7148 
5341 1833 1834 1835 
5342 4224 4442 4443 
5343 5417 5418 6792 
5344 8401 2383 8766 
5345 1415 1388 1416 
5346 1717 1718 1719 
5347 8629 7272 8640 
5348 9121 6435 9345 
5349 5805 5515 9653 
5350 4807 7054 9243 
5351 2241 1967 2242 
5352 4506 4505 4637 
5353 4602 5678 6782 
5354 1795 1587 6448 
5355 401 403 509 
5356 3305 9008 9766 
5357 397 399 420 
5358 391 393 422 
5359 3954 3955 4063 
5360 4295 5197 5198 
5361 7501 7208 7502 
5362 739 8112 8113 
5363 6874 7031 7033 
5364 7031 2234 7032 
5365 1277 7502 10102 
5366 6681 6010 8373 
5367 1387 1384 1388 
5368 4246 7198 7199 
5369 1719 1720 1721 
5370 4425 4427 6018 
5371 7043 7044 9745 
5372 4504 4506 9796 
5373 4022 4233 5206 
5374 3524 3927 8600 
5375 3107 7007 9152 
5376 4994 6490 6491 
5377 962 960 7338 
5378 1584 1585 1586 
5379 84 85 6605 
5380 385 387 483 
5381 3914 3913 3915 
5382 326 325 327 
5383 4600 3315 4601 
5384 4537 4535 5149 
5385 6183 6187 9470 
5386 6564 5358 6565 
5387 2895 3894 7144 
5388 25 26 6657 
5389 2846 2844 8335 
5390 2561 1834 6093 
5391 8062 3898 9454 
5392 2544 5402 7259 
5393 5558 7025 8376 
5394 3996 4646 7209 
5395 95 248 8238 
5396 8246 4680 9754 
5397 8400 6807 10061 
5398 3549 2362 3550 
5399 1633 1629 1634 
5400 3910 3566 3911 
5401 5306 5307 7092 
5402 2837 2826 3023 
5403 3796 5295 7189 
5404 4692 4420 9328 
5405 6542 7267 7268 
5406 7139 5734 7140 
5407 5120 5150 5956 
5408 1624 1622 3269 
5409 1111 1118 1119 
5410 3454 4245 6798 
5411 3237 3239 3240 
5412 6529 4488 8446 
5413 5529 5530 9105 
5414 106 107 6658 
5415 5096 5118 6525 
5416 549 546 8700 
5417 4572 4667 5200 
5418 1713 1714 6833 
5419 4695 4664 5098 
5420 3565 5442 6386 
5421 3527 8398 9219 
5422 8343 6948 10031 
5423 5756 5707 5757 
5424 5648 4432 7028 
5425 5528 8401 8766 
5426 939 8819 9044 
5427 5098 4664 7272 
5428 4198 7116 8360 
5429 133 134 6963 
5430 5481 5478 8223 
5431 5296 2390 7287 
5432 2307 2188 2308 
5433 7059 2945 8612 
5434 1413 1419 7213 
5435 2545 2781 6476 
5436 2761 2762 2763 
5437 8280 5943 8704 
5438 8393 6561 10350 
5439 3554 4295 7139 
5440 3290 4265 6166 
5441 9548 8927 9770 
5442 10233 6696 10295 
5443 4629 5659 6003 
5444 3486 4336 6269 
5445 1022 7424 7425 
5446 5309 6136 6455 
5447 326 6718 6726 
5448 3797 7058 8934 
5449 367 375 9385 
5450 4082 4089 8735 
5451 5381 5378 8486 
5452 328 327 329 
5453 343 372 380 
5454 5377 5379 5383 
5455 2510 7298 7299 
5456 223 224 262 
5457 139 140 261 
5458 6294 6505 9772 
5459 1966 1942 2812 
5460 2700 2702 2797 
5461 4289 8925 9151 
5462 2818 3185 3186 
5463 2492 8963 9356 
5464 5373 5375 5389 
5465 4246 7199 7200 
5466 6992 6991 6993 
5467 6669 5534 10043 
5468 1 9 9643 
5469 8401 5527 10072 
5470 5109 4150 5706 
5471 1827 1828 6820 
5472 6918 6919 6920 
5473 1632 1627 10655 
5474 1485 1413 7213 
5475 902 2861 7052 
5476 4830 4848 4862 
5477 4437 5760 5979 
5478 6498 6888 9782 
5479 3838 5774 5918 
5480 632 633 634 
5481 3361 4223 4224 
5482 5415 5416 5417 
5483 630 631 632 
5484 1818 1819 1827 
5485 7429 6307 7900 
5486 5557 9353 10371 
5487 627 628 630 
5488 3156 3450 3452 
5489 625 626 627 
5490 6033 6036 7016 
5491 5724 5722 8649 
5492 623 624 625 
5493 7639 1277 9441 
5494 621 622 623 
5495 3942 2881 8752 
5496 3559 4470 7058 
5497 5821 9037 9439 
5498 5385 5390 8184 
5499 619 620 621 
5500 1383 1373 1384 
5501 1657 1635 6355 
5502 617 618 619 
5503 6261 8649 10625 
5504 2465 2466 2551 
5505 5390 5682 5683 
5506 3730 3733 8639 
5507 1374 1376 6926 
5508 615 616 617 
5509 2544 3013 5402 
5510 6477 240 10377 
5511 2307 4626 7011 
5512 613 614 615 
5513 3709 7304 7338 
5514 611 612 613 
5515 609 610 611 
5516 607 608 609 
5517 210 6812 7128 
5518 218 7018 7121 
5519 206 2825 7123 
5520 216 298 7127 
5521 204 263 7133 
5522 604 606 607 
5523 2895 3079 3894 
5524 7203 7204 8924 
5525 602 603 604 
5526 600 601 602 
5527 843 845 7298 
5528 825 824 826 
5529 598 599 600 
5530 4119 5739 6155 
5531 3203 2609 8809 
5532 42 245 6960 
5533 596 597 598 
5534 8368 7008 9024 
5535 594 595 596 
5536 6737 5332 7019 
5537 591 593 594 
5538 6758 7235 10459 
5539 1291 1328 1329 
5540 589 590 591 
5541 8833 6150 10010 
5542 5558 8376 8465 
5543 6743 6744 6745 
5544 5387 5381 8486 
5545 368 1201 2685 
5546 587 588 589 
5547 6719 3134 8392 
5548 1574 1575 1576 
5549 1722 1723 1724 
5550 7148 7114 7149 
5551 585 586 587 
5552 8508 5946 10571 
5553 1664 1663 1869 
5554 4170 4168 7934 
5555 735 7826 7827 
5556 7302 3709 8171 
5557 636 635 637 
5558 2696 2718 7191 
5559 583 584 585 
5560 845 847 6839 
5561 3565 3558 3566 
5562 420 399 7043 
5563 81 82 6604 
5564 7822 7824 7825 
5565 5402 7189 9234 
5566 4696 4699 5120 
5567 4198 8291 8573 
5568 5559 5792 9404 
5569 7079 3701 8792 
5570 3275 3453 3454 
5571 7128 6817 9909 
5572 3745 4368 5096 
5573 3477 9090 9738 
5574 5730 8412 9908 
5575 8422 925 8741 
5576 3935 4571 4572 
5577 878 879 880 
5578 5468 5242 8887 
5579 5018 5017 5331 
5580 5389 5375 7096 
5581 5206 4233 7048 
5582 5489 5890 5891 
5583 5368 6033 8647 
5584 2116 2121 2761 
5585 6122 282 10649 
5586 4235 4487 5770 
5587 4287 5503 6344 
5588 35 36 6959 
5589 823 3393 6413 
5590 5697 2110 8512 
5591 2548 6823 10313 
5592 8360 7116 8773 
5593 3052 501 8727 
5594 4270 4269 5059 
5595 5784 5349 6601 
5596 52 53 301 
5597 79 80 302 
5598 6877 6879 6880 
5599 1454 1452 8668 
5600 2526 2291 2527 
5601 5165 6039 8201 
5602 7288 6487 9541 
5603 5086 5085 5088 
5604 1732 545 8731 
5605 2730 2726 8498 
5606 2316 2249 8625 
5607 4711 5960 5961 
5608 8251 5357 9786 
5609 4023 9582 9803 
5610 749 763 7315 
5611 5049 5084 6566 
5612 3281 6383 9472 
5613 8740 8234 10227 
5614 6404 8513 8571 
5615 3754 4060 4061 
5616 5988 541 8740 
5617 20 21 6594 
5618 5483 5481 6656 
5619 6559 1023 10350 
5620 7070 7069 8478 
5621 3496 5099 8651 
5622 3233 3235 5054 
5623 7825 6013 10470 
5624 3813 4436 4437 
5625 3752 3749 8538 
5626 8353 8352 8413 
5627 1809 1815 1818 
5628 7025 3004 8376 
5629 851 849 852 
5630 2673 2672 2674 
5631 5696 4033 7138 
5632 4620 6518 6519 
5633 6620 291 9307 
5634 1149 1148 1150 
5635 8976 5841 9755 
5636 3798 4585 6944 
5637 3294 3412 8061 
5638 4701 3294 8061 
5639 4630 8256 8257 
5640 6760 2303 8566 
5641 8807 1338 9122 
5642 1794 6796 9320 
5643 5207 5208 7175 
5644 6761 3189 8569 
5645 2215 2212 5558 
5646 4121 4586 6131 
5647 2695 2696 7191 
5648 1624 3269 7061 
5649 1023 1008 8394 
5650 823 821 824 
5651 3444 3029 8750 
5652 4032 4683 4685 
5653 5384 5380 8267 
5654 6198 6244 8459 
5655 1661 1632 1663 
5656 6563 682 9576 
5657 6394 5243 8797 
5658 2876 3436 7320 
5659 3436 2878 7144 
5660 5939 8314 8315 
5661 6560 7136 8899 
5662 3532 6746 9502 
5663 5770 4487 5771 
5664 9011 6453 9222 
5665 5844 5843 10210 
5666 3988 4125 4126 
5667 3051 2730 3512 
5668 1141 1144 2892 
5669 581 567 9919 
5670 1582 6731 8902 
5671 1631 1662 8448 
5672 1137 1139 1479 
5673 6717 3301 9715 
5674 7192 8822 9087 
5675 8060 8098 8099 
5676 86 87 7099 
5677 5480 5481 5482 
5678 403 405 9450 
5679 2526 2527 2866 
5680 4062 6361 10234 
5681 5759 9764 9803 
5682 1133 1135 3298 
5683 2518 2292 10248 
5684 7066 2237 7067 
5685 6062 4990 8720 
5686 7207 6116 8709 
5687 579 582 583 
5688 827 828 829 
5689 5043 5350 6023 
5690 2174 2173 2175 
5691 6828 303 10406 
5692 525 526 527 
5693 6524 3201 8770 
5694 7919 6780 8258 
5695 2653 1501 8685 
5696 2872 2873 7320 
5697 8379 3212 8380 
5698 6949 1467 8415 
5699 4610 4608 5085 
5700 6977 5384 8513 
5701 1721 1722 7169 
5702 6346 5503 7134 
5703 7110 3010 7111 
5704 9301 7978 9359 
5705 9644 244 10171 
5706 6677 6678 6679 
5707 4498 6615 9521 
5708 8423 8426 8427 
5709 8789 592 10658 
5710 2169 2172 6947 
5711 5812 5811 7211 
5712 2181 1997 3763 
5713 3349 1378 9422 
5714 6644 8596 10562 
5715 5486 5665 10446 
5716 6980 6979 6981 
5717 634 635 636 
5718 6668 1331 9801 
5719 4478 8886 9322 
5720 5107 7075 7076 
5721 5465 5857 7327 
5722 2171 2251 7077 
5723 7142 5961 7143 
5724 6116 5437 8849 
5725 878 876 879 
5726 5042 6508 8448 
5727 3365 9258 9825 
5728 10045 9206 10218 
5729 8756 4299 8786 
5730 6318 4679 9499 
5731 1006 3225 8394 
5732 581 9919 10573 
5733 8471 8470 9072 
5734 8138 4029 8204 
5735 380 381 382 
5736 6967 2897 8913 
5737 7010 6968 9799 
5738 4587 6058 7331 
5739 230 8 9590 
5740 6879 6878 6883 
5741 4783 4785 4808 
5742 2343 2250 8767 
5743 6426 4614 8156 
5744 10407 10313 10466 
5745 8344 3666 8495 
5746 5989 6781 10528 
5747 3008 4120 4591 
5748 382 383 384 
5749 4862 4863 5519 
5750 4486 5864 7174 
5751 9473 5561 9789 
5752 4032 4685 7198 
5753 6925 394 9723 
5754 225 7314 8317 
5755 827 826 828 
5756 3223 3525 8691 
5757 839 841 7301 
5758 2999 8033 9765 
5759 3568 3986 3987 
5760 2755 2888 2889 
5761 5844 10210 10283 
5762 2695 2694 2696 
5763 4532 4533 4534 
5764 3452 4583 4584 
5765 5034 5861 6517 
5766 7242 255 7243 
5767 525 523 526 
5768 5325 3998 7081 
5769 4302 6525 9889 
5770 6311 8380 10322 
5771 519 521 6890 
5772 4534 4535 4536 
5773 226 280 7314 
5774 6454 5290 8914 
5775 5865 5025 6821 
5776 10332 6203 10599 
5777 5092 5093 6148 
5778 3846 4109 10592 
5779 4530 4531 4532 
5780 2704 2716 6872 
5781 6505 2205 9591 
5782 5383 6977 6978 
5783 5753 5049 6566 
5784 8469 3435 9869 
5785 551 549 7014 
5786 4061 4060 7142 
5787 2444 7021 8251 
5788 387 389 7109 
5789 5377 5383 7096 
5790 2216 2215 2217 
5791 1146 1148 1149 
5792 330 329 331 
5793 8523 8437 10468 
5794 7084 1705 7085 
5795 8099 8100 9372 
5796 8701 7088 9974 
5797 7176 9084 9231 
5798 6733 5399 7171 
5799 6776 5962 10504 
5800 2763 2764 3036 
5801 4460 4466 7145 
5802 872 874 6895 
5803 4981 7015 8762 
5804 4990 8215 8720 
5805 6835 6461 8247 
5806 6988 5007 6989 
5807 4619 5927 6256 
5808 5343 5345 5886 
5809 1329 6754 6755 
5810 6757 6758 6759 
5811 9218 2983 9311 
5812 7301 7302 8171 
5813 584 2402 8280 
5814 5756 8687 9758 
5815 6605 274 6606 
5816 1147 1298 7137 
5817 141 142 299 
5818 221 222 300 
5819 6471 5275 6472 
5820 9652 4469 10197 
5821 2251 2170 3295 
5822 225 226 7314 
5823 3329 8694 10459 
5824 5392 5386 8184 
5825 7191 2718 7192 
5826 5006 5043 8342 
5827 3173 3344 8435 
5828 6167 9610 10039 
5829 41 42 6960 
5830 1941 7312 7313 
5831 6473 6474 10195 
5832 1865 2019 4568 
5833 8426 8425 8429 
5834 933 3108 8799 
5835 6855 5853 9371 
5836 7217 7214 7249 
5837 7303 8384 8494 
5838 1997 1737 7221 
5839 5482 5483 6443 
5840 5796 4555 6349 
5841 4525 4590 4612 
5842 6588 4865 6589 
5843 1737 1540 7221 
5844 317 6857 6858 
5845 10149 10148 10351 
5846 6750 6751 8341 
5847 317 6858 7073 
5848 2510 7299 7300 
5849 6529 4314 10186 
5850 2009 1082 8802 
5851 5056 8386 8390 
5852 9088 6907 10007 
5853 8450 6619 10250 
5854 6431 2319 9410 
5855 4713 5704 9774 
5856 2547 1863 7232 
5857 6232 7612 10374 
5858 853 854 855 
5859 4685 4686 5826 
5860 8539 8845 10164 
5861 257 7012 7026 
5862 2220 2223 7264 
5863 2888 2754 2890 
5864 7538 7537 10042 
5865 4554 4293 4555 
5866 4814 4781 7233 
5867 8468 8469 9869 
5868 5887 5111 6770 
5869 151 282 6785 
5870 6213 6214 9819 
5871 2213 2215 2216 
5872 3836 3752 8538 
5873 6710 5314 9601 
5874 9449 7488 9629 
5875 853 852 854 
5876 2093 2095 3421 
5877 6984 6982 6985 
5878 5221 8174 8275 
5879 5166 5162 6499 
5880 1071 1401 8806 
5881 2337 6939 9724 
5882 6209 6207 9849 
5883 2345 1991 7347 
5884 7181 4556 7182 
5885 5908 5321 9646 
5886 6187 6186 6188 
5887 8183 3255 9923 
5888 6013 7825 9613 
5889 2175 2173 3025 
5890 5199 5329 7238 
5891 3900 8164 9605 
5892 9761 8564 10085 
5893 1333 1393 1679 
5894 117 118 7040 
5895 2047 8285 9948 
5896 7212 3676 8487 
5897 5442 6568 6569 
5898 3796 5040 5295 
5899 2763 3036 7286 
5900 2205 2206 2207 
5901 2494 2848 2849 
5902 5874 8930 8964 
5903 2849 2848 8764 
5904 4408 4556 7181 
5905 2162 2619 3122 
5906 4597 2260 6424 
5907 3298 1135 7158 
5908 5864 4488 6243 
5909 2248 2493 2494 
5910 4373 4374 4530 
5911 7358 5799 10268 
5912 7190 5758 9417 
5913 6566 5084 7308 
5914 2696 2698 2718 
5915 3763 1997 7221 
5916 5668 5670 9659 
5917 10115 6906 10519 
5918 6085 7292 9734 
5919 6156 5739 8303 
5920 845 6839 7298 
5921 3109 8383 8608 
5922 6978 6979 6980 
5923 6770 6122 10301 
5924 9199 8084 9245 
5925 5081 5080 6477 
5926 7447 8175 8276 
5927 294 6940 7294 
5928 7155 4539 8684 
5929 5110 4522 5111 
5930 7079 8792 9220 
5931 9246 2740 10035 
5932 960 3709 7338 
5933 1491 962 7338 
5934 767 6675 8948 
5935 6763 3421 10352 
5936 8887 6019 9188 
5937 6348 1795 9565 
5938 138 139 7030 
5939 5089 5088 5242 
5940 4126 4127 4380 
5941 8538 4523 10644 
5942 1298 1297 1299 
5943 8479 1517 9579 
5944 2275 2273 2444 
5945 1732 8731 9080 
5946 3068 6038 6703 
5947 7659 9462 10622 
5948 3249 5337 9277 
5949 1366 5484 8818 
5950 2084 2079 6797 
5951 758 603 7188 
5952 292 6621 6622 
5953 6911 2695 7191 
5954 2170 2142 8215 
5955 144 145 9710 
5956 5886 5345 10548 
5957 8531 8106 8548 
5958 7116 4198 8573 
5959 7729 6049 10503 
5960 5811 8369 10028 
5961 122 123 6968 
5962 5488 5489 6888 
5963 3265 4391 8889 
5964 4380 4381 5488 
5965 3538 4382 8820 
5966 3591 2840 10567 
5967 273 7041 7194 
5968 2852 2851 7135 
5969 261 140 7087 
5970 1990 516 7316 
5971 5962 5919 9886 
5972 5562 8692 9347 
5973 5664 9368 9434 
5974 259 8718 8907 
5975 8721 3668 8737 
5976 5194 6303 7088 
5977 977 6866 8407 
5978 392 493 9723 
5979 5078 7060 8500 
5980 1963 1881 9424 
5981 5804 7102 9466 
5982 405 406 407 
5983 4536 4537 5681 
5984 6944 8878 8916 
5985 957 948 8895 
5986 4781 4783 7233 
5987 3915 3917 8236 
5988 249 7245 7246 
5989 6699 6700 6701 
5990 1863 1865 7232 
5991 2211 2212 2213 
5992 8250 7061 10619 
5993 5081 6477 6478 
5994 4491 6083 6084 
5995 8181 5558 8465 
5996 3036 8521 9035 
5997 5736 9328 9513 
5998 1883 1884 1885 
5999 6438 6413 8589 
6000 1571 663 9429 
6001 8480 8479 9579 
6002 2809 3018 3388 
6003 3433 6389 10570 
6004 7214 7213 7249 
6005 4685 4683 4686 
6006 9 10 7073 
6007 8377 5408 8378 
6008 2348 2175 2349 
6009 5049 4637 5084 
6010 5701 8592 8697 
6011 8649 5722 10583 
6012 139 261 7030 
6013 813 815 2165 
6014 1103 1101 7236 
6015 3764 3763 3765 
6016 3430 3563 4144 
6017 140 141 7087 
6018 8845 6638 10559 
6019 1941 180 7312 
6020 4467 8532 9997 
6021 6952 1981 9213 
6022 2353 8409 9189 
6023 54 55 265 
6024 77 78 266 
6025 3093 2719 8821 
6026 6404 6403 7273 
6027 4168 4177 7934 
6028 4178 4170 7934 
6029 5676 8739 9536 
6030 6863 5304 8338 
6031 7038 4061 9931 
6032 49 243 6958 
6033 6786 6785 9957 
6034 2844 6910 8335 
6035 213 7228 8186 
6036 6556 6554 9256 
6037 4711 5961 7142 
6038 406 404 6918 
6039 9488 6142 9864 
6040 1486 1487 9734 
6041 6885 4665 10600 
6042 2203 2204 2205 
6043 2169 2171 2172 
6044 7960 10016 10142 
6045 210 211 6812 
6046 146 147 297 
6047 216 217 298 
6048 156 157 2843 
6049 206 207 2825 
6050 158 159 264 
6051 204 205 263 
6052 154 155 257 
6053 208 209 251 
6054 149 150 6786 
6055 218 219 7018 
6056 148 149 258 
6057 214 215 252 
6058 143 144 260 
6059 219 220 254 
6060 151 152 282 
6061 211 212 283 
6062 160 161 308 
6063 202 203 307 
6064 7293 6153 9779 
6065 6199 4543 6200 
6066 1884 1882 7013 
6067 1553 2247 2248 
6068 1521 3511 8844 
6069 2700 2701 2702 
6070 9282 9921 10096 
6071 6839 6840 6841 
6072 1948 6753 10518 
6073 2541 870 7345 
6074 2672 2268 6436 
6075 9238 8864 10433 
6076 5198 5197 5199 
6077 2208 2394 3004 
6078 8109 6530 8110 
6079 2207 2208 2209 
6080 287 9647 10376 
6081 8898 4068 9296 
6082 5004 6481 7202 
6083 2031 2905 8256 
6084 951 3232 8850 
6085 516 519 7316 
6086 1101 1397 7236 
6087 6796 1794 10403 
6088 7241 255 7242 
6089 202 307 7244 
6090 2702 2703 2704 
6091 4349 7141 7295 
6092 5382 5381 5385 
6093 6809 6810 6811 
6094 3358 3361 8908 
6095 2097 2100 2101 
6096 8061 6016 8062 
6097 5396 7778 8372 
6098 8447 5173 8637 
6099 7193 2400 8713 
6100 2131 2133 2136 
6101 2804 2803 2805 
6102 6214 6215 6763 
6103 5997 4652 7224 
6104 9326 6734 10620 
6105 5232 3798 6944 
6106 3816 3819 8857 
6107 2127 2129 3938 
6108 2617 9389 10521 
6109 5680 8955 9685 
6110 6237 6238 10387 
6111 2181 3763 3764 
6112 97 98 10178 
6113 1150 1148 3845 
6114 9552 6892 10383 
6115 6471 6838 7280 
6116 5965 5165 9113 
6117 957 8895 8896 
6118 10077 6250 10191 
6119 2665 2664 2666 
6120 6471 6472 6838 
6121 2663 2665 2667 
6122 1333 1679 7306 
6123 841 2510 7301 
6124 7097 733 8496 
6125 2222 2220 7264 
6126 6466 5485 9687 
6127 6108 6107 9647 
6128 3448 1666 8189 
6129 1298 1299 1300 
6130 2251 3295 3296 
6131 5076 8457 8593 
6132 3677 3681 7919 
6133 2174 2175 2348 
6134 4490 4489 9839 
6135 5198 5199 5733 
6136 1219 7240 8361 
6137 2692 2693 2694 
6138 7751 8292 8305 
6139 8709 6116 8849 
6140 4003 4002 4670 
6141 3115 3554 4349 
6142 1993 1466 6610 
6143 2973 7057 8614 
6144 5683 5682 6120 
6145 6133 8535 9428 
6146 6185 8257 8375 
6147 6317 6570 10462 
6148 3856 8763 8890 
6149 3837 8228 9438 
6150 6500 6502 8827 
6151 7195 5951 8474 
6152 6460 6461 6835 
6153 2727 2844 2845 
6154 2844 2691 6910 
6155 7502 1277 10523 
6156 4638 6025 6026 
6157 1990 7317 7348 
6158 6542 6541 7267 
6159 1473 8975 9852 
6160 5159 6647 6649 
6161 736 633 6819 
6162 8825 5302 10541 
6163 2573 3297 7610 
6164 5542 5541 8588 
6165 3420 3068 6703 
6166 7034 7032 7035 
6167 1137 1479 7158 
6168 6144 7269 8149 
6169 7269 7071 8149 
6170 5743 4548 5920 
6171 2062 2063 2064 
6172 7953 6921 10275 
6173 7292 1500 9734 
6174 4630 8374 8699 
6175 839 7301 8171 
6176 4501 7313 9437 
6177 3700 5053 7346 
6178 238 239 7009 
6179 6936 5280 8943 
6180 3479 6747 9904 
6181 870 872 7345 
6182 53 54 7117 
6183 5043 6633 8342 
6184 5079 5081 8220 
6185 6870 1798 9559 
6186 2704 2705 2706 
6187 8306 4219 8384 
6188 4029 4246 8204 
6189 1677 1673 8352 
6190 1149 1150 1151 
6191 5400 9374 9514 
6192 5004 7202 7203 
6193 5272 6469 6670 
6194 2083 2086 2486 
6195 8181 8465 8607 
6196 5799 5283 10268 
6197 1609 1607 10282 
6198 6895 7069 7070 
6199 2698 2699 2700 
6200 3103 5292 8263 
6201 3506 3507 8759 
6202 6587 9681 9700 
6203 6254 6253 9171 
6204 6097 6095 8235 
6205 2433 2434 2435 
6206 771 5175 8880 
6207 4039 5161 9075 
6208 4414 1715 8631 
6209 1679 3743 7306 
6210 6890 7110 7148 
6211 6891 6810 10544 
6212 4991 8138 8204 
6213 5828 3526 7162 
6214 6465 9241 10206 
6215 6642 6644 6645 
6216 758 7188 9053 
6217 3368 2345 7347 
6218 1991 3854 7347 
6219 8259 8120 8284 
6220 9785 2648 10568 
6221 5440 8568 9834 
6222 4371 5293 5294 
6223 5293 4396 5866 
6224 296 135 8909 
6225 6887 1064 8856 
6226 4844 4852 10365 
6227 7437 8404 9537 
6228 4405 4474 4475 
6229 4474 4404 5330 
6230 4686 5908 7285 
6231 512 514 7348 
6232 1403 1413 1476 
6233 1413 1352 1419 
6234 1485 7213 7214 
6235 7213 7065 7249 
6236 3894 3079 6990 
6237 7417 7416 9367 
6238 636 637 638 
6239 6972 6527 10651 
6240 5302 7059 10541 
6241 5476 4262 7360 
6242 7538 10042 10291 
6243 8903 3347 9046 
6244 2547 7232 8174 
6245 5375 5377 7096 
6246 4840 4844 9235 
6247 2854 9443 10501 
6248 8241 3305 8418 
6249 8787 7184 9655 
6250 247 6603 7187 
6251 301 53 7117 
6252 3869 4192 4416 
6253 5838 2852 5840 
6254 3993 5838 5839 
6255 1151 1150 1152 
6256 2811 2606 7394 
6257 6019 5088 10311 
6258 2361 6864 9010 
6259 5182 6753 8733 
6260 316 122 6968 
6261 4814 7233 8175 
6262 213 214 7228 
6263 7444 8248 8268 
6264 4489 9783 9839 
6265 6048 7714 10604 
6266 6723 6724 9979 
6267 2109 2112 2113 
6268 7554 7960 10142 
6269 5767 9872 10241 
6270 2685 1201 8798 
6271 4537 5149 5224 
6272 5390 5683 8184 
6273 2217 2215 8181 
6274 5286 9301 9359 
6275 5706 6851 10340 
6276 6604 242 8345 
6277 3240 3239 3908 
6278 3237 3240 3241 
6279 507 3402 8886 
6280 1729 5107 10657 
6281 6037 5929 10312 
6282 8927 2144 9770 
6283 5382 5385 5386 
6284 2461 2460 2462 
6285 880 879 881 
6286 7034 7035 8804 
6287 75 76 310 
6288 56 57 309 
6289 4341 6898 9848 
6290 3563 6868 6869 
6291 1022 7425 7426 
6292 1491 7339 7340 
6293 6621 6945 9138 
6294 2700 2797 7022 
6295 7515 7516 9021 
6296 7200 7199 7201 
6297 6993 6991 6997 
6298 6992 6993 6994 
6299 6920 6919 6921 
6300 7169 1725 8328 
6301 5804 9466 9593 
6302 4165 7384 8926 
6303 6371 6372 7026 
6304 5306 7092 7271 
6305 7304 7303 8494 
6306 1503 5679 8932 
6307 3587 4028 4029 
6308 5810 5811 5812 
6309 6980 6981 6982 
6310 3301 2784 9308 
6311 5547 8953 9150 
6312 6440 6165 7262 
6313 7272 4660 8640 
6314 6745 6744 7186 
6315 1722 1724 1725 
6316 1724 1723 1728 
6317 5107 7076 10657 
6318 6084 6083 6085 
6319 4982 3765 8232 
6320 2696 2697 2698 
6321 7238 5329 7239 
6322 1113 7098 8297 
6323 1061 7210 9526 
6324 5035 725 7361 
6325 7221 1540 8198 
6326 2607 3203 7860 
6327 4413 5653 8729 
6328 8174 7232 8275 
6329 8678 1596 10527 
6330 2058 2059 2060 
6331 6362 6388 10234 
6332 5326 9218 9311 
6333 362 361 6749 
6334 9203 9623 10246 
6335 6739 6738 6741 
6336 6342 5952 10103 
6337 8352 2446 8413 
6338 6880 6879 6881 
6339 5771 4487 5772 
6340 8289 271 10263 
6341 2105 2107 2108 
6342 2435 2436 2438 
6343 2029 6894 10002 
6344 9436 1285 10094 
6345 5187 3936 8732 
6346 8802 5971 10445 
6347 2673 2674 2675 
6348 519 6890 7316 
6349 4623 4106 8339 
6350 5558 2212 7025 
6351 5883 6974 8830 
6352 2438 2439 2449 
6353 2871 2773 8334 
6354 2449 2574 2575 
6355 6901 5054 10014 
6356 2575 2822 2823 
6357 6989 2590 9180 
6358 2823 3102 3103 
6359 872 6895 7345 
6360 7778 5396 8650 
6361 3103 3168 3169 
6362 7282 1537 7283 
6363 8175 7233 8276 
6364 3169 3180 3341 
6365 7051 1581 8620 
6366 3246 3247 3567 
6367 3341 3342 4652 
6368 5731 5732 8367 
6369 2541 7345 8245 
6370 4652 5095 5963 
6371 3805 3806 8794 
6372 5467 5242 5468 
6373 48 49 6958 
6374 5342 2383 8401 
6375 2866 2527 3075 
6376 2526 2866 2867 
6377 1325 1333 7306 
6378 4016 3513 4370 
6379 827 829 1467 
6380 829 828 830 
6381 4725 8239 8291 
6382 527 526 528 
6383 2270 2269 2271 
6384 113 270 9658 
6385 6695 6693 8992 
6386 2047 2048 8285 
6387 7111 3010 7112 
6388 6565 5358 8827 
6389 8640 8591 9210 
6390 4783 4808 7233 
6391 1269 8118 9700 
6392 6707 5470 9920 
6393 2672 6436 8260 
6394 5651 5417 6792 
6395 2876 2878 3436 
6396 10 317 7073 
6397 422 6708 9507 
6398 3198 2846 8335 
6399 1491 7338 7339 
6400 301 7117 7173 
6401 2889 2888 3874 
6402 2755 2889 2898 
6403 1290 369 6832 
6404 5112 8572 10147 
6405 638 637 639 
6406 6869 8898 9296 
6407 5865 6821 6822 
6408 6812 283 6813 
6409 2498 2352 2620 
6410 8250 5998 9775 
6411 2216 2217 2218 
6412 7084 7085 7086 
6413 2833 3542 8602 
6414 711 7201 10627 
6415 5380 5382 8267 
6416 6357 6352 8604 
6417 3422 7088 8701 
6418 3855 3825 8419 
6419 9021 7516 9106 
6420 6192 6181 9470 
6421 3743 7321 8176 
6422 6615 3254 10089 
6423 4568 2019 6946 
6424 1865 4568 7232 
6425 9181 3302 9275 
6426 4702 6922 8187 
6427 6234 8272 10125 
6428 898 900 942 
6429 5525 5526 5716 
6430 5523 5524 5525 
6431 2510 7300 7301 
6432 6557 5727 10167 
6433 5716 5717 5718 
6434 9435 6170 10364 
6435 3554 4294 4295 
6436 855 854 856 
6437 853 855 2008 
6438 5826 4686 7285 
6439 4685 5826 6239 
6440 340 339 6766 
6441 2231 2217 8181 
6442 3437 2648 9785 
6443 7306 3743 8176 
6444 8242 1656 8243 
6445 6839 6841 7298 
6446 5578 512 7348 
6447 514 1990 7348 
6448 5155 5157 8912 
6449 1679 1393 1680 
6450 2403 2642 9878 
6451 1673 1671 2446 
6452 2172 2173 2174 
6453 5076 8154 8610 
6454 8932 5679 8933 
6455 7341 4211 8344 
6456 4702 4703 5523 
6457 5212 5213 5540 
6458 3152 9420 10402 
6459 2348 2349 2501 
6460 3765 3763 8232 
6461 9062 3937 9687 
6462 5008 5211 5212 
6463 2351 1992 2352 
6464 407 406 408 
6465 7246 7245 7247 
6466 5786 7254 9101 
6467 5081 6478 6575 
6468 1885 1884 1886 
6469 3542 6931 8602 
6470 6751 4866 10327 
6471 8405 8406 8489 
6472 8198 7743 8232 
6473 4211 7341 8494 
6474 6672 5037 7363 
6475 3819 3814 8747 
6476 2895 2896 3079 
6477 3764 3765 3766 
6478 473 470 7362 
6479 3945 1721 7169 
6480 2885 5550 6987 
6481 290 6657 9333 
6482 2175 3025 8217 
6483 3157 2850 9172 
6484 5169 5989 10135 
6485 477 473 8206 
6486 880 881 882 
6487 4060 4711 7142 
6488 2136 2137 2139 
6489 6841 6840 6842 
6490 2716 7089 7090 
6491 3004 2394 3005 
6492 3421 2095 7231 
6493 5250 5251 5252 
6494 2667 2665 2668 
6495 5199 5328 5329 
6496 33 277 6945 
6497 6811 6810 6891 
6498 2805 2803 2806 
6499 2804 2805 2807 
6500 3898 8062 10587 
6501 7485 8333 8395 
6502 6934 1372 10008 
6503 6868 6867 8311 
6504 2666 2664 3877 
6505 2197 2195 2234 
6506 6774 5024 8377 
6507 4077 1614 8364 
6508 8215 2140 8720 
6509 6890 7148 7316 
6510 4647 6543 8343 
6511 1300 1299 1301 
6512 3296 3295 3897 
6513 5733 5199 7238 
6514 5198 5733 5734 
6515 157 158 7122 
6516 147 148 7126 
6517 142 143 7129 
6518 159 160 7132 
6519 4670 4002 4671 
6520 4003 4670 5406 
6521 7239 8194 9620 
6522 4349 3554 7139 
6523 2054 2055 2056 
6524 2168 2169 6947 
6525 2139 2140 2141 
6526 2141 2142 2168 
6527 2215 5558 8181 
6528 7151 3828 7153 
6529 2727 2845 5023 
6530 2845 2844 2846 
6531 141 299 7087 
6532 4367 6482 9528 
6533 2763 7286 8262 
6534 7243 255 8162 
6535 7687 7688 8725 
6536 2245 2125 7159 
6537 3795 3454 6798 
6538 2264 2263 2265 
6539 4095 4107 8327 
6540 17 18 8289 
6541 7327 5857 7328 
6542 5278 5279 5790 
6543 999 1019 7355 
6544 7203 7202 7204 
6545 1621 9489 9887 
6546 6806 4323 9812 
6547 2470 2483 3116 
6548 6614 380 9670 
6549 9462 5895 10622 
6550 5665 6777 9557 
6551 7221 8198 8232 
6552 6560 6562 9358 
6553 2256 2414 9119 
6554 5293 5866 6050 
6555 8020 9400 10209 
6556 4405 4475 4526 
6557 4475 4474 5983 
6558 1403 1476 1492 
6559 1476 1413 1485 
6560 1485 7214 7215 
6561 9353 6608 10371 
6562 6813 6815 8224 
6563 3881 3473 6778 
6564 3993 5839 6134 
6565 5872 4623 8339 
6566 1151 1152 1153 
6567 5185 5184 6777 
6568 5667 7155 8432 
6569 5224 5149 6730 
6570 3908 3239 3909 
6571 3241 3240 3242 
6572 5382 5386 5388 
6573 9402 4573 9976 
6574 7340 7339 7341 
6575 1569 1713 8685 
6576 6895 7070 7345 
6577 1565 1566 1567 
6578 1567 1708 1709 
6579 6817 5885 9909 
6580 6992 6994 6995 
6581 7341 8344 8495 
6582 5436 5221 8275 
6583 1709 2012 2013 
6584 6194 6195 6704 
6585 4029 4028 4030 
6586 2013 2309 2310 
6587 7028 4434 10190 
6588 2310 2428 2429 
6589 1728 1723 3564 
6590 1725 1724 1726 
6591 2085 2081 8838 
6592 8457 5076 8610 
6593 5892 9469 9485 
6594 7298 6841 7299 
6595 6243 6529 6530 
6596 2501 2349 2502 
6597 277 34 10434 
6598 5004 7203 7351 
6599 9051 5497 9308 
6600 5771 5772 5773 
6601 7516 1259 9106 
6602 524 5988 8244 
6603 2675 2674 2676 
6604 2673 2675 2771 
6605 249 7246 8168 
6606 6313 6614 9843 
6607 2111 2107 8271 
6608 89 244 9644 
6609 4246 7200 8204 
6610 7179 6026 9709 
6611 8201 5514 9818 
6612 2866 3075 3835 
6613 1865 1866 2019 
6614 829 830 831 
6615 527 528 529 
6616 6505 9591 9772 
6617 7111 7112 7113 
6618 7150 5098 8630 
6619 1555 1564 1565 
6620 669 667 7275 
6621 2218 2217 2219 
6622 2898 2889 2899 
6623 638 639 640 
6624 7086 7085 7282 
6625 5607 4777 7405 
6626 5611 7447 8276 
6627 7301 7300 7302 
6628 3587 4029 8138 
6629 855 856 857 
6630 4685 6239 7198 
6631 5005 8208 8233 
6632 71 311 7332 
6633 240 59 7334 
6634 313 61 7336 
6635 64 312 7335 
6636 1679 1680 2026 
6637 9220 8792 10275 
6638 6711 3876 9947 
6639 4565 6275 9305 
6640 1325 7306 7353 
6641 661 3974 9429 
6642 6060 4329 10236 
6643 6319 6321 7305 
6644 407 408 409 
6645 5295 5500 7138 
6646 2236 8214 9952 
6647 6575 6478 6576 
6648 1885 1886 1887 
6649 94 95 8238 
6650 7328 9030 10334 
6651 3766 3765 3767 
6652 8386 6842 8390 
6653 880 882 2023 
6654 882 881 883 
6655 7090 5135 10200 
6656 6626 6624 9019 
6657 3005 2394 3963 
6658 3004 3005 3006 
6659 2667 2668 2669 
6660 6811 6891 6892 
6661 3078 6683 8440 
6662 898 942 7354 
6663 5308 6846 8888 
6664 2804 2807 2808 
6665 2805 2806 3158 
6666 7187 6603 9711 
6667 2666 3877 4482 
6668 1301 1299 2766 
6669 1300 1301 1302 
6670 3897 3295 4990 
6671 3296 3897 3898 
6672 75 310 7256 
6673 4002 3915 8236 
6674 5406 4670 5778 
6675 4671 4002 8236 
6676 4003 5406 5407 
6677 2845 2846 2847 
6678 2019 2020 2190 
6679 2349 2175 8217 
6680 2354 10348 10381 
6681 1135 1137 7158 
6682 7036 7034 8804 
6683 51 52 7045 
6684 286 70 7332 
6685 60 313 7334 
6686 62 267 7336 
6687 267 63 7335 
6688 1333 1334 1393 
6689 4526 4475 4527 
6690 1492 1476 1558 
6691 7215 7214 7216 
6692 4476 5007 5008 
6693 8292 7340 8305 
6694 6134 5839 6135 
6695 1153 1152 1154 
6696 5252 5253 5254 
6697 3241 3242 3243 
6698 3908 3909 4493 
6699 5388 5386 5391 
6700 69 70 286 
6701 66 67 246 
6702 71 72 311 
6703 58 59 240 
6704 73 74 241 
6705 60 61 313 
6706 62 63 267 
6707 64 65 312 
6708 7743 4982 8232 
6709 1441 2457 6709 
6710 6995 6994 6996 
6711 4029 4030 4246 
6712 5805 9112 10036 
6713 1728 3564 3589 
6714 1725 1726 1740 
6715 7338 7304 7339 
6716 2502 2349 2516 
6717 5771 5773 6210 
6718 5773 5772 5775 
6719 6651 10149 10351 
6720 2771 2675 2903 
6721 2676 2674 3528 
6722 2878 2879 2895 
6723 6725 9644 10171 
6724 6694 6695 8391 
6725 831 830 832 
6726 527 529 3010 
6727 529 528 530 
6728 7111 7113 7114 
6729 7113 7112 7115 
6730 6752 2028 10518 
6731 10026 520 10618 
6732 2218 2219 2220 
6733 2219 2217 2231 
6734 111 112 8249 
6735 2898 2899 3136 
6736 6552 5285 10294 
6737 640 639 641 
6738 5254 5255 5256 
6739 70 71 7332 
6740 59 60 7334 
6741 61 62 7336 
6742 63 64 7335 
6743 7302 7300 7303 
6744 1467 8259 8284 
6745 857 856 858 
6746 7198 6239 7199 
6747 8152 7585 8157 
6748 5256 5257 5258 
6749 2026 1680 2027 
6750 1679 2026 3743 
6751 8248 2521 8268 
6752 8149 7862 8155 
6753 4696 5120 7296 
6754 5258 5259 5260 
6755 407 409 418 
6756 409 408 410 
6757 1885 1887 1958 
6758 1887 1886 1888 
6759 3767 3765 4982 
6760 3766 3767 3769 
6761 5260 5261 5262 
6762 882 883 884 
6763 883 881 2030 
6764 3006 3005 4072 
6765 2669 2668 2670 
6766 3158 2806 3159 
6767 2808 2807 2901 
6768 4482 3877 5192 
6769 2666 4482 5663 
6770 5262 5263 5264 
6771 1302 1301 1303 
6772 1300 1302 2482 
6773 3897 4990 6061 
6774 3296 3898 3899 
6775 5407 5406 6053 
6776 2847 2846 3197 
6777 3498 3055 7360 
6778 396 394 6925 
6779 5264 5265 5267 
6780 4526 4527 5992 
6781 1492 1558 1559 
6782 7215 7216 7218 
6783 7216 7214 7217 
6784 6098 5796 10001 
6785 6135 5839 7222 
6786 1154 1152 1198 
6787 1153 1154 1155 
6788 3312 2500 7179 
6789 5267 5268 5273 
6790 4493 3909 4494 
6791 3243 3242 3244 
6792 3908 4493 5090 
6793 5391 5386 5392 
6794 5388 5391 5394 
6795 6995 6996 6998 
6796 6996 6994 7097 
6797 1728 3589 4256 
6798 1740 1726 1741 
6799 3589 3564 5403 
6800 2502 2516 2517 
6801 722 720 7361 
6802 6210 5773 6211 
6803 2676 3528 3529 
6804 2771 2903 2904 
6805 832 830 3834 
6806 831 832 833 
6807 529 530 531 
6808 7114 7113 7116 
6809 712 716 7349 
6810 2220 2219 2221 
6811 3136 2899 3137 
6812 2898 3136 3887 
6813 3055 3066 7360 
6814 4262 3498 7360 
6815 640 641 642 
6816 641 639 1426 
6817 7302 7303 7304 
6818 857 858 859 
6819 2027 1680 4979 
6820 2026 2027 2366 
6821 7349 716 7350 
6822 410 408 3182 
6823 409 410 411 
6824 1888 1886 1900 
6825 1887 1888 1889 
6826 5423 4492 7351 
6827 4492 5004 7351 
6828 3769 3767 3770 
6829 884 883 885 
6830 725 722 7361 
6831 720 3206 7361 
6832 3006 4072 4073 
6833 2669 2670 2671 
6834 2670 2668 3109 
6835 2808 2901 2902 
6836 3159 2806 3586 
6837 3158 3159 3964 
6838 5192 3877 5193 
6839 4482 5192 5836 
6840 1302 1303 1304 
6841 3899 3898 3901 
6842 6061 4990 6062 
6843 3197 2846 3198 
6844 2847 3197 3199 
6845 710 712 7349 
6846 8129 8026 8133 
6847 4526 5992 6158 
6848 5992 4527 5993 
6849 1559 1558 1789 
6850 1492 1559 3840 
6851 7215 7218 7219 
6852 1155 1154 1156 
6853 5090 4493 6048 
6854 3243 3244 3245 
6855 4494 3909 5186 
6856 3244 3242 3888 
6857 5388 5394 5397 
6858 5394 5391 5396 
6859 3657 3658 7364 
6860 469 3073 7362 
6861 6998 6996 6999 
6862 5403 3564 5404 
6863 1740 1741 2147 
6864 4256 3589 5076 
6865 2502 2517 2588 
6866 2517 2516 2790 
6867 2674 2672 8260 
6868 3529 3528 3530 
6869 2904 2903 3389 
6870 833 832 834 
6871 831 833 3718 
6872 531 530 532 
6873 5598 7363 8126 
6874 1323 1325 7353 
6875 1506 1323 7353 
6876 2220 2221 2223 
6877 3136 3137 3138 
6878 3137 2899 3829 
6879 642 641 643 
6880 859 858 860 
6881 857 859 3717 
6882 2366 2027 2367 
6883 411 410 412 
6884 7363 7364 8126 
6885 3658 3661 7364 
6886 5037 3657 7364 
6887 3073 4992 7362 
6888 470 469 7362 
6889 1889 1888 1890 
6890 3769 3770 3771 
6891 3002 896 7354 
6892 896 898 7354 
6893 884 885 886 
6894 3006 4073 4163 
6895 2670 3109 3110 
6896 2669 2671 3758 
6897 3158 3964 3965 
6898 2902 2901 3219 
6899 3159 3586 3587 
6900 5192 5193 5194 
6901 1304 1303 1305 
6902 3899 3901 3902 
6903 6144 8149 8155 
6904 2847 3199 3200 
6905 3197 3198 3428 
6906 997 999 7355 
6907 3014 997 7355 
6908 6158 5992 7277 
6909 1559 1789 1790 
6910 7219 7218 7220 
6911 1155 1156 1157 
6912 4494 5186 6673 
6913 3245 3244 3373 
6914 5090 6048 6049 
6915 5397 5394 6401 
6916 6998 6999 7000 
6917 5403 5404 6736 
6918 1740 2147 2151 
6919 2147 1741 2148 
6920 2588 2517 2589 
6921 2790 2516 5281 
6922 3530 3528 5167 
6923 3389 2903 3391 
6924 3529 3530 3531 
6925 5892 9485 9546 
6926 833 834 835 
6927 531 532 533 
6928 532 530 534 
6929 2223 2221 2224 
6930 3138 3137 3139 
6931 642 643 644 
6932 3014 7355 7356 
6933 859 860 861 
6934 2366 2367 2520 
6935 411 412 413 
6936 1889 1890 1891 
6937 4774 4772 7405 
6938 1045 8108 8114 
6939 3771 3770 3773 
6940 3769 3771 3772 
6941 886 885 887 
6942 884 886 3716 
6943 4163 4073 4164 
6944 3758 2671 5848 
6945 3110 3109 3455 
6946 3965 3964 4334 
6947 3219 2901 3221 
6948 2902 3219 3220 
6949 1304 1305 1306 
6950 3902 3901 4157 
6951 3428 3198 3429 
6952 3200 3199 3293 
6953 1790 1789 2176 
6954 1155 1157 1269 
6955 1157 1156 1158 
6956 4494 6673 6674 
6957 3245 3373 3374 
6958 5397 6401 6402 
6959 4777 4774 7405 
6960 4772 4815 7405 
6961 7000 6999 7001 
6962 2147 2148 2344 
6963 2148 1741 2149 
6964 2790 5281 5453 
6965 2588 2589 2734 
6966 3531 3530 4507 
6967 3529 3531 3533 
6968 835 834 836 
6969 531 533 539 
6970 533 532 535 
6971 2223 2224 2225 
6972 2224 2221 3003 
6973 3138 3139 3140 
6974 644 643 645 
6975 3014 7356 7357 
6976 861 860 862 
6977 8092 7566 8096 
6978 2520 2367 2522 
6979 2366 2520 2521 
6980 413 412 414 
6981 1891 1890 1892 
6982 1889 1891 5117 
6983 3772 3771 4357 
6984 3773 3770 3774 
6985 886 887 888 
6986 4164 4073 4165 
6987 5848 2671 5849 
6988 3110 3455 4290 
6989 3758 5848 5850 
6990 4334 3964 4991 
6991 3219 3221 4975 
6992 2902 3220 3270 
6993 3965 4334 4589 
6994 1306 1305 1307 
6995 3902 4157 4158 
6996 4157 3901 4423 
6997 3293 3199 4181 
6998 3428 3429 4305 
6999 3200 3293 3294 
7000 2176 1789 2178 
7001 1790 2176 2177 
7002 1158 1156 3001 
7003 1157 1158 1159 
7004 3374 3373 3994 
7005 7000 7001 7005 
7006 7001 6999 7002 
7007 2148 2149 2150 
7008 2790 5453 5454 
7009 2588 2734 3415 
7010 2734 2589 2735 
7011 3533 3531 3534 
7012 835 836 837 
7013 836 834 838 
7014 533 535 536 
7015 4972 8081 8083 
7016 717 2909 7358 
7017 2225 2224 2226 
7018 3140 3139 3141 
7019 645 643 3394 
7020 644 645 646 
7021 861 862 863 
7022 862 860 864 
7023 2520 2522 2789 
7024 2522 2367 2523 
7025 413 414 415 
7026 414 412 417 
7027 1892 1890 3706 
7028 1891 1892 1893 
7029 3773 3774 3775 
7030 3772 4357 4358 
7031 888 887 889 
7032 4164 4165 4166 
7033 5848 5849 7318 
7034 3110 4290 4400 
7035 4290 3455 4492 
7036 3758 5850 5851 
7037 3270 3220 3271 
7038 4589 4334 5647 
7039 3965 4589 5629 
7040 4975 3221 4976 
7041 1306 1307 1321 
7042 1307 1305 1308 
7043 8097 1317 8103 
7044 3902 4158 4159 
7045 4157 4423 4999 
7046 3428 4305 4978 
7047 3294 3293 3412 
7048 3200 3294 4123 
7049 4305 3429 4306 
7050 714 717 7358 
7051 2177 2176 2354 
7052 1790 2177 2192 
7053 1159 1158 1160 
7054 3374 3994 3995 
7055 3994 3373 4335 
7056 7001 7002 7003 
7057 2150 2149 2182 
7058 2735 2589 3284 
7059 2734 2735 2736 
7060 5454 5453 5673 
7061 3533 3534 4225 
7062 836 838 839 
7063 835 837 959 
7064 536 535 537 
7065 3206 718 7359 
7066 2225 2226 2228 
7067 3140 3141 3346 
7068 3141 3139 3578 
7069 646 645 647 
7070 644 646 2996 
7071 862 864 865 
7072 861 863 1113 
7073 2522 2523 2524 
7074 413 415 423 
7075 415 414 416 
7076 1893 1892 1894 
7077 3773 3775 4289 
7078 3775 3774 3776 
7079 888 889 891 
7080 889 887 890 
7081 4164 4166 4167 
7082 4290 4492 5423 
7083 4492 3455 5003 
7084 5629 4589 5630 
7085 4975 4976 5641 
7086 3271 3220 3350 
7087 1307 1308 1309 
7088 1306 1321 1322 
7089 4999 4423 5000 
7090 4159 4158 4499 
7091 4123 3294 4701 
7092 4978 4305 5094 
7093 4306 3429 4308 
7094 718 715 7359 
7095 2192 2177 2193 
7096 1159 1160 1161 
7097 3994 4335 4606 
7098 3374 3995 4142 
7099 7003 7002 7004 
7100 2150 2182 2183 
7101 5454 5673 5674 
7102 2736 2735 2737 
7103 4225 3534 4226 
7104 3533 4225 4995 
7105 959 837 960 
7106 839 838 840 
7107 536 537 538 
7108 2225 2228 2230 
7109 2228 2226 2229 
7110 3140 3346 4275 
7111 3346 3141 3347 
7112 646 647 648 
7113 1113 863 1114 
7114 865 864 866 
7115 2524 2523 2525 
7116 8068 4133 8074 
7117 423 415 424 
7118 1893 1894 1895 
7119 3775 3776 3777 
7120 2228 2232 8058 
7121 888 891 977 
7122 889 890 892 
7123 4167 4166 4168 
7124 4492 5003 5004 
7125 5641 4976 5642 
7126 3271 3350 3351 
7127 1322 1321 1335 
7128 1309 1308 1310 
7129 5000 4423 6016 
7130 4159 4499 4500 
7131 4499 4158 5660 
7132 4999 5000 6571 
7133 4978 5094 6112 
7134 4306 4308 4309 
7135 4123 4701 5205 
7136 2192 2193 2194 
7137 1161 1160 1162 
7138 4142 3995 4143 
7139 2183 2182 2391 
7140 5674 5673 6137 
7141 2736 2737 2738 
7142 4226 3534 4227 
7143 4995 4225 4996 
7144 839 840 841 
7145 959 960 961 
7146 960 837 3709 
7147 538 537 1494 
7148 2229 2226 2235 
7149 2228 2229 2232 
7150 3346 3347 4977 
7151 648 647 649 
7152 2183 2393 8047 
7153 1114 863 3708 
7154 865 866 867 
7155 1113 1114 1288 
7156 2150 2183 8047 
7157 2524 2525 2683 
7158 2525 2523 3755 
7159 423 424 425 
7160 1893 1895 1896 
7161 1895 1894 1903 
7162 7593 8071 8072 
7163 3777 3776 3778 
7164 977 891 978 
7165 892 890 893 
7166 4168 4166 4177 
7167 4167 4168 4169 
7168 5004 5003 6481 
7169 3351 3350 3592 
7170 3271 3351 3422 
7171 1309 1310 1311 
7172 1335 1321 4973 
7173 1322 1335 1336 
7174 1310 1308 3719 
7175 4159 4500 5721 
7176 6571 5000 6572 
7177 4999 6571 6573 
7178 4500 4499 4501 
7179 6112 5094 6204 
7180 4306 4309 5123 
7181 8055 7737 8057 
7182 2194 2193 2195 
7183 1161 1162 1163 
7184 1162 1160 1348 
7185 1477 1335 8035 
7186 4143 3995 4604 
7187 2183 2391 2392 
7188 2391 2182 2611 
7189 5674 6137 6138 
7190 2736 2738 3875 
7191 2738 2737 2739 
7192 4995 4996 5005 
7193 4226 4227 4566 
7194 2230 2228 8058 
7195 841 840 842 
7196 961 960 962 
7197 1494 537 1496 
7198 538 1494 1495 
7199 7926 8052 8053 
7200 2232 2229 2233 
7201 649 647 735 
7202 648 649 650 
7203 1288 1114 1289 
7204 867 866 868 
7205 2524 2683 3459 
7206 2683 2525 2684 
7207 2738 2739 8031 
7208 7510 8041 8048 
7209 425 424 426 
7210 1896 1895 1897 
7211 1903 1894 1904 
7212 3778 3776 3793 
7213 3777 3778 3779 
7214 892 893 894 
7215 977 978 979 
7216 4169 4168 4170 
7217 3592 3350 4036 
7218 3351 3592 3593 
7219 1309 1311 3707 
7220 1311 1310 1312 
7221 1336 1335 1477 
7222 5123 4309 5124 
7223 2909 719 7365 
7224 1161 1163 2989 
7225 1163 1162 1164 
7226 4143 4604 4605 
7227 2995 8035 8036 
7228 2391 2611 2991 
7229 2183 2392 2393 
7230 5674 6138 6139 
7231 3875 2738 4962 
7232 2739 2737 2775 
7233 4566 4227 6001 
7234 5005 4996 6267 
7235 4226 4566 5535 
7236 841 842 843 
7237 961 962 963 
7238 538 1495 1497 
7239 1494 1496 3670 
7240 2232 2233 2333 
7241 650 649 651 
7242 648 650 652 
7243 1288 1289 1350 
7244 867 868 870 
7245 2683 2684 2872 
7246 7363 5037 7364 
7247 1335 4973 8035 
7248 426 424 2994 
7249 425 426 427 
7250 1903 1904 1959 
7251 1896 1897 1898 
7252 3779 3778 3780 
7253 894 893 895 
7254 979 978 980 
7255 4169 4170 4171 
7256 3593 3592 4366 
7257 1336 1477 1478 
7258 1311 1312 1313 
7259 5123 5124 6130 
7260 5124 4309 5125 
7261 1163 1164 1165 
7262 4143 4605 5062 
7263 2393 2392 2491 
7264 2991 2611 2992 
7265 2739 2775 2776 
7266 3875 4962 6094 
7267 6139 6138 6140 
7268 6267 4996 6746 
7269 4566 6001 6002 
7270 5005 6267 6268 
7271 963 962 964 
7272 961 963 2987 
7273 841 843 2510 
7274 1497 1495 1498 
7275 3670 1496 3671 
7276 759 4870 7365 
7277 2333 2233 2334 
7278 650 651 653 
7279 1288 1350 1705 
7280 1350 1289 1351 
7281 867 870 2541 
7282 2872 2684 2873 
7283 4214 3660 7986 
7284 425 427 503 
7285 963 965 7995 
7286 427 426 428 
7287 1903 1959 4968 
7288 1896 1898 2998 
7289 1898 1897 1899 
7290 1959 1904 1962 
7291 3779 3780 3781 
7292 8108 7357 8114 
7293 980 978 2986 
7294 895 893 3065 
7295 894 895 896 
7296 979 980 981 
7297 4169 4171 5122 
7298 4171 4170 4172 
7299 3593 4366 4367 
7300 1478 1477 1560 
7301 1313 1312 1314 
7302 2232 2333 7991 
7303 7434 4214 7986 
7304 5124 5125 5126 
7305 2333 2560 7991 
7306 3457 3458 7679 
7307 7967 5592 7971 
7308 2997 7944 7959 
7309 1246 7913 7920 
7310 721 759 7365 
7311 7722 4721 7806 
7312 1165 1164 1166 
7313 7958 7455 7964 
7314 5062 4605 5443 
7315 4361 7418 7721 
7316 7558 7967 7971 
7317 1478 1738 7972 
7318 1336 1478 7972 
7319 2355 7884 7936 
7320 2393 2491 2550 
7321 7369 7371 7690 
7322 2014 7366 7575 
7323 7435 5433 7436 
7324 4826 7369 7690 
7325 2992 2611 5644 
7326 2991 2992 3163 
7327 6139 6140 6141 
7328 2491 2392 2537 
7329 2739 2776 2777 
7330 6094 4962 6095 
7331 7773 7774 7905 
7332 7371 4825 7690 
7333 2982 7387 7858 
7334 7836 5587 7872 
7335 4825 7371 7373 
7336 7573 7571 7849 
7337 3670 3671 3672 
7338 7915 7877 7927 
7339 7575 7544 7829 
7340 963 964 965 
7341 1498 1495 1577 
7342 1497 1498 1579 
7343 5028 3457 7679 
7344 964 962 1491 
7345 7774 4202 7905 
7346 7541 7381 7656 
7347 2333 2334 2555 
7348 7551 7555 7556 
7349 3671 1496 3903 
7350 653 651 654 
7351 4905 4903 7376 
7352 7373 7386 7798 
7353 4825 7373 7798 
7354 7571 2595 7849 
7355 7418 7413 7721 
7356 1246 7541 7656 
7357 7689 4814 7783 
7358 7884 7387 7936 
7359 4826 7367 7369 
7360 4135 4134 7914 
7361 427 429 7977 
7362 7888 7386 7904 
7363 1350 1351 1421 
7364 1351 1289 1499 
7365 3034 5027 7394 
7366 7397 4769 7410 
7367 3458 4204 7679 
7368 2873 2684 2874 
7369 6427 5014 7395 
7370 7367 4826 7397 
7371 7366 7375 7575 
7372 7609 463 7723 
7373 4741 7375 7559 
7374 7422 7421 7583 
7375 7386 4824 7798 
7376 5567 7628 7740 
7377 5567 7366 7628 
7378 3628 3626 7701 
7379 7950 7535 7970 
7380 5291 4721 7722 
7381 7993 5595 7998 
7382 427 428 429 
7383 7671 5572 7716 
7384 7925 5588 7935 
7385 7440 7439 7613 
7386 7597 7480 7724 
7387 1898 1899 1901 
7388 1782 7521 7740 
7389 1899 1897 3696 
7390 3694 4216 7398 
7391 3781 3780 3782 
7392 2961 7446 7476 
7393 1959 1962 1977 
7394 1962 1904 4972 
7395 7541 1246 7920 
7396 4930 4717 7911 
7397 7396 7435 7436 
7398 7634 2318 7841 
7399 4725 4724 7880 
7400 5022 4516 7428 
7401 4216 5599 7398 
7402 4171 4172 4173 
7403 4901 7772 7858 
7404 3779 3781 3857 
7405 3666 7701 7702 
7406 981 980 982 
7407 979 981 1704 
7408 896 895 897 
7409 894 896 3002 
7410 2584 2372 7851 
7411 5568 7397 7410 
7412 4203 4202 7532 
7413 4206 4203 7532 
7414 7550 7551 7556 
7415 7381 2977 7656 
7416 5568 7367 7397 
7417 7544 7735 7829 
7418 7521 5567 7740 
7419 3787 3789 7483 
7420 4928 4213 7954 
7421 2597 2595 7571 
7422 2955 7399 7509 
7423 3258 7596 7692 
7424 7418 4361 7870 
7425 7455 7454 7964 
7426 4908 4905 7376 
7427 3695 3574 7470 
7428 7515 7512 7516 
7429 5216 4677 7406 
7430 6427 7395 7396 
7431 4367 4366 5083 
7432 5064 7722 7806 
7433 4824 7386 7888 
7434 1478 1560 1561 
7435 1109 7534 7912 
7436 1956 3306 8319 
7437 4918 4916 7421 
7438 5014 3860 7395 
7439 1313 1314 1315 
7440 7481 7848 7931 
7441 1314 1312 2246 
7442 7375 4741 7575 
7443 1560 1477 1562 
7444 3395 3884 7460 
7445 2584 7646 7789 
7446 4172 4170 4178 
7447 7847 4898 7899 
7448 2604 3034 7394 
7449 4884 4883 7447 
7450 3608 3616 7456 
7451 4886 7759 7775 
7452 4284 4740 7481 
7453 7366 2014 7628 
7454 7448 4251 7450 
7455 7567 3382 7569 
7456 5126 5125 5127 
7457 5433 7435 7695 
7458 7913 7513 7920 
7459 2864 3667 7755 
7460 2615 2613 7572 
7461 7377 5291 7378 
7462 7759 3426 7775 
7463 1763 1760 7735 
7464 7480 1921 7724 
7465 2584 7507 7646 
7466 5214 5215 7419 
7467 3641 1735 7439 
7468 3603 4251 7448 
7469 4516 4518 7428 
7470 4892 4828 7840 
7471 2599 2983 7393 
7472 7450 4251 7451 
7473 7830 2490 7883 
7474 7534 4930 7912 
7475 7387 7376 7858 
7476 7569 3382 7571 
7477 7513 7514 7933 
7478 2318 7634 7869 
7479 7410 4769 7457 
7480 2971 1261 7533 
7481 4149 7466 7467 
7482 2329 2395 7736 
7483 7391 7530 7621 
7484 4722 5291 7377 
7485 2334 2233 7949 
7486 2952 7597 7724 
7487 2323 7836 7872 
7488 7388 3663 7389 
7489 3493 4515 7494 
7490 3791 3787 7483 
7491 7562 3381 7565 
7492 2512 2955 7509 
7493 436 2961 7542 
7494 3667 3149 7430 
7495 434 436 7542 
7496 4747 6059 7453 
7497 4724 7446 7880 
7498 7772 2982 7858 
7499 2939 7607 7635 
7500 4286 4284 7481 
7501 5688 5691 7465 
7502 3490 3095 7630 
7503 7780 2957 7845 
7504 7491 7748 7903 
7505 7442 4870 7697 
7506 7995 7912 8000 
7507 670 761 7550 
7508 3382 7567 7572 
7509 7396 7395 7435 
7510 7408 4199 7409 
7511 3492 3057 7776 
7512 3172 3171 7458 
7513 4677 4675 7406 
7514 2328 2374 7420 
7515 4208 4206 7400 
7516 1261 1253 7533 
7517 3885 4210 7461 
7518 3617 3613 7886 
7519 3489 3488 7445 
7520 7922 7884 7957 
7521 7638 7636 7828 
7522 657 670 7550 
7523 7650 5572 7671 
7524 3606 3608 7456 
7525 3611 3663 7388 
7526 3626 7462 7701 
7527 7507 2584 7851 
7528 7411 3569 7412 
7529 1165 1166 1167 
7530 5570 7526 8195 
7531 1769 2318 7482 
7532 4186 5289 7437 
7533 7446 7408 7476 
7534 3692 3694 7398 
7535 3382 2597 7571 
7536 7466 5691 7469 
7537 7723 463 7878 
7538 4196 4199 7408 
7539 5443 4605 5954 
7540 7636 7637 7828 
7541 3933 3339 7874 
7542 7400 4206 7532 
7543 7747 4930 7911 
7544 7530 485 7621 
7545 3641 7439 7440 
7546 3163 2992 3164 
7547 4714 2910 7560 
7548 2358 2598 7535 
7549 7511 1259 7516 
7550 5062 5443 5444 
7551 2856 3569 7411 
7552 5592 7888 7904 
7553 2964 2962 7479 
7554 7944 4972 7959 
7555 4750 4751 7894 
7556 2393 2550 3710 
7557 3884 4713 7460 
7558 1921 7480 7651 
7559 4228 5052 7443 
7560 3960 5688 7465 
7561 3381 2615 7572 
7562 4311 5915 7545 
7563 2491 2537 2742 
7564 2917 3049 7799 
7565 5570 7525 7526 
7566 2652 2416 7719 
7567 4942 4884 7447 
7568 4928 7922 7957 
7569 3697 4971 7744 
7570 1735 2184 7439 
7571 3601 3603 7448 
7572 4363 3489 7445 
7573 1193 2968 7614 
7574 7623 5031 7625 
7575 7391 7621 7622 
7576 5297 4332 7710 
7577 7475 7634 7841 
7578 2979 2977 7381 
7579 3416 3395 7460 
7580 1266 1270 7661 
7581 4313 4311 7545 
7582 4514 3492 7776 
7583 7401 4924 7403 
7584 2952 7602 7861 
7585 2395 2953 7736 
7586 2955 7847 7899 
7587 7938 4909 7955 
7588 4149 7465 7466 
7589 1191 1193 7614 
7590 1252 1259 7511 
7591 4210 5203 7461 
7592 7414 7819 7837 
7593 1210 1212 7557 
7594 7559 7375 7657 
7595 7435 3859 7695 
7596 7421 4916 7583 
7597 7920 7513 7933 
7598 4924 4918 7421 
7599 2777 2776 2778 
7600 456 485 7531 
7601 7848 2401 7931 
7602 2934 1266 7661 
7603 3667 7430 7431 
7604 7378 5291 7379 
7605 1250 1252 7511 
7606 485 7530 7531 
7607 7646 5574 7789 
7608 2987 963 7995 
7609 7565 3381 7572 
7610 3789 4221 7483 
7611 1767 1769 7482 
7612 1678 1490 7595 
7613 3659 3656 7657 
7614 2995 7573 7849 
7615 5215 5218 7419 
7616 4749 4747 7453 
7617 2936 1923 7645 
7618 4767 4769 7397 
7619 3670 3672 5600 
7620 4894 3659 7657 
7621 2333 2555 2560 
7622 2932 2930 7788 
7623 6141 6140 6142 
7624 3666 3628 7701 
7625 1760 1758 7735 
7626 7446 2961 7611 
7627 1915 2935 7577 
7628 3574 4149 7470 
7629 2417 3561 7613 
7630 3667 7432 7755 
7631 4744 4745 7832 
7632 3258 2567 7596 
7633 965 964 966 
7634 4731 7504 7887 
7635 1498 1577 1578 
7636 4770 4773 7457 
7637 4920 4924 7401 
7638 4472 7442 7697 
7639 5538 5131 7472 
7640 1691 1694 7795 
7641 1497 1579 3759 
7642 4422 4048 7879 
7643 1029 1032 7582 
7644 3672 3671 3673 
7645 7532 4202 7774 
7646 2511 2512 7509 
7647 2978 3119 7529 
7648 7603 2282 7815 
7649 3171 4001 7458 
7650 7439 2417 7613 
7651 2416 2540 7719 
7652 7465 5691 7466 
7653 3095 2857 7630 
7654 5144 5028 5160 
7655 7763 7762 7835 
7656 3620 7525 7631 
7657 1927 1929 7602 
7658 1913 1915 7577 
7659 7892 7508 7902 
7660 1917 1918 7651 
7661 3664 4716 7748 
7662 7462 3622 7463 
7663 3149 3890 7430 
7664 7411 7414 7837 
7665 4850 5593 7407 
7666 2407 7892 7902 
7667 7569 7571 7573 
7668 1238 2937 7833 
7669 4134 4542 7914 
7670 2564 2406 7640 
7671 3119 3467 7529 
7672 7597 2952 7861 
7673 4769 4770 7457 
7674 2406 2255 7640 
7675 653 654 655 
7676 7482 2318 7869 
7677 4041 4873 7753 
7678 2555 2334 2556 
7679 697 701 7605 
7680 7478 3049 7699 
7681 7640 7641 7805 
7682 7665 7871 7876 
7683 1687 7671 7716 
7684 4390 3885 7461 
7685 4737 4889 7506 
7686 3619 2964 7479 
7687 3623 3622 7462 
7688 2372 2179 7851 
7689 4877 7689 7783 
7690 695 697 7605 
7691 699 702 7807 
7692 4971 7674 7744 
7693 679 677 7675 
7694 3210 4276 7695 
7695 2623 2633 7576 
7696 1265 1215 7561 
7697 3712 4974 7438 
7698 7706 2965 7708 
7699 7641 7766 7805 
7700 7800 7546 7871 
7701 7550 761 7551 
7702 5572 7491 7716 
7703 1421 1351 1422 
7704 2369 7491 7903 
7705 434 7542 7845 
7706 7504 4736 7505 
7707 3598 480 7548 
7708 1203 3376 7501 
7709 1027 1029 7582 
7710 2961 438 7611 
7711 1211 1209 7639 
7712 5223 5220 7487 
7713 1237 1234 7598 
7714 4930 7747 7912 
7715 704 776 7612 
7716 676 678 7658 
7717 4183 5058 7703 
7718 2942 1211 7639 
7719 4513 4707 7477 
7720 7416 7413 7418 
7721 7608 7609 7723 
7722 7774 7420 7928 
7723 4727 2285 7604 
7724 432 434 7845 
7725 3782 3780 4268 
7726 2944 676 7658 
7727 775 679 7675 
7728 1902 1899 7946 
7729 4593 5016 7485 
7730 6075 6073 7680 
7731 7557 1212 7558 
7732 2873 2874 2875 
7733 7532 7774 7928 
7734 2633 3059 7576 
7735 4733 4736 7504 
7736 4874 4872 7693 
7737 2961 7476 7542 
7738 2014 7575 7829 
7739 7608 7390 7804 
7740 4904 4906 7739 
7741 4890 4739 7712 
7742 2954 1179 7617 
7743 1218 7958 7964 
7744 3644 1763 7735 
7745 429 428 430 
7746 480 467 7548 
7747 3049 7478 7799 
7748 1431 2985 7549 
7749 5223 7487 7488 
7750 1699 3639 7588 
7751 7457 4816 7811 
7752 7558 2002 7967 
7753 7450 7451 7452 
7754 1868 4876 7660 
7755 1031 1038 7527 
7756 7596 7490 7692 
7757 3577 2923 7786 
7758 1977 1962 1979 
7759 1215 1213 7561 
7760 2407 2405 7663 
7761 1234 1232 7598 
7762 1195 1197 7694 
7763 1179 1181 7617 
7764 2910 723 7560 
7765 5131 5129 7472 
7766 2571 2573 7610 
7767 2906 3120 7801 
7768 4895 7481 7931 
7769 896 897 898 
7770 7503 972 7700 
7771 7554 7552 7885 
7772 4187 4186 7437 
7773 7924 5586 7937 
7774 2284 2282 7603 
7775 981 982 983 
7776 1901 1899 1902 
7777 7369 7368 7370 
7778 2952 1927 7602 
7779 4929 7915 7927 
7780 4048 4490 7879 
7781 1025 972 7503 
7782 1315 1314 1316 
7783 1478 1561 1738 
7784 4745 4748 7832 
7785 7403 4924 7404 
7786 5126 5127 5128 
7787 7525 7527 7631 
7788 2968 1195 7694 
7789 1255 1231 7629 
7790 7684 7685 7686 
7791 4690 3933 7874 
7792 7376 4903 7858 
7793 6069 4874 7693 
7794 7684 7686 7687 
7795 3488 4237 7445 
7796 7444 5016 7445 
7797 1696 1699 7588 
7798 4173 4172 4174 
7799 3148 3662 7864 
7800 3781 3782 3783 
7801 2970 2978 7784 
7802 1268 1264 7713 
7803 438 440 7611 
7804 7568 7569 7570 
7805 2598 2864 7755 
7806 4721 3447 7806 
7807 789 787 7673 
7808 1285 1167 7734 
7809 4229 4228 7443 
7810 6141 6142 6143 
7811 1109 967 7901 
7812 1929 1960 7602 
7813 5220 5222 7487 
7814 1347 1284 7771 
7815 1694 7588 7795 
7816 7756 1909 7818 
7817 7643 7594 7644 
7818 7389 7392 7530 
7819 1918 1921 7651 
7820 994 992 7691 
7821 7375 4894 7657 
7822 7467 7466 7468 
7823 4716 4925 7748 
7824 7517 1580 7518 
7825 7549 2985 7626 
7826 7542 7780 7845 
7827 1762 1765 7726 
7828 2587 2585 7492 
7829 2613 3382 7572 
7830 6020 4545 6806 
7831 7592 7594 7643 
7832 7787 2513 7893 
7833 5577 5576 7831 
7834 7507 7506 7646 
7835 463 7609 7842 
7836 7591 7590 7720 
7837 4819 4771 7814 
7838 1313 1315 1429 
7839 4276 5433 7695 
7840 4592 4700 7522 
7841 1693 7650 7671 
7842 7388 7389 7391 
7843 1264 2971 7713 
7844 1341 1174 7536 
7845 4917 4919 7781 
7846 1560 1562 1988 
7847 4042 4041 7753 
7848 5702 4890 7712 
7849 3785 3791 7473 
7850 1240 2970 7709 
7851 4742 5572 7650 
7852 2863 2593 7638 
7853 5576 4819 7814 
7854 3883 3074 7817 
7855 4773 4816 7457 
7856 7412 3569 7413 
7857 1739 1561 7459 
7858 7391 7622 7886 
7859 1481 1580 7517 
7860 7415 7413 7416 
7861 7503 7493 7769 
7862 4732 4730 7623 
7863 3646 3644 7544 
7864 2473 2476 7839 
7865 3120 4193 7801 
7866 1214 2002 7558 
7867 1030 1028 7769 
7868 2930 7726 7788 
7869 2595 2359 7849 
7870 1033 1031 7527 
7871 5579 4908 5580 
7872 7462 7463 7464 
7873 5974 5975 7873 
7874 7588 3639 7589 
7875 4885 3490 7630 
7876 4149 7467 7470 
7877 1024 1041 7586 
7878 7546 4742 7547 
7879 2962 1917 7651 
7880 3094 3096 7721 
7881 4906 5210 7739 
7882 971 1024 7586 
7883 793 789 7673 
7884 3216 994 7691 
7885 4332 3788 7710 
7886 1035 5570 8195 
7887 3045 3620 7631 
7888 4340 4931 7489 
7889 4675 4929 7406 
7890 7642 7475 7841 
7891 7687 7686 7688 
7892 1165 1167 1285 
7893 1341 7536 7537 
7894 7513 7512 7514 
7895 2978 7529 7784 
7896 7495 4885 7496 
7897 7408 7409 7476 
7898 7389 3663 7390 
7899 2558 3032 7790 
7900 4746 4313 7545 
7901 7496 4885 7562 
7902 5972 1237 7598 
7903 2915 2917 7799 
7904 5589 5922 5923 
7905 7748 4925 7903 
7906 3643 4742 7546 
7907 5601 3692 7398 
7908 1578 1577 2005 
7909 1167 1166 1168 
7910 7709 2970 7784 
7911 5115 4732 7623 
7912 2944 7658 7659 
7913 4736 4737 7506 
7914 5083 4366 5626 
7915 2490 2931 7883 
7916 7514 7512 7515 
7917 4688 5968 7498 
7918 4779 4814 7689 
7919 3570 3319 7791 
7920 797 2943 7615 
7921 4213 3860 5014 
7922 3602 4728 7486 
7923 4221 5153 5154 
7924 4047 3446 4048 
7925 5953 4722 7377 
7926 7463 7493 7853 
7927 7567 7565 7572 
7928 4833 5576 5577 
7929 7505 4736 7506 
7930 5907 4321 7632 
7931 5589 5923 5924 
7932 799 797 7615 
7933 5443 5954 5955 
7934 7486 4728 7608 
7935 6092 7763 7835 
7936 4321 3849 7632 
7937 3163 3164 3574 
7938 4872 7633 7693 
7939 4895 4286 7481 
7940 5029 5028 5144 
7941 4001 6118 7458 
7942 2411 2286 7678 
7943 4720 3447 4721 
7944 4944 4942 5611 
7945 1923 1920 7645 
7946 3380 2759 7484 
7947 2777 2778 2906 
7948 4238 4885 7495 
7949 1183 1185 7676 
7950 2556 2334 2557 
7951 4472 5609 6552 
7952 2601 7773 7905 
7953 5222 5436 5437 
7954 1757 7830 7844 
7955 4907 4905 4908 
7956 7551 761 7552 
7957 4676 4675 4677 
7958 4934 4750 7894 
7959 4518 6307 7428 
7960 3690 3680 3691 
7961 3960 5687 5688 
7962 5287 4175 5664 
7963 4764 4827 7668 
7964 3648 4741 7559 
7965 3163 3574 3695 
7966 2778 2776 3460 
7967 4518 4674 6307 
7968 4312 4744 7852 
7969 3890 5595 7430 
7970 4216 4967 5599 
7971 4744 4313 4745 
7972 4943 4942 4944 
7973 3649 3652 7757 
7974 5106 6264 6265 
7975 4542 5703 6102 
7976 1475 1431 7549 
7977 4893 4894 5567 
7978 3674 3673 3675 
7979 449 442 7654 
7980 442 444 7654 
7981 7411 7412 7414 
7982 3624 4886 7775 
7983 7551 7553 7555 
7984 4718 3664 7748 
7985 3654 7559 7657 
7986 965 966 967 
7987 5704 4390 6205 
7988 1539 2332 7543 
7989 4047 4422 5064 
7990 3467 4312 7529 
7991 7390 3663 7804 
7992 3320 2979 7381 
7993 7451 4251 7497 
7994 7530 7392 7531 
7995 2936 7645 7812 
7996 4719 3447 4720 
7997 4221 5151 5153 
7998 3319 2979 3320 
7999 4212 3860 4213 
8000 1752 1750 7740 
8001 4945 4944 4946 
8002 3890 4654 5595 
8003 3229 2907 7810 
8004 4743 3619 7479 
8005 3934 4688 4689 
8006 5362 4920 7401 
8007 2953 2599 7393 
8008 2184 2416 2417 
8009 6202 3715 7765 
8010 5573 1767 7482 
8011 6011 6012 6801 
8012 5922 4135 7914 
8013 4873 6593 7753 
8014 3890 4653 4654 
8015 7470 7467 7471 
8016 2606 2604 7394 
8017 3613 3611 7388 
8018 7493 7503 7700 
8019 2321 2320 2485 
8020 7389 7390 7392 
8021 3856 3426 7759 
8022 4893 5567 7521 
8023 6205 4390 7461 
8024 5171 4332 5297 
8025 2605 2604 2606 
8026 1167 1169 7734 
8027 1490 1483 7595 
8028 655 654 656 
8029 4820 4833 4834 
8030 1231 1233 7629 
8031 7481 4740 7848 
8032 4264 3601 7448 
8033 5576 7668 7831 
8034 1171 1173 7718 
8035 1185 2969 7676 
8036 4909 4908 5579 
8037 7684 7682 7685 
8038 2681 2411 7678 
8039 5045 4593 7485 
8040 4881 4937 4938 
8041 4815 4771 4819 
8042 4948 4946 4949 
8043 1421 1422 1430 
8044 7948 7895 7961 
8045 3618 4196 4197 
8046 3697 4935 4969 
8047 452 2957 7574 
8048 3319 3320 7791 
8049 3622 2587 7492 
8050 3699 2792 3705 
8051 4259 3606 7456 
8052 3698 2792 3699 
8053 5580 4908 7376 
8054 7624 7623 7625 
8055 4720 4722 4723 
8056 3712 3715 4974 
8057 2938 1227 7579 
8058 4216 4217 4967 
8059 5822 7756 7818 
8060 6073 7490 7680 
8061 7391 7389 7530 
8062 7615 2943 7616 
8063 3960 5686 5687 
8064 5218 5223 7419 
8065 4340 4208 4926 
8066 3692 3693 3694 
8067 5692 5689 5894 
8068 7464 7463 7853 
8069 7792 7793 7794 
8070 429 430 431 
8071 4738 4735 7782 
8072 4816 4878 7811 
8073 7382 7381 7541 
8074 4001 5322 6118 
8075 3600 3598 7875 
8076 4992 4993 5082 
8077 3759 5654 5656 
8078 2614 2613 2615 
8079 4752 4749 7453 
8080 7525 5570 7527 
8081 5218 5220 5223 
8082 430 428 7540 
8083 791 794 7725 
8084 1988 1562 1989 
8085 3059 3493 5438 
8086 7650 1693 7896 
8087 7707 7706 7708 
8088 1978 3637 5820 
8089 3458 3035 4202 
8090 3096 4361 7721 
8091 5668 5669 5670 
8092 7413 3569 7721 
8093 3675 3673 3676 
8094 4180 5472 5634 
8095 5058 6848 7084 
8096 5222 5437 6114 
8097 3783 3782 3784 
8098 4724 4196 7408 
8099 7384 7382 7385 
8100 3665 3268 4134 
8101 4751 4749 4752 
8102 802 2965 7706 
8103 1703 1792 7666 
8104 4898 4900 7899 
8105 3123 2537 7510 
8106 2873 2875 2876 
8107 3377 7546 7800 
8108 2921 3576 7698 
8109 7887 7504 7892 
8110 1251 1249 7728 
8111 2184 2417 7439 
8112 5203 5204 6193 
8113 2742 2537 3123 
8114 4283 4284 4285 
8115 4386 4387 5286 
8116 1341 7537 7538 
8117 5115 7623 7624 
8118 4850 4892 5591 
8119 4201 4187 5077 
8120 5915 4310 5916 
8121 4688 4690 5968 
8122 5968 4690 6231 
8123 2325 2323 2326 
8124 4228 3416 4230 
8125 7581 1027 7582 
8126 7366 4894 7375 
8127 5568 5569 7367 
8128 4210 4910 4911 
8129 4956 4957 4958 
8130 5077 4187 7437 
8131 2540 3368 3369 
8132 3210 4194 4195 
8133 4838 4756 7770 
8134 3575 3960 7465 
8135 4878 4877 4879 
8136 4048 3446 4489 
8137 5284 5799 5800 
8138 3653 3655 8202 
8139 5795 7260 7261 
8140 4221 5154 7483 
8141 4881 4936 4937 
8142 970 1706 7700 
8143 5585 7830 7883 
8144 674 2944 7761 
8145 4740 4282 7474 
8146 4180 5471 5472 
8147 2993 4218 7484 
8148 4850 5591 5593 
8149 3710 2550 3711 
8150 7518 1580 7520 
8151 3133 2623 7576 
8152 3658 3656 3659 
8153 3370 3447 4719 
8154 3576 4726 7698 
8155 7700 1706 7853 
8156 1977 1979 1986 
8157 7604 3379 7665 
8158 3377 2511 3378 
8159 7584 4904 7739 
8160 983 982 984 
8161 1901 1902 1905 
8162 3641 7440 7441 
8163 2570 2568 7652 
8164 3032 3665 7790 
8165 1204 2974 7587 
8166 4517 4286 4895 
8167 2856 2857 3094 
8168 3467 4311 4312 
8169 5906 7071 7072 
8170 3788 3786 7710 
8171 3612 3611 3613 
8172 3651 3648 7559 
8173 4902 4904 7584 
8174 4763 4762 4764 
8175 4740 7474 7475 
8176 1914 7592 7643 
8177 2184 2345 2416 
8178 4878 4880 4881 
8179 3034 3035 3457 
8180 5126 5128 5640 
8181 4194 2932 7788 
8182 4926 4208 7400 
8183 4205 4206 4207 
8184 4134 3268 4323 
8185 1174 1172 7536 
8186 3674 3680 3690 
8187 1989 1562 2995 
8188 2559 2557 7897 
8189 7566 7567 7568 
8190 3759 1579 5654 
8191 6114 5437 6115 
8192 4958 4957 4959 
8193 4261 3498 4262 
8194 5215 5217 5218 
8195 3059 5438 7576 
8196 3119 2979 3319 
8197 3458 4203 4204 
8198 3208 3210 7695 
8199 3493 4513 4515 
8200 6221 4422 6222 
8201 4516 4286 4517 
8202 4947 4946 4948 
8203 5284 5283 5799 
8204 5215 5216 5217 
8205 1315 1316 1317 
8206 5690 5689 5692 
8207 1167 1168 1169 
8208 5129 5127 5315 
8209 7535 2598 7755 
8210 7715 1956 8319 
8211 4542 4634 5703 
8212 7371 7370 7372 
8213 4210 4911 5203 
8214 2916 4472 7697 
8215 4728 3600 7875 
8216 7589 3639 7664 
8217 3642 7590 7591 
8218 4592 4363 4593 
8219 5128 5127 5129 
8220 7574 2957 7620 
8221 4729 4042 4730 
8222 2923 2924 7786 
8223 2568 3385 7652 
8224 485 454 7574 
8225 3096 3488 3489 
8226 4113 3714 4114 
8227 7505 7506 7507 
8228 1747 1739 7459 
8229 4280 5581 7474 
8230 5064 4422 6221 
8231 4730 4042 5031 
8232 3629 3628 3630 
8233 7592 7593 7594 
8234 3626 3623 7462 
8235 4737 4739 4889 
8236 4873 4872 4874 
8237 4217 5105 5106 
8238 2602 2601 2603 
8239 7493 7492 7769 
8240 1905 1902 1906 
8241 6074 6076 6080 
8242 4193 3215 4581 
8243 3499 3498 4261 
8244 4764 4762 4827 
8245 5924 5923 5925 
8246 4199 3617 7886 
8247 3259 7670 7835 
8248 3759 5656 5657 
8249 7683 7682 7684 
8250 5432 7618 7619 
8251 2540 3369 3370 
8252 1960 5545 5571 
8253 3642 788 7590 
8254 675 673 7696 
8255 7685 1045 7686 
8256 2906 2778 2907 
8257 2963 2962 2964 
8258 3712 3713 3715 
8259 7599 2972 7600 
8260 4906 4905 4907 
8261 2540 3370 7719 
8262 2599 2600 2983 
8263 4717 7399 7911 
8264 3789 4220 4221 
8265 2490 1761 2930 
8266 3467 4310 4311 
8267 3320 7382 7383 
8268 3654 3651 7559 
8269 693 2939 7635 
8270 3624 3833 4886 
8271 7828 7821 7865 
8272 2937 5974 7833 
8273 4919 4922 7781 
8274 3458 4202 4203 
8275 5611 4942 7447 
8276 5106 5105 6264 
8277 3561 3562 4545 
8278 4759 4758 4760 
8279 7620 2957 7780 
8280 4183 5056 5057 
8281 3653 3651 3654 
8282 5588 5589 7935 
8283 3859 3208 7695 
8284 4283 4282 4284 
8285 4902 4901 4903 
8286 6072 6073 6074 
8287 3789 3790 4220 
8288 3379 7800 7871 
8289 2358 2359 2593 
8290 4748 4747 4749 
8291 3860 3859 7395 
8292 7512 7511 7516 
8293 4922 4932 4933 
8294 4886 4987 5173 
8295 2742 3123 3339 
8296 3841 3123 4963 
8297 5447 3143 5448 
8298 4921 4920 5362 
8299 4716 4715 4717 
8300 2255 2997 7640 
8301 2560 2555 2791 
8302 4998 4238 7495 
8303 3457 3035 3458 
8304 3614 3613 3617 
8305 4176 4179 4180 
8306 3059 3057 3492 
8307 3643 4718 4742 
8308 1778 1776 1781 
8309 3884 4390 4713 
8310 4186 5288 5289 
8311 5447 5448 5449 
8312 7822 7820 7823 
8313 4113 4678 5685 
8314 5129 5315 7472 
8315 3655 3654 3656 
8316 991 1045 7685 
8317 4887 4201 4888 
8318 2930 1761 7726 
8319 4472 6552 7442 
8320 1284 1283 1286 
8321 3606 3607 3608 
8322 4733 4734 4735 
8323 7890 5584 7916 
8324 4230 3416 7460 
8325 7592 1957 7593 
8326 4765 4764 4766 
8327 3601 3602 3603 
8328 3210 4195 4276 
8329 7517 7518 7519 
8330 4745 4313 4746 
8331 4183 5057 5058 
8332 6011 4655 6012 
8333 2959 1171 7718 
8334 1956 2936 3306 
8335 4896 3577 7786 
8336 4826 4767 7397 
8337 3313 657 7550 
8338 4898 4229 4899 
8339 4920 4918 4924 
8340 6074 6075 6076 
8341 4173 4174 4175 
8342 5940 5509 5941 
8343 3639 1703 7666 
8344 702 7612 7807 
8345 5795 4634 7260 
8346 1212 1214 7558 
8347 4200 4187 4201 
8348 4319 3849 4321 
8349 3575 3851 3960 
8350 7505 7507 7508 
8351 2555 2556 7925 
8352 1028 7503 7769 
8353 4237 4997 7444 
8354 3499 5602 5603 
8355 1232 2972 7598 
8356 3783 3785 7473 
8357 1172 2976 7536 
8358 7399 2955 7899 
8359 4277 4195 4278 
8360 3620 4300 7525 
8361 454 452 7574 
8362 2558 2559 2623 
8363 6115 6116 6411 
8364 3574 3575 4149 
8365 1738 1561 1739 
8366 3657 3656 3658 
8367 5582 7603 7815 
8368 965 967 1109 
8369 3785 3786 3787 
8370 4518 4519 4674 
8371 2283 4727 7666 
8372 4282 4280 7474 
8373 5972 7598 7599 
8374 3656 3654 7657 
8375 5020 4229 7443 
8376 6115 5437 6116 
8377 2759 2993 7484 
8378 4689 4688 7498 
8379 3074 3598 3599 
8380 1746 1739 1747 
8381 2565 3258 7633 
8382 3096 3489 4361 
8383 1762 1764 1765 
8384 4639 4592 7522 
8385 7480 7479 7651 
8386 3149 3148 3889 
8387 3652 3651 3653 
8388 3059 3492 3493 
8389 3785 3787 3791 
8390 4333 4332 5171 
8391 5130 5129 5131 
8392 1759 1758 1760 
8393 4899 4229 5020 
8394 1779 1778 1780 
8395 3395 3396 3884 
8396 7373 7372 7374 
8397 7496 7563 7564 
8398 3606 3604 3607 
8399 2330 2328 7420 
8400 1753 1755 2355 
8401 2329 2328 2330 
8402 2417 2652 3561 
8403 3576 4386 4726 
8404 3618 4197 4198 
8405 2931 3208 3209 
8406 6014 5941 6015 
8407 5218 5219 5220 
8408 3624 3623 3625 
8409 2285 2288 7604 
8410 1514 3641 7717 
8411 7547 4742 7650 
8412 7410 7457 7811 
8413 5154 6257 6809 
8414 7493 7700 7853 
8415 1773 1772 1774 
8416 5593 5591 7454 
8417 3884 3885 4390 
8418 4773 4774 4775 
8419 7812 7644 7882 
8420 1745 1739 1746 
8421 4870 2911 7697 
8422 1912 1957 7592 
8423 4723 4722 5953 
8424 3121 3229 3230 
8425 2594 2359 2595 
8426 3645 3644 3646 
8427 4742 4718 5572 
8428 5450 5448 7478 
8429 2474 2473 2475 
8430 3074 480 3598 
8431 3667 7431 7432 
8432 1262 1266 2934 
8433 5906 4321 5907 
8434 4173 4175 5287 
8435 7463 3622 7492 
8436 2911 2913 7697 
8437 1753 1754 1755 
8438 2759 2536 2760 
8439 1960 3352 5545 
8440 3697 4969 4971 
8441 2916 4471 4472 
8442 4362 3489 4363 
8443 1270 1274 1275 
8444 7479 2962 7651 
8445 4513 4514 4707 
8446 2254 2255 2405 
8447 3630 3628 3666 
8448 3665 4135 5588 
8449 4938 4937 4939 
8450 4987 5030 5643 
8451 3044 2587 3622 
8452 3599 3601 4264 
8453 7468 7466 7469 
8454 2864 3148 3149 
8455 460 458 7878 
8456 2907 2778 7810 
8457 4001 3619 4019 
8458 4741 3646 7544 
8459 1792 2283 7666 
8460 2286 7649 7678 
8461 5016 4363 7445 
8462 1986 1979 2000 
8463 4183 4182 5056 
8464 3400 2926 8336 
8465 3306 3307 4130 
8466 4904 4905 4906 
8467 3073 480 3074 
8468 4341 4340 7489 
8469 967 966 968 
8470 4779 4781 4814 
8471 1757 1758 1759 
8472 4765 4767 4826 
8473 4593 4363 5016 
8474 5575 5702 6089 
8475 655 656 657 
8476 1761 1762 7726 
8477 2993 3055 3056 
8478 7590 904 7720 
8479 1270 1275 7661 
8480 5411 5410 7297 
8481 2327 2328 2329 
8482 5145 5144 7796 
8483 4237 4238 4997 
8484 2623 2559 2633 
8485 4750 4749 4751 
8486 3045 3426 3427 
8487 4573 4545 6020 
8488 1253 1254 7533 
8489 1762 1763 1764 
8490 431 430 432 
8491 7677 4194 7738 
8492 1787 1786 1788 
8493 5082 4993 5240 
8494 1777 1776 1778 
8495 3370 3445 3447 
8496 4312 4313 4744 
8497 3783 3784 3785 
8498 1482 1481 1483 
8499 3488 3490 4237 
8500 7600 2972 7669 
8501 2593 2359 2594 
8502 2331 2329 7736 
8503 3311 4041 4042 
8504 4019 3619 4743 
8505 4733 4735 4736 
8506 3694 4152 4216 
8507 4449 4320 5283 
8508 2939 695 7605 
8509 3608 3610 3616 
8510 4281 4280 4282 
8511 5974 5973 5975 
8512 1256 1210 7557 
8513 5906 5907 7071 
8514 4716 4912 4925 
8515 7527 1038 7631 
8516 3339 3123 3841 
8517 4301 4342 4343 
8518 4922 4933 5586 
8519 4755 4756 4757 
8520 2614 2856 7411 
8521 3417 3416 4228 
8522 3633 3634 4182 
8523 2179 1986 7850 
8524 1687 1688 1689 
8525 1906 1902 1907 
8526 7626 2985 7627 
8527 3447 3445 7806 
8528 7432 7431 7433 
8529 4739 5631 7712 
8530 2970 2977 2978 
8531 4747 4746 6059 
8532 4713 4390 5704 
8533 1483 1481 7517 
8534 1417 1294 1418 
8535 3094 2857 3095 
8536 2941 1250 7511 
8537 3647 3649 3650 
8538 3043 2587 3044 
8539 3647 3646 3648 
8540 1430 1474 1537 
8541 1861 1863 2547 
8542 989 988 990 
8543 3032 2623 3133 
8544 7551 7552 7553 
8545 3171 3619 4001 
8546 1028 1025 7503 
8547 1258 1253 1261 
8548 3660 3659 4893 
8549 4748 4749 4750 
8550 2286 1791 7649 
8551 442 441 443 
8552 5598 5597 5677 
8553 3710 3712 7438 
8554 2567 2568 2569 
8555 4754 4753 4755 
8556 456 454 485 
8557 2405 2406 2562 
8558 2511 2478 2512 
8559 656 654 1423 
8560 992 990 1017 
8561 1168 1166 1202 
8562 1783 1780 1784 
8563 1195 1194 1196 
8564 1696 1698 1699 
8565 1792 2281 2282 
8566 4963 3123 7510 
8567 2917 2918 2919 
8568 7369 7370 7371 
8569 4319 4321 5905 
8570 677 3213 7675 
8571 1980 1913 7577 
8572 2532 2531 3259 
8573 3230 3849 3850 
8574 4339 4208 4340 
8575 1323 1320 1324 
8576 3710 3711 3712 
8577 983 984 985 
8578 1229 1255 7579 
8579 3340 3933 3934 
8580 1217 1215 1265 
8581 4737 4735 4738 
8582 3405 4186 4187 
8583 4889 4739 4890 
8584 1227 1229 7579 
8585 1286 1283 1287 
8586 1921 1920 1922 
8587 4820 4834 4835 
8588 4734 5115 5116 
8589 4906 5209 5210 
8590 1185 1184 1186 
8591 3697 1907 4935 
8592 2180 2179 2372 
8593 1978 1905 3637 
8594 4950 4951 4952 
8595 1204 1203 1205 
8596 1209 1277 7639 
8597 7868 2452 7891 
8598 1176 1174 1341 
8599 1196 1194 1267 
8600 1765 5573 7726 
8601 4731 4730 4732 
8602 4974 3715 6201 
8603 1987 1986 2179 
8604 2921 2923 3576 
8605 3661 3660 4214 
8606 7655 4725 7880 
8607 5570 1033 7527 
8608 1696 1695 1697 
8609 2913 2915 2916 
8610 4237 7444 7445 
8611 3614 3617 3618 
8612 2993 3056 4218 
8613 4727 7604 7665 
8614 1205 1203 7501 
8615 2254 2405 2407 
8616 4873 5990 6593 
8617 1191 1192 1193 
8618 2913 2912 2914 
8619 2917 2919 3049 
8620 3672 3673 3674 
8621 657 658 670 
8622 3213 675 7696 
8623 6072 6071 6073 
8624 3209 3208 3859 
8625 1761 1760 1762 
8626 1792 2282 2283 
8627 687 686 688 
8628 1535 1539 7543 
8629 2329 2330 2395 
8630 3171 2964 3619 
8631 3427 3426 3856 
8632 7652 3385 7653 
8633 1229 1231 1255 
8634 4204 4205 5746 
8635 1779 1780 1783 
8636 7463 7492 7493 
8637 5152 4220 7813 
8638 4765 4766 4767 
8639 444 443 445 
8640 1181 1257 7617 
8641 1767 1768 1769 
8642 1181 1183 1257 
8643 984 982 1108 
8644 5568 4939 5569 
8645 3386 4901 4902 
8646 4716 4717 4912 
8647 4755 4753 4756 
8648 993 992 994 
8649 1514 1735 3641 
8650 2571 2570 2572 
8651 2924 2926 3400 
8652 4897 4896 4989 
8653 444 446 510 
8654 1918 1919 1920 
8655 695 696 697 
8656 3692 3691 3693 
8657 1035 1033 5570 
8658 3643 3378 3664 
8659 3841 4963 4964 
8660 4940 4884 4941 
8661 787 785 3636 
8662 1786 1784 2163 
8663 5214 4677 5215 
8664 4228 4230 5052 
8665 1539 1736 2332 
8666 1186 1184 2973 
8667 432 430 433 
8668 2911 2910 2912 
8669 1229 1230 1231 
8670 1539 1540 1736 
8671 5508 5045 5509 
8672 1514 1507 1681 
8673 4333 5410 5411 
8674 2633 3057 3059 
8675 2599 2396 2600 
8676 1787 1788 1796 
8677 2600 2601 2602 
8678 3607 3604 7486 
8679 4919 4918 4920 
8680 1284 1286 1293 
8681 5688 5689 5690 
8682 778 777 779 
8683 2906 2907 3120 
8684 4953 4951 5361 
8685 1213 2942 7561 
8686 7762 3259 7835 
8687 4761 4760 4762 
8688 3641 7441 7717 
8689 1233 1235 2960 
8690 1270 1271 1274 
8691 1430 1431 1474 
8692 1751 1750 1752 
8693 4592 4593 4700 
8694 2916 2915 3143 
8695 5915 5916 6106 
8696 2565 2567 3258 
8697 5572 4718 7491 
8698 4917 4916 4918 
8699 7570 7569 7573 
8700 3340 3934 5594 
8701 2569 2570 2571 
8702 778 779 780 
8703 2912 2910 4714 
8704 453 452 454 
8705 3170 2964 3171 
8706 1956 1923 2936 
8707 453 454 455 
8708 459 460 461 
8709 469 467 480 
8710 3311 4042 4729 
8711 4775 4774 4776 
8712 1535 1490 1536 
8713 2567 2569 7596 
8714 1210 1211 1212 
8715 704 706 776 
8716 1317 1318 1319 
8717 3121 2907 3229 
8718 1229 1228 1230 
8719 510 512 5578 
8720 678 680 682 
8721 693 695 2939 
8722 3625 3623 3626 
8723 1203 1199 3376 
8724 4903 4901 7858 
8725 674 675 676 
8726 1535 1536 1539 
8727 1233 1232 1234 
8728 4954 4955 4956 
8729 688 686 733 
8730 6090 6089 6091 
8731 4913 4914 4915 
8732 462 463 7842 
8733 7677 7738 7869 
8734 1231 1232 1233 
8735 786 787 788 
8736 1220 1221 1222 
8737 1223 1222 1224 
8738 2633 2559 2634 
8739 1169 1170 1171 
8740 1177 1178 1179 
8741 790 904 7590 
8742 3885 4209 4210 
8743 912 911 913 
8744 2765 2571 7610 
8745 678 677 679 
8746 4828 4755 7840 
8747 987 986 988 
8748 455 457 492 
8749 7608 4728 7609 
8750 918 917 919 
8751 920 919 921 
8752 2287 2284 2452 
8753 5545 5546 7101 
8754 1697 1695 1701 
8755 7399 4715 7509 
8756 1243 1245 1246 
8757 4759 4760 4761 
8758 1208 1207 1209 
8759 1172 1170 2976 
8760 4767 4768 4769 
8761 1216 1215 1217 
8762 7412 7413 7415 
8763 2777 2906 2988 
8764 5132 5131 5133 
8765 1241 1238 7833 
8766 988 986 2967 
8767 1204 1205 1206 
8768 436 438 2961 
8769 439 437 486 
8770 4969 4935 4970 
8771 2535 2536 2759 
8772 3665 5588 7790 
8773 7486 7608 7804 
8774 1696 1697 1698 
8775 1227 1226 1228 
8776 1240 1238 1241 
8777 1262 1264 1266 
8778 3383 2570 7652 
8779 985 984 986 
8780 2921 2922 2923 
8781 704 705 706 
8782 1686 1684 3635 
8783 2006 2320 2321 
8784 444 510 7654 
8785 1197 1196 1199 
8786 3841 4964 4965 
8787 4195 4194 7677 
8788 4733 4732 4734 
8789 985 986 987 
8790 3629 3630 3631 
8791 459 458 460 
8792 908 909 910 
8793 918 919 920 
8794 1915 1916 1917 
8795 1032 1031 1033 
8796 804 803 805 
8797 514 516 1990 
8798 1263 1191 7614 
8799 1481 1475 1580 
8800 2373 2372 2531 
8801 1691 1690 1692 
8802 2572 2570 3383 
8803 704 703 705 
8804 706 705 707 
8805 1027 1025 1028 
8806 1687 1686 1688 
8807 2373 2531 2532 
8808 1278 1280 1281 
8809 1480 1481 1482 
8810 1189 1190 1191 
8811 971 970 972 
8812 1026 1025 1027 
8813 1206 1205 1207 
8814 780 779 781 
8815 1029 1031 1032 
8816 1228 1226 1239 
8817 1243 1241 1244 
8818 1248 1247 1249 
8819 1489 1483 1490 
8820 1683 1682 1684 
8821 2283 2284 2285 
8822 4730 5031 7623 
8823 2856 3094 3569 
8824 2924 2925 2926 
8825 4280 4278 5581 
8826 2472 2473 2474 
8827 1173 1172 1174 
8828 434 433 435 
8829 466 467 468 
8830 1210 1209 1211 
8831 670 671 672 
8832 672 673 674 
8833 689 690 691 
8834 788 787 789 
8835 791 793 794 
8836 1339 799 7615 
8837 802 803 804 
8838 1236 1234 1237 
8839 5133 5131 5538 
8840 7385 7382 7541 
8841 2288 2365 2472 
8842 4700 4593 5045 
8843 1260 1180 7578 
8844 1169 1171 2959 
8845 3649 3651 3652 
8846 904 905 906 
8847 970 968 1706 
8848 969 971 3640 
8849 1694 1692 1695 
8850 2477 2475 2478 
8851 466 465 467 
8852 468 467 469 
8853 683 681 684 
8854 782 784 1342 
8855 1173 1174 1175 
8856 1430 1422 1431 
8857 3576 3577 4386 
8858 436 437 438 
8859 906 908 2368 
8860 4772 4771 4815 
8861 1536 1490 1678 
8862 2571 2572 2573 
8863 1252 1253 1258 
8864 3613 7388 7886 
8865 1257 1183 7676 
8866 1738 1739 1745 
8867 4779 4778 4780 
8868 676 677 678 
8869 678 679 680 
8870 693 694 695 
8871 796 797 798 
8872 811 812 813 
8873 4779 4780 4781 
8874 919 917 3053 
8875 992 1017 7691 
8876 2533 2532 2534 
8877 1750 1748 1782 
8878 1249 1247 2975 
8879 1248 1250 2941 
8880 2921 2920 2922 
8881 1179 1178 1180 
8882 3045 3427 3620 
8883 5015 5742 5917 
8884 1750 1782 7740 
8885 445 443 450 
8886 4950 4948 4951 
8887 3605 3604 3606 
8888 452 448 2957 
8889 4773 4775 4816 
8890 5289 5290 6454 
8891 1507 1418 1508 
8892 1769 1771 2318 
8893 2565 2566 2567 
8894 1792 1791 2281 
8895 912 914 1076 
8896 2562 3310 3311 
8897 1245 1247 1248 
8898 910 911 912 
8899 1749 1748 1750 
8900 4361 3489 4362 
8901 969 970 971 
8902 971 972 1024 
8903 1041 1026 1682 
8904 1913 1914 1915 
8905 3787 3788 3789 
8906 4887 4888 4913 
8907 1703 1702 1791 
8908 1768 2980 7741 
8909 2565 2564 2566 
8910 674 673 675 
8911 689 688 690 
8912 693 692 694 
8913 806 805 807 
8914 4952 4951 4953 
8915 1200 1199 1203 
8916 1417 1418 1507 
8917 2567 2566 2568 
8918 778 780 2951 
8919 3599 3598 3600 
8920 3009 3395 3416 
8921 3624 3625 3833 
8922 995 994 996 
8923 1173 1175 1279 
8924 7520 7549 7626 
8925 1236 1238 1240 
8926 3631 3630 3632 
8927 1868 3644 3645 
8928 4004 3170 7681 
8929 4343 4342 5191 
8930 1191 1190 1192 
8931 1344 1343 1345 
8932 3934 3933 4688 
8933 461 462 464 
8934 514 515 516 
8935 1736 1737 1995 
8936 4182 3634 4219 
8937 3640 971 7586 
8938 1213 1211 2942 
8939 1689 1690 1691 
8940 997 996 998 
8941 1508 1418 1509 
8942 4912 4930 7534 
8943 1919 7643 7644 
8944 1977 1986 1987 
8945 2405 2255 2406 
8946 1480 1475 1481 
8947 1749 1750 1751 
8948 1771 1772 1773 
8949 999 998 1000 
8950 444 445 446 
8951 1204 1206 2974 
8952 1927 1928 1929 
8953 997 998 999 
8954 906 907 908 
8955 914 915 916 
8956 1181 1180 1182 
8957 1197 1273 7694 
8958 1906 1907 1908 
8959 786 788 3642 
8960 995 996 997 
8961 1699 1703 3639 
8962 4727 7664 7666 
8963 457 458 459 
8964 4776 4774 4777 
8965 1270 1268 1271 
8966 4893 3659 4894 
8967 697 696 698 
8968 699 698 700 
8969 783 781 1115 
8970 1767 1766 1768 
8971 2283 2285 4727 
8972 3643 3664 4718 
8973 4149 3575 7465 
8974 455 454 456 
8975 464 462 465 
8976 653 655 7863 
8977 1220 1222 1223 
8978 4770 4771 4772 
8979 442 443 444 
8980 995 997 3014 
8981 1193 1192 1194 
8982 1218 1219 1220 
8983 3627 3626 3628 
8984 4849 4850 7407 
8985 5218 5217 5219 
8986 3647 3648 3649 
8987 431 448 451 
8988 1218 1217 1219 
8989 1220 1219 1221 
8990 991 990 992 
8991 1240 1242 2970 
8992 1262 1261 1264 
8993 5508 5509 5940 
8994 4542 4323 4634 
8995 691 692 693 
8996 786 785 787 
8997 790 789 791 
8998 794 795 796 
8999 804 805 806 
9000 806 807 808 
9001 808 809 811 
9002 5154 5153 6257 
9003 1911 1913 1980 
9004 1924 1923 1956 
9005 1929 1931 1960 
9006 3467 3466 4310 
9007 1317 1316 1318 
9008 1796 1788 1797 
9009 510 511 512 
9010 3170 3172 7681 
9011 1183 1184 1185 
9012 1914 1912 7592 
9013 1169 1168 1170 
9014 1922 1920 1923 
9015 1925 1927 2952 
9016 5132 5134 7539 
9017 1685 1684 1686 
9018 1918 1916 1919 
9019 2285 2287 2288 
9020 468 470 471 
9021 1915 1917 2935 
9022 1922 1923 1924 
9023 7654 5578 7655 
9024 3648 3646 4741 
9025 2586 2587 3043 
9026 4882 4879 4883 
9027 2759 2760 2993 
9028 3603 3605 4251 
9029 678 682 7658 
9030 680 679 681 
9031 695 694 696 
9032 800 799 801 
9033 697 699 701 
9034 703 700 732 
9035 776 777 778 
9036 1209 1207 1277 
9037 2916 3143 4471 
9038 3790 4332 4333 
9039 1024 1025 1026 
9040 1751 1752 1753 
9041 2554 2786 3009 
9042 2919 2920 2921 
9043 655 657 3313 
9044 702 704 7612 
9045 707 705 2945 
9046 780 781 782 
9047 782 783 784 
9048 1474 1475 1480 
9049 680 681 683 
9050 683 684 685 
9051 1029 1028 1030 
9052 4674 4675 4676 
9053 681 679 775 
9054 2613 2597 3382 
9055 1197 1200 1273 
9056 4770 4772 4773 
9057 674 676 2944 
9058 683 685 2956 
9059 797 795 2943 
9060 996 994 3216 
9061 1240 1241 1242 
9062 1735 1991 2184 
9063 3311 3310 4041 
9064 3608 3609 3610 
9065 672 674 7761 
9066 784 785 786 
9067 794 796 4871 
9068 801 799 1339 
9069 985 987 1538 
9070 513 511 3070 
9071 2281 2286 2410 
9072 670 672 761 
9073 673 671 734 
9074 689 691 760 
9075 692 690 3204 
9076 788 789 790 
9077 802 804 2965 
9078 807 805 958 
9079 806 808 810 
9080 1271 1268 1272 
9081 1918 1920 1921 
9082 915 913 1022 
9083 7586 1041 7647 
9084 1171 1172 1173 
9085 1179 1180 1181 
9086 1181 1182 1183 
9087 2490 2930 2931 
9088 1323 1324 1325 
9089 462 460 463 
9090 1345 1343 3638 
9091 7664 3639 7666 
9092 510 5578 7654 
9093 2556 2557 2558 
9094 904 792 905 
9095 967 968 969 
9096 2288 2364 2365 
9097 685 686 687 
9098 697 698 699 
9099 699 700 702 
9100 701 699 7807 
9101 702 703 704 
9102 784 783 785 
9103 1769 1770 1771 
9104 906 905 907 
9105 914 913 915 
9106 912 913 914 
9107 7566 7565 7567 
9108 1796 1797 1861 
9109 1925 1926 1927 
9110 1929 1930 1931 
9111 916 915 917 
9112 4278 4195 7677 
9113 3604 3602 7486 
9114 657 656 658 
9115 670 658 671 
9116 672 671 673 
9117 691 690 692 
9118 791 789 793 
9119 794 793 795 
9120 802 801 803 
9121 808 807 809 
9122 987 988 989 
9123 2925 2922 7760 
9124 436 435 437 
9125 455 456 457 
9126 702 700 703 
9127 908 907 909 
9128 1736 1540 1737 
9129 1024 1026 1041 
9130 1691 1692 1694 
9131 2560 2792 3698 
9132 3045 3043 3426 
9133 1177 1176 1178 
9134 1791 1702 7649 
9135 2373 2532 2533 
9136 2533 2534 2535 
9137 1214 1213 1215 
9138 1225 1226 1227 
9139 4041 4872 4873 
9140 1238 1237 2937 
9141 2358 1989 2359 
9142 2477 2511 3377 
9143 1683 1684 1685 
9144 2410 2411 2679 
9145 759 2911 4870 
9146 1987 2179 2180 
9147 2914 2912 7754 
9148 1248 1249 1250 
9149 776 706 777 
9150 1280 1276 2933 
9151 1699 1702 1703 
9152 1764 1868 7660 
9153 4902 4903 4904 
9154 1683 1685 2369 
9155 1927 1926 1928 
9156 1929 1928 1930 
9157 4237 3490 4238 
9158 2569 2571 2765 
9159 3056 3055 3498 
9160 438 437 439 
9161 464 465 466 
9162 4754 4755 4828 
9163 1034 1033 1035 
9164 1225 1224 1226 
9165 1236 1237 1238 
9166 1514 1681 1735 
9167 2981 1783 7752 
9168 4047 4048 4422 
9169 2283 2282 2284 
9170 1250 1249 1251 
9171 4285 4286 4516 
9172 1319 1318 1320 
9173 2285 2284 2287 
9174 7664 7665 7876 
9175 1227 1228 1229 
9176 1264 1261 2971 
9177 3044 3623 3624 
9178 1029 1030 1031 
9179 2322 2323 2325 
9180 1775 1776 1777 
9181 1689 1691 1693 
9182 2288 2287 2364 
9183 969 968 970 
9184 3850 3849 4319 
9185 5132 5133 5134 
9186 972 970 7700 
9187 2512 2554 2955 
9188 512 511 513 
9189 1175 1174 1176 
9190 1187 1186 1188 
9191 1690 1688 2548 
9192 1922 1924 1925 
9193 2000 1979 2001 
9194 2586 2585 2587 
9195 1212 1211 1213 
9196 1024 972 1025 
9197 457 456 458 
9198 4175 4174 4176 
9199 514 513 515 
9200 2477 2478 2511 
9201 1908 3697 7744 
9202 2742 3339 3340 
9203 5584 4917 7781 
9204 434 435 436 
9205 451 453 3669 
9206 1032 1033 1034 
9207 5220 5221 5222 
9208 5449 5448 5450 
9209 800 801 802 
9210 4720 4721 4722 
9211 431 432 448 
9212 451 448 452 
9213 440 439 441 
9214 1182 1180 1260 
9215 3629 3631 3720 
9216 4737 4738 4739 
9217 4964 4963 4966 
9218 1233 1234 1235 
9219 3569 3094 7721 
9220 916 918 3015 
9221 1278 1276 1280 
9222 1906 1908 1909 
9223 438 439 440 
9224 467 465 7548 
9225 3576 2923 3577 
9226 1987 2180 2990 
9227 3096 3095 3488 
9228 1250 1251 1252 
9229 3664 3378 4715 
9230 4736 4735 4737 
9231 1755 1756 1757 
9232 6201 3715 6202 
9233 4767 4766 4768 
9234 1319 1320 1323 
9235 7877 2981 7927 
9236 1208 1210 1256 
9237 4113 4114 4678 
9238 1189 1188 1190 
9239 1960 1931 3352 
9240 1214 1215 1216 
9241 2531 2372 2584 
9242 5057 5056 6873 
9243 676 675 677 
9244 796 795 797 
9245 811 809 812 
9246 1222 1221 1337 
9247 2931 2930 2932 
9248 798 799 800 
9249 724 726 731 
9250 1187 1188 1189 
9251 2558 2623 3032 
9252 779 777 4260 
9253 1274 1276 1278 
9254 3633 4182 4183 
9255 4776 4778 4779 
9256 1909 1910 1911 
9257 7496 7562 7563 
9258 4717 4715 7399 
9259 451 452 453 
9260 1699 1698 1702 
9261 4916 4914 7583 
9262 1208 1209 1210 
9263 5143 5132 7539 
9264 2922 2920 7760 
9265 1431 1422 2985 
9266 1991 1681 3854 
9267 1243 1244 1245 
9268 2358 2593 2598 
9269 782 781 783 
9270 2920 2918 4891 
9271 1417 1507 1514 
9272 1915 1914 1916 
9273 1917 1916 1918 
9274 7404 4924 7421 
9275 1861 1862 1863 
9276 4197 4196 4724 
9277 1482 1489 2315 
9278 4448 4320 4449 
9279 3712 3711 3713 
9280 1231 1230 1232 
9281 1235 1234 1236 
9282 916 917 918 
9283 5804 4215 7102 
9284 1197 1199 1200 
9285 2322 2321 2323 
9286 989 990 991 
9287 673 734 7696 
9288 1185 1187 2969 
9289 1225 1227 2938 
9290 2596 2612 2865 
9291 724 725 726 
9292 1034 1035 1036 
9293 905 792 2940 
9294 1293 1294 1417 
9295 3610 3611 3612 
9296 4873 4874 5990 
9297 991 992 993 
9298 5685 4678 5899 
9299 787 3636 7673 
9300 1038 1030 2585 
9301 2569 2568 2570 
9302 3170 3171 3172 
9303 2679 2680 3404 
9304 993 994 995 
9305 3787 3786 3788 
9306 1232 1230 2972 
9307 1783 1784 1785 
9308 4515 4513 7477 
9309 510 446 511 
9310 1212 1213 1214 
9311 1861 1797 1862 
9312 3655 3656 3657 
9313 5438 3493 7494 
9314 1775 1774 1776 
9315 2535 2534 2536 
9316 3789 3788 3790 
9317 759 2910 2911 
9318 4915 4917 5584 
9319 3620 3621 4300 
9320 6143 6142 6144 
9321 1908 1907 3697 
9322 3627 3628 3629 
9323 3405 4187 4200 
9324 5593 7454 7455 
9325 1911 1912 1913 
9326 1175 1176 1177 
9327 685 684 686 
9328 798 797 799 
9329 1913 1912 1914 
9330 2931 2932 3208 
9331 2911 2912 2913 
9332 468 469 470 
9333 2978 2977 2979 
9334 435 433 2984 
9335 432 433 434 
9336 440 441 442 
9337 1216 1217 1218 
9338 1266 1268 1270 
9339 4277 4278 4279 
9340 1038 2585 2586 
9341 2912 4714 7754 
9342 2679 2411 2680 
9343 687 688 689 
9344 4757 4758 4759 
9345 2562 2563 3310 
9346 1177 1179 2954 
9347 2563 2564 2565 
9348 4882 4883 4884 
9349 909 907 1541 
9350 1779 1783 2981 
9351 2935 2962 2963 
9352 1901 1905 1978 
9353 1928 1926 3183 
9354 461 460 462 
9355 1756 1754 2014 
9356 4915 4914 4916 
9357 4001 4019 5322 
9358 1539 1536 1540 
9359 4748 4750 4927 
9360 1785 1784 1786 
9361 2919 2918 2920 
9362 1258 1261 1262 
9363 696 694 1340 
9364 7821 7820 7822 
9365 1200 1203 1204 
9366 1031 1030 1038 
9367 2923 2922 2924 
9368 677 675 3213 
9369 798 800 1116 
9370 1189 1191 1263 
9371 1245 1244 1247 
9372 1249 2975 7728 
9373 2915 2914 2917 
9374 1252 1258 1259 
9375 1185 1186 1187 
9376 1762 1760 1763 
9377 4897 4989 6732 
9378 790 791 792 
9379 3057 3058 7776 
9380 4917 4918 4919 
9381 2410 2286 2411 
9382 1193 1194 1195 
9383 2596 2595 2597 
9384 1266 1264 1268 
9385 1489 1535 7749 
9386 910 909 911 
9387 2935 1917 2962 
9388 790 792 904 
9389 1190 1188 1338 
9390 4041 3310 4872 
9391 2604 2603 3034 
9392 1765 1764 1766 
9393 1034 1036 2966 
9394 2679 3404 3405 
9395 4878 4879 4880 
9396 1759 1760 1761 
9397 1242 1241 1243 
9398 4758 4756 4838 
9399 2612 2613 2614 
9400 512 513 514 
9401 2593 2594 7638 
9402 1489 1490 1535 
9403 3611 3609 3663 
9404 7782 5116 7792 
9405 1195 1196 1197 
9406 2586 3043 3045 
9407 1685 1686 1687 
9408 1027 1028 1029 
9409 1773 1774 1775 
9410 1236 1240 7709 
9411 2680 2411 2681 
9412 461 464 481 
9413 3603 3604 3605 
9414 3650 3649 7757 
9415 4130 3307 4132 
9416 1281 1283 1284 
9417 2535 2759 3380 
9418 2554 2513 2786 
9419 4952 4953 4954 
9420 440 442 449 
9421 2281 1791 2286 
9422 4912 4717 4930 
9423 2978 2979 3119 
9424 991 993 1045 
9425 4770 4768 4771 
9426 788 790 7590 
9427 3009 2786 3395 
9428 7420 2374 7928 
9429 1735 1681 1991 
9430 2536 2534 3425 
9431 3960 3851 5686 
9432 3653 3654 3655 
9433 1482 1483 1489 
9434 5471 5473 6579 
9435 1171 1170 1172 
9436 1868 1763 3644 
9437 4734 4732 5115 
9438 1768 1766 2980 
9439 1771 1770 1772 
9440 1909 1908 1910 
9441 5027 5028 5029 
9442 1694 1695 1696 
9443 3662 2863 7638 
9444 2926 2925 2927 
9445 2560 2791 2792 
9446 5657 5656 5658 
9447 3620 3427 3621 
9448 2473 2365 2476 
9449 2531 2584 7789 
9450 1281 1280 1283 
9451 5990 4874 6068 
9452 3690 3691 3692 
9453 3405 3404 4186 
9454 5742 5014 6427 
9455 2924 2922 2925 
9456 1988 2358 7535 
9457 1193 1195 2968 
9458 3120 2907 3121 
9459 5545 3352 5546 
9460 4279 4280 4281 
9461 7633 3258 7693 
9462 4387 4896 4897 
9463 1274 1271 1276 
9464 4301 3621 4342 
9465 4729 4730 4731 
9466 4898 4899 4900 
9467 2512 2513 2554 
9468 1206 1207 1208 
9469 1925 1924 1926 
9470 5821 3637 5822 
9471 1474 1431 1475 
9472 1689 1688 1690 
9473 3610 3609 3611 
9474 2563 2406 2564 
9475 1698 1697 1700 
9476 2568 2566 3385 
9477 1417 1514 7717 
9478 1755 1754 1756 
9479 1253 1251 1254 
9480 4205 4203 4206 
9481 4820 4819 4833 
9482 446 445 447 
9483 1337 1343 1344 
9484 1765 1767 5573 
9485 3649 3648 3651 
9486 7586 7647 7846 
9487 2963 2964 3170 
9488 2598 2593 2863 
9489 7582 1032 7785 
9490 1214 1216 2002 
9491 5222 6114 7487 
9492 1769 1768 1770 
9493 2975 1247 7779 
9494 1772 1770 2240 
9495 1777 1778 1779 
9496 1765 1766 1767 
9497 1041 1682 1683 
9498 2927 2925 3484 
9499 6068 6069 6070 
9500 3690 3692 5601 
9501 4913 4888 4914 
9502 1223 1224 1225 
9503 2864 3149 3667 
9504 7665 3379 7871 
9505 1912 1910 1957 
9506 2913 2914 2915 
9507 4707 5767 6099 
9508 3395 2786 3396 
9509 3044 3622 3623 
9510 1916 1914 7643 
9511 3884 3396 3885 
9512 2472 2365 2473 
9513 3073 3074 3883 
9514 1759 1761 2490 
9515 1753 1752 1754 
9516 3034 3457 5027 
9517 4997 4238 4998 
9518 2864 2863 3148 
9519 1694 1696 7588 
9520 4914 4923 7583 
9521 4915 4916 4917 
9522 1337 1221 1343 
9523 4763 4764 4765 
9524 1703 1791 1792 
9525 5174 3883 7817 
9526 3056 3498 3499 
9527 4765 4826 7690 
9528 3258 7692 7693 
9529 1183 1182 1184 
9530 5215 4677 5216 
9531 2612 2597 2613 
9532 3386 4902 4961 
9533 1693 1691 7795 
9534 7779 5974 7873 
9535 2000 2001 2254 
9536 2602 2604 2605 
9537 3561 4545 4573 
9538 7505 7508 7892 
9539 4279 4278 4280 
9540 2320 2005 2324 
9541 2395 2396 2599 
9542 6090 6091 6092 
9543 1293 1286 1294 
9544 4816 4775 4877 
9545 4914 4888 4923 
9546 4899 5020 5021 
9547 1911 1910 1912 
9548 3340 3339 3933 
9549 1785 1786 1787 
9550 2472 2474 3379 
9551 3608 3607 3609 
9552 4340 4926 4931 
9553 3850 4320 4448 
9554 5692 5894 5895 
9555 7383 7382 7384 
9556 3674 3675 3680 
9557 4281 4282 4283 
9558 3057 2634 3058 
9559 4922 4921 4932 
9560 4956 4955 4957 
9561 3603 3602 3604 
9562 5360 4743 7597 
9563 7433 7431 7434 
9564 2417 2416 2652 
9565 4731 4733 7504 
9566 2960 1235 4875 
9567 1252 1251 1253 
9568 5015 5014 5742 
9569 3376 1199 7704 
9570 3119 3466 3467 
9571 1738 1745 3386 
9572 2586 3045 7631 
9573 1988 1989 2358 
9574 5574 4890 5575 
9575 4769 4768 4770 
9576 5130 5132 5143 
9577 3850 4319 4320 
9578 2395 2599 2953 
9579 4186 3404 5288 
9580 1746 1747 1748 
9581 2474 2475 2477 
9582 4362 4363 4592 
9583 6231 4690 7907 
9584 3633 3632 3634 
9585 4961 4902 7584 
9586 1796 7930 7940 
9587 5241 5240 5326 
9588 3466 3319 3570 
9589 2254 2001 2255 
9590 1749 1751 2982 
9591 4919 4920 4921 
9592 3665 4134 4135 
9593 1764 1763 1868 
9594 6074 6073 6075 
9595 792 791 7725 
9596 794 4871 7725 
9597 5820 3637 5821 
9598 3599 3600 3601 
9599 3120 3121 3215 
9600 469 480 3073 
9601 2006 2005 2320 
9602 7642 2401 7848 
9603 4471 3143 5447 
9604 2970 1242 2977 
9605 4776 4777 4778 
9606 5567 4894 7366 
9607 2614 2615 2856 
9608 7525 4300 7526 
9609 5217 5216 5590 
9610 5575 6089 6090 
9611 4238 3490 4885 
9612 4751 4753 4754 
9613 3032 3268 3665 
9614 5203 4911 5204 
9615 2327 2329 2331 
9616 4210 4209 4910 
9617 4276 4195 4277 
9618 4279 4281 5708 
9619 4754 4828 4849 
9620 4961 7584 7585 
9621 4653 4655 6011 
9622 4707 4514 5767 
9623 4311 4310 5915 
9624 5905 4321 5906 
9625 3009 3416 3417 
9626 4945 4946 4947 
9627 4815 4819 4820 
9628 2993 2760 3055 
9629 2913 2916 7697 
9630 4204 4203 4205 
9631 1785 1787 2445 
9632 1281 1284 1347 
9633 1173 1279 7718 
9634 2856 2615 2857 
9635 3631 3632 3633 
9636 2974 1206 7768 
9637 2512 2478 2513 
9638 3605 3606 4259 
9639 1319 1323 1506 
9640 4744 7745 7852 
9641 3625 3626 3627 
9642 5591 4892 5592 
9643 5128 5129 5130 
9644 1746 1748 1749 
9645 1921 1922 7724 
9646 2963 3170 4004 
9647 7830 5585 7844 
9648 2917 2914 2918 
9649 2328 2326 2374 
9650 4881 4938 7811 
9651 2558 2557 2559 
9652 3386 1745 4901 
9653 759 723 2910 
9654 4824 4759 7798 
9655 4904 4903 4905 
9656 4886 3833 4987 
9657 1775 1777 2401 
9658 3499 4261 5602 
9659 3785 3784 3786 
9660 3055 2760 3066 
9661 7547 7650 7896 
9662 7568 7567 7569 
9663 5289 5288 5290 
9664 3574 3164 3575 
9665 3230 3229 3849 
9666 2633 2634 3057 
9667 4676 5214 7057 
9668 1026 1027 7581 
9669 2452 2284 7603 
9670 1578 2005 2006 
9671 2180 2372 2373 
9672 724 722 725 
9673 3149 3889 3890 
9674 3655 3657 5036 
9675 3074 3599 7817 
9676 6070 6069 6071 
9677 3849 3229 7632 
9678 4941 4942 4943 
9679 4284 4282 4740 
9680 1868 3645 4876 
9681 3713 3714 4113 
9682 4954 4953 4955 
9683 4757 4756 4758 
9684 3377 3643 7546 
9685 3209 3859 3860 
9686 5058 5057 6848 
9687 4678 4114 5668 
9688 4734 5116 7782 
9689 3445 3446 4047 
9690 3148 2863 3662 
9691 2937 1237 5972 
9692 1254 1251 7728 
9693 3320 7381 7382 
9694 3378 2511 7509 
9695 5082 5240 5241 
9696 2594 2595 2596 
9697 6070 6071 6072 
9698 4276 5432 5433 
9699 5596 5597 5598 
9700 4516 4517 4518 
9701 2184 1991 2345 
9702 1757 1756 1758 
9703 6073 6071 7490 
9704 5747 4738 7782 
9705 3885 3396 4209 
9706 5449 5450 5892 
9707 1272 1268 7713 
9708 2562 2406 2563 
9709 2540 2345 3368 
9710 6411 7207 7208 
9711 7379 5291 7722 
9712 761 672 7761 
9713 4773 4772 4774 
9714 4689 7498 7499 
9715 4816 4877 4878 
9716 5747 7782 7792 
9717 7367 7368 7369 
9718 3664 4715 4716 
9719 7563 7562 7565 
9720 7577 2935 7838 
9721 4965 5843 5844 
9722 4757 4759 4824 
9723 2327 2326 2328 
9724 3634 3632 4211 
9725 3601 3600 3602 
9726 4965 4964 5843 
9727 2955 2554 7847 
9728 7698 4726 7699 
9729 4739 4738 5631 
9730 4472 4471 5609 
9731 3445 3369 3446 
9732 1189 1263 7601 
9733 4676 4677 5214 
9734 4947 4948 4950 
9735 5130 5131 5132 
9736 2255 2001 2997 
9737 989 991 7685 
9738 4449 5283 5284 
9739 2564 7640 7805 
9740 4300 3621 4301 
9741 4743 7480 7597 
9742 6068 4874 6069 
9743 3890 3889 4653 
9744 7371 7372 7373 
9745 3790 3788 4332 
9746 3715 3713 7765 
9747 2598 2863 2864 
9748 3417 4229 4898 
9749 3698 3699 3700 
9750 4731 4732 4733 
9751 1273 1200 7587 
9752 4900 7746 7747 
9753 5432 4277 7618 
9754 5191 4342 5225 
9755 3377 3378 3643 
9756 4386 3577 4387 
9757 7492 2585 7769 
9758 5362 7401 7402 
9759 5668 4114 5669 
9760 4958 4959 4960 
9761 3094 3095 3096 
9762 2600 2396 2601 
9763 2395 2330 2396 
9764 2596 2597 2612 
9765 4989 4896 7808 
9766 4285 4284 4286 
9767 4889 4890 5574 
9768 4938 5568 7410 
9769 3786 3784 4299 
9770 5688 5687 5689 
9771 3488 3095 3490 
9772 3694 3693 4151 
9773 449 7654 7655 
9774 4992 3883 4993 
9775 3370 3369 3445 
9776 7668 5576 7814 
9777 7682 989 7685 
9778 4212 4928 5585 
9779 3417 4228 4229 
9780 3575 3164 3851 
9781 3645 3646 3647 
9782 3655 5036 8202 
9783 916 3015 7705 
9784 5654 1579 5655 
9785 3032 3133 3268 
9786 4207 4339 4643 
9787 7728 2975 7729 
9788 4132 3307 4133 
9789 4261 4262 5474 
9790 3058 4215 5804 
9791 4751 4752 4753 
9792 1228 1239 7669 
9793 3694 4151 4152 
9794 2919 2921 7698 
9795 1199 1196 7704 
9796 4285 4516 5022 
9797 4276 4277 5432 
9798 4987 3833 5030 
9799 2315 1489 7749 
9800 5595 4654 5596 
9801 3058 2634 4215 
9802 4925 4912 7917 
9803 4639 7522 7523 
9804 3493 3492 4513 
9805 4221 4220 5151 
9806 3602 3600 4728 
9807 1702 7648 7649 
9808 4850 4828 4892 
9809 5581 4278 7677 
9810 4675 4519 4929 
9811 4200 4201 4887 
9812 3618 3617 4196 
9813 3208 2932 3210 
9814 7387 2982 7936 
9815 4886 5173 7759 
9816 4180 4179 5471 
9817 4943 4944 4945 
9818 4881 4880 4936 
9819 1755 1757 7844 
9820 5027 3457 5028 
9821 5688 5690 5691 
9822 3713 3711 3714 
9823 2939 7606 7607 
9824 1899 3696 7946 
9825 4743 7479 7480 
9826 7464 7853 7854 
9827 4518 4517 4519 
9828 5222 5221 5436 
9829 2325 2326 2327 
9830 4919 4921 4922 
9831 3120 3215 4193 
9832 5036 3657 5037 
9833 4931 4926 5587 
9834 5220 5219 5221 
9835 3210 2932 4194 
9836 4761 4762 4763 
9837 7637 7820 7821 
9838 2920 4891 7760 
9839 5690 5692 6563 
9840 2416 2345 2540 
9841 4882 4884 4940 
9842 2585 1030 7769 
9843 4735 4734 7782 
9844 3612 3613 3614 
9845 458 456 7531 
9846 4339 4340 4341 
9847 7395 3859 7435 
9848 2990 2180 7731 
9849 7377 7378 7380 
9850 2535 3380 7711 
9851 4872 3310 7633 
9852 3693 3691 3867 
9853 7672 793 7673 
9854 7529 4312 7852 
9855 4200 4887 5582 
9856 2014 1754 7628 
9857 7588 7589 7795 
9858 3612 3614 3615 
9859 4197 4724 4725 
9860 4877 4775 7689 
9861 3073 3883 4992 
9862 7749 7543 7750 
9863 4312 4311 4313 
9864 3209 3860 4212 
9865 2282 2281 7815 
9866 1535 7543 7749 
9867 4362 4592 4639 
9868 7792 5116 7793 
9869 2605 2606 2607 
9870 1698 1700 7648 
9871 4880 4879 4882 
9872 4997 4998 7321 
9873 5631 4738 5747 
9874 3306 2936 3307 
9875 7373 7374 7386 
9876 4938 4939 5568 
9877 2602 2603 2604 
9878 4759 4761 7798 
9879 2918 2914 7754 
9880 1293 1417 7717 
9881 7449 7448 7450 
9882 5703 5795 5825 
9883 1200 1204 7587 
9884 4941 4884 4942 
9885 2006 2321 2322 
9886 7872 5587 7923 
9887 3658 3660 3661 
9888 7404 7421 7422 
9889 4202 3035 7905 
9890 6012 4655 6013 
9891 7598 2972 7599 
9892 5471 4179 5473 
9893 4700 5045 5508 
9894 3609 3607 7804 
9895 4910 4209 5583 
9896 5052 4230 5231 
9897 6118 5322 6432 
9898 4449 5284 5285 
9899 5703 4634 5795 
9900 3561 2652 3562 
9901 3635 1684 7580 
9902 2937 5972 5973 
9903 2563 2565 7633 
9904 3675 3676 3677 
9905 2534 2532 7762 
9906 4134 4323 4542 
9907 4207 4208 4339 
9908 5596 4654 5597 
9909 5575 4890 5702 
9910 7815 2410 7834 
9911 4264 7448 7449 
9912 7731 7711 7737 
9913 7745 4744 7832 
9914 1960 5571 7602 
9915 4176 4174 4179 
9916 3119 3319 3466 
9917 7462 7464 7701 
9918 1177 2954 7667 
9919 4722 4721 5291 
9920 4513 3492 4514 
9921 4993 3883 5174 
9922 2322 2325 3668 
9923 5574 5575 7670 
9924 7534 1109 7901 
9925 440 449 7611 
9926 3405 4200 7834 
9927 4279 5708 7618 
9928 3049 2919 7698 
9929 4849 4828 4850 
9930 4387 3577 4896 
9931 1909 1911 7818 
9932 1702 1698 7648 
9933 4745 4747 4748 
9934 5153 5151 6429 
9935 4938 7410 7811 
9936 4333 5171 5410 
9937 2857 2615 3381 
9938 3425 7762 7763 
9939 2180 2373 7731 
9940 724 731 7560 
9941 4761 4763 4825 
9942 4019 4743 5360 
9943 4212 4213 4928 
9944 5822 3637 7756 
9945 4906 4907 5209 
9946 7603 5582 7891 
9947 4674 4519 4675 
9948 4639 7523 7524 
9949 7922 4928 7954 
9950 4207 4206 4208 
9951 7553 7552 7554 
9952 448 432 7845 
9953 7777 3669 7778 
9954 1919 1916 7643 
9955 1233 2960 7629 
9956 4833 4819 5576 
9957 4907 4908 4909 
9958 5588 4135 5589 
9959 723 724 7560 
9960 1196 1267 7704 
9961 3561 4573 7613 
9962 5360 7597 7861 
9963 3499 5603 7797 
9964 4688 3933 4690 
9965 2556 2558 7790 
9966 1687 1689 7671 
9967 3698 3700 7346 
9968 3658 3659 3660 
9969 4196 3617 4199 
9970 2594 7636 7638 
9971 4900 4899 7746 
9972 3425 2534 7762 
9973 7475 7642 7848 
9974 5589 4135 5922 
9975 5216 7406 7929 
9976 5583 7787 7893 
9977 3605 4259 7497 
9978 3427 3856 7802 
9979 1180 1178 7578 
9980 1775 2401 7642 
9981 4756 4753 7770 
9982 2364 7890 7916 
9983 795 793 7672 
9984 4751 4754 7894 
9985 800 802 7706 
9986 4729 4731 7887 
9987 1770 1768 7741 
9988 2943 795 7672 
9989 2179 7850 7851 
9990 3056 3499 7797 
9991 2940 792 7725 
9992 7578 1178 7758 
9993 3034 2603 3035 
9994 1038 2586 7631 
9995 2937 5973 5974 
9996 4653 3889 4655 
9997 5955 5954 6387 
9998 1579 1498 7969 
9999 2452 7603 7891 
10000 5151 4220 5152 
10001 4216 4152 4217 
10002 4213 5014 5015 
10003 5940 5941 6014 
10004 3310 2563 7633 
10005 4896 7786 7808 
10006 4745 4746 4747 
10007 4766 4764 7668 
10008 7593 1957 7674 
10009 967 969 7901 
10010 1683 2369 7647 
10011 1169 2959 7734 
10012 5144 5160 6000 
10013 4927 4750 4934 
10014 2373 2533 7731 
10015 5031 4042 7753 
10016 7367 5569 7368 
10017 1736 1995 7732 
10018 2941 7512 7513 
10019 4217 4152 5105 
10020 3339 3841 7874 
10021 2532 3259 7762 
10022 7958 1223 7968 
10023 721 723 759 
10024 7637 7821 7828 
10025 3484 2925 7760 
10026 7552 761 7761 
10027 723 722 724 
10028 1041 1683 7647 
10029 2533 7711 7731 
10030 4200 5582 7834 
10031 2533 2535 7711 
10032 433 430 7540 
10033 1235 1236 7709 
10034 4048 4489 4490 
10035 2254 2407 7902 
10036 7640 2997 7641 
10037 7726 5573 7788 
10038 7490 2765 7680 
10039 3663 3609 7804 
10040 2939 7605 7606 
10041 2791 7925 7935 
10042 4891 2918 7754 
10043 7702 7464 7854 
10044 3786 4299 7710 
10045 4724 7408 7446 
10046 4277 4279 7618 
10047 1924 1956 7715 
10048 7664 4727 7665 
10049 4901 1745 7772 
10050 1247 1244 7779 
10051 7632 3229 7810 
10052 1906 1909 7756 
10053 2476 7924 7937 
10054 7971 7904 7975 
10055 1684 1682 7580 
10056 904 906 7720 
10057 5582 4887 7891 
10058 4922 5586 7781 
10059 2988 2906 7801 
10060 3320 7383 7791 
10061 3445 4047 7806 
10062 1783 1785 7752 
10063 2281 2410 7815 
10064 3607 7486 7804 
10065 2364 2287 7890 
10066 3598 7548 7875 
10067 2513 2478 7893 
10068 3713 4113 7765 
10069 5580 7376 7387 
10070 7670 6090 7835 
10071 3633 4183 7703 
10072 7102 4215 7103 
10073 4251 3605 7497 
10074 4892 7840 7888 
10075 1538 7682 7683 
10076 4715 3378 7509 
10077 2566 2564 7805 
10078 2941 7511 7512 
10079 3720 3631 7703 
10080 2969 1187 7601 
10081 4218 3056 7797 
10082 4899 5021 7746 
10083 2765 7490 7596 
10084 5582 7815 7834 
10085 1693 7795 7896 
10086 987 989 7682 
10087 7621 7620 7622 
10088 7392 7723 7878 
10089 4875 1235 7709 
10090 7866 3615 7867 
10091 1682 1026 7581 
10092 2472 3379 7604 
10093 2410 2679 7834 
10094 7653 7766 7767 
10095 2857 3381 7630 
10096 4776 4779 7689 
10097 1279 1175 7667 
10098 2984 433 7540 
10099 7580 1682 7581 
10100 6222 4422 7879 
10101 3049 7698 7699 
10102 4220 3790 7813 
10103 7816 5174 7817 
10104 5144 6000 7796 
10105 4875 7709 7784 
10106 1962 4972 7944 
10107 2778 3460 7810 
10108 7738 7482 7869 
10109 2401 1777 7764 
10110 4741 7544 7575 
10111 1187 1189 7601 
10112 3599 4264 7817 
10113 2990 7731 7737 
10114 7661 1275 7662 
10115 2679 3405 7834 
10116 4925 7846 7903 
10117 2475 2473 7839 
10118 485 7574 7621 
10119 3143 2915 7799 
10120 3426 3043 7775 
10121 7562 4885 7630 
10122 4264 7449 7816 
10123 1230 1228 7669 
10124 1910 1908 7744 
10125 4915 5584 7868 
10126 1580 1475 7549 
10127 4878 4881 7811 
10128 7846 7647 7903 
10129 7490 6071 7692 
10130 4133 7812 7882 
10131 7563 7565 7566 
10132 7415 7416 7417 
10133 7602 5571 7861 
10134 1911 1980 7818 
10135 4761 4825 7798 
10136 1749 2982 7772 
10137 465 462 7842 
10138 5583 4209 7787 
10139 6411 6116 7207 
10140 7668 4827 7831 
10141 7644 7594 7882 
10142 7628 1752 7740 
10143 4748 4927 7832 
10144 3714 7983 7984 
10145 7632 7810 7862 
10146 4740 7475 7848 
10147 2318 1771 7841 
10148 2924 3400 7786 
10149 7506 4889 7646 
10150 7636 2865 7637 
10151 1116 7706 7707 
10152 3311 4729 7663 
10153 5160 5028 7679 
10154 3385 2566 7805 
10155 2322 3668 7803 
10156 1779 2981 7764 
10157 7544 3644 7735 
10158 5030 3833 7843 
10159 2288 2472 7604 
10160 1341 7538 7758 
10161 4209 3396 7787 
10162 5573 7482 7738 
10163 1244 1241 7833 
10164 2240 1770 7741 
10165 1753 2355 7936 
10166 7901 3640 7917 
10167 1538 987 7682 
10168 1905 1906 7756 
10169 3637 1905 7756 
10170 6090 6092 7835 
10171 4913 4915 7868 
10172 2594 2596 7636 
10173 7641 2997 7959 
10174 4113 5685 7765 
10175 3313 7550 7556 
10176 2405 2562 7663 
10177 7692 6069 7693 
10178 1175 1177 7667 
10179 5574 7670 7789 
10180 2983 2600 7859 
10181 3631 3633 7703 
10182 7622 4199 7886 
10183 7871 7547 7876 
10184 7669 1239 7898 
10185 3381 7562 7630 
10186 7701 7464 7702 
10187 906 2368 7720 
10188 2786 2513 7787 
10189 7409 4199 7622 
10190 1246 1245 7913 
10191 4775 4776 7689 
10192 3370 4719 7719 
10193 5907 7632 7862 
10194 2332 1736 7732 
10195 463 460 7878 
10196 7884 2355 7957 
10197 1206 1208 7768 
10198 7645 7644 7812 
10199 7579 7948 7961 
10200 3044 3624 7775 
10201 4264 7816 7817 
10202 5581 7677 7869 
10203 1678 7595 7742 
10204 7674 1957 7744 
10205 5575 6090 7670 
10206 968 966 7751 
10207 5580 7387 7884 
10208 5448 3143 7799 
10209 2960 4875 7745 
10210 1678 7742 7743 
10211 7839 2476 7889 
10212 1766 1764 7660 
10213 1116 800 7706 
10214 7653 3385 7766 
10215 2972 1230 7669 
10216 7459 7950 7970 
10217 7520 1580 7549 
10218 7548 7842 7875 
10219 7600 7669 7898 
10220 7846 4925 7917 
10221 3259 2531 7789 
10222 2980 1766 7660 
10223 2977 1242 7656 
10224 3307 2936 7812 
10225 7670 3259 7789 
10226 2554 3009 7847 
10227 3404 2680 7809 
10228 7810 3460 7862 
10229 3043 3044 7775 
10230 3352 1931 8301 
10231 7388 7391 7886 
10232 1785 2445 7752 
10233 7842 7609 7875 
10234 7491 4718 7748 
10235 7637 7819 7820 
10236 3396 2786 7787 
10237 4766 7668 7814 
10238 458 7531 7878 
10239 7574 7620 7621 
10240 1777 1779 7764 
10241 5029 5144 5145 
10242 4913 7868 7891 
10243 4047 5064 7806 
10244 1243 1246 7656 
10245 7766 3385 7805 
10246 4882 4940 7857 
10247 7786 3400 7808 
10248 6071 6069 7692 
10249 7446 7611 7880 
10250 1689 1693 7671 
10251 1957 1910 7744 
10252 7478 5448 7799 
10253 4768 4766 7814 
10254 1032 1034 7785 
10255 3612 3615 7866 
10256 4825 4763 7690 
10257 4763 4765 7690 
10258 3662 7638 7828 
10259 1034 2966 7785 
10260 7546 7547 7871 
10261 4889 5574 7646 
10262 4133 3307 7812 
10263 3417 4898 7847 
10264 4753 4752 7770 
10265 4771 4768 7814 
10266 7764 2981 7877 
10267 2596 2865 7636 
10268 1920 1919 7645 
10269 7634 5581 7869 
10270 3833 3625 7843 
10271 2477 3377 7800 
10272 429 431 7777 
10273 1773 1775 7642 
10274 7531 7392 7878 
10275 7717 7441 7771 
10276 2569 2765 7596 
10277 3183 1926 7715 
10278 3009 3417 7847 
10279 7406 4929 7942 
10280 7508 7507 7851 
10281 451 3669 7777 
10282 1706 968 7751 
10283 7552 7761 7885 
10284 7491 2369 7716 
10285 5225 4342 7802 
10286 5974 7779 7833 
10287 7876 7547 7896 
10288 7589 7664 7876 
10289 914 916 7705 
10290 3889 3148 7864 
10291 2935 2963 7838 
10292 5584 7781 7916 
10293 7779 1244 7833 
10294 1483 7517 7595 
10295 1754 1752 7628 
10296 3782 4268 7906 
10297 4910 5583 7889 
10298 7929 7406 7942 
10299 2957 448 7845 
10300 7784 7529 7852 
10301 3621 3427 7802 
10302 1919 7644 7645 
10303 1745 1746 7772 
10304 969 3640 7901 
10305 5288 3404 7809 
10306 1979 1962 7944 
10307 7548 465 7842 
10308 7620 7409 7622 
10309 7735 1758 7829 
10310 1926 1924 7715 
10311 2407 7663 7887 
10312 2614 7411 7837 
10313 5286 4387 7855 
10314 3625 3627 7843 
10315 2791 2555 7925 
10316 7609 4728 7875 
10317 2963 4004 7838 
10318 4875 7784 7852 
10319 1861 2547 7930 
10320 2355 1755 7844 
10321 1208 1256 7768 
10322 1076 914 7705 
10323 7386 7374 7904 
10324 2975 7779 7873 
10325 5917 7938 7955 
10326 4639 7524 7870 
10327 7850 7508 7851 
10328 4387 4897 7855 
10329 5640 5128 7881 
10330 2765 7610 7680 
10331 4676 7057 7900 
10332 1685 1687 7716 
10333 2478 2475 7893 
10334 1578 2006 7803 
10335 2562 3311 7663 
10336 3610 3612 7866 
10337 3640 7586 7846 
10338 2605 2607 7860 
10339 1771 1773 7841 
10340 5586 4933 7937 
10341 4361 4362 7870 
10342 1746 1749 7772 
10343 4342 3621 7802 
10344 7517 7519 7595 
10345 1986 2000 7850 
10346 7504 7505 7892 
10347 2407 7887 7892 
10348 7745 4875 7852 
10349 3784 3782 7906 
10350 1773 7642 7841 
10351 503 427 7977 
10352 3672 3674 7943 
10353 2374 7872 7923 
10354 3616 3610 7866 
10355 655 3313 7863 
10356 7868 5584 7890 
10357 7738 4194 7788 
10358 1248 2941 7913 
10359 1242 1243 7656 
10360 5130 5143 7881 
10361 4900 7747 7911 
10362 2006 2322 7803 
10363 5573 7738 7788 
10364 4929 7927 7942 
10365 5128 5130 7881 
10366 7853 1706 7854 
10367 7909 4927 7921 
10368 2287 2452 7890 
10369 4849 7407 7895 
10370 4362 4639 7870 
10371 431 451 7777 
10372 721 722 723 
10373 2941 7513 7913 
10374 7819 2865 7837 
10375 4887 4913 7891 
10376 2475 7839 7893 
10377 4333 5411 7813 
10378 3790 4333 7813 
10379 2556 7790 7925 
10380 1706 7751 7854 
10381 4542 6102 7914 
10382 1759 2490 7830 
10383 2369 1685 7716 
10384 2931 3209 7883 
10385 7637 2865 7819 
10386 1178 1176 7758 
10387 7864 3662 7865 
10388 4927 4934 7921 
10389 4880 4882 7857 
10390 7859 2605 7860 
10391 3379 2474 7800 
10392 1284 1293 7771 
10393 4895 7877 7915 
10394 6013 4655 7864 
10395 1176 1341 7758 
10396 7839 5583 7893 
10397 4912 7534 7917 
10398 7526 4300 7856 
10399 5587 7836 7926 
10400 2600 2602 7859 
10401 7409 7620 7780 
10402 7729 2975 7873 
10403 7534 7901 7917 
10404 4655 3889 7864 
10405 4934 7894 7895 
10406 1757 1759 7830 
10407 3781 3783 7947 
10408 5583 7839 7889 
10409 4936 4880 7857 
10410 3857 3781 7947 
10411 4299 3784 7906 
10412 2960 7745 7909 
10413 7629 2960 7909 
10414 2476 2365 7924 
10415 2612 2614 7837 
10416 7629 7909 7921 
10417 1787 1796 7940 
10418 1922 1925 7724 
10419 7508 7850 7902 
10420 2865 2612 7837 
10421 1255 7629 7921 
10422 4754 4849 7894 
10423 2601 2396 7773 
10424 7979 2990 7987 
10425 1925 2952 7724 
10426 4929 4519 7915 
10427 691 693 7635 
10428 4911 4910 7908 
10429 7103 4215 7897 
10430 4300 4301 7856 
10431 2982 1751 7936 
10432 7745 7832 7909 
10433 2557 2334 7949 
10434 7663 4729 7887 
10435 2474 2477 7800 
10436 2000 2254 7902 
10437 3841 4965 7874 
10438 1245 1248 7913 
10439 5217 5590 7939 
10440 1796 1861 7930 
10441 4674 4676 7900 
10442 5592 4892 7888 
10443 7840 4824 7888 
10444 7579 1255 7948 
10445 2452 7868 7890 
10446 2634 2559 7897 
10447 4879 4877 7783 
10448 760 691 7635 
10449 7475 7474 7634 
10450 5592 7904 7971 
10451 3640 7846 7917 
10452 7595 7519 7742 
10453 2374 7923 7928 
10454 7474 5581 7634 
10455 7385 7541 7920 
10456 7781 5586 7916 
10457 6307 4674 7900 
10458 7795 7589 7896 
10459 2602 2605 7859 
10460 7877 4895 7931 
10461 2445 1787 7940 
10462 7790 5588 7925 
10463 4215 2634 7897 
10464 1293 7717 7771 
10465 7476 7409 7780 
10466 7773 7420 7774 
10467 5600 3672 7943 
10468 7542 7476 7780 
10469 4172 4178 7945 
10470 1351 1499 7952 
10471 4448 4449 7910 
10472 5473 4179 7945 
10473 1218 1220 7958 
10474 2792 2791 7956 
10475 4935 7946 7951 
10476 2330 7420 7773 
10477 7647 2369 7903 
10478 2355 7844 7957 
10479 7889 2476 7937 
10480 4883 4879 7783 
10481 5204 4911 7932 
10482 4449 5285 7910 
10483 4909 5579 7955 
10484 4212 5585 7883 
10485 4174 4172 7945 
10486 7894 4849 7895 
10487 4755 4757 7840 
10488 7899 4900 7911 
10489 4519 4517 7915 
10490 7589 7876 7896 
10491 2365 2364 7924 
10492 7832 4927 7909 
10493 4910 7889 7908 
10494 7930 5590 7940 
10495 4690 7874 7907 
10496 7611 449 7880 
10497 7390 7608 7723 
10498 7399 7899 7911 
10499 4931 5587 7926 
10500 7454 2002 7964 
10501 4757 4824 7840 
10502 1907 1902 7946 
10503 4933 4932 7932 
10504 7459 1561 7950 
10505 449 7655 7880 
10506 7908 7889 7937 
10507 5589 5924 7935 
10508 1561 1560 7950 
10509 2396 2330 7773 
10510 4213 5015 7954 
10511 2445 7929 7942 
10512 5590 5216 7929 
10513 7850 2000 7902 
10514 2359 1989 7849 
10515 3209 4212 7883 
10516 1422 1351 7952 
10517 7946 3696 7951 
10518 7916 5586 7924 
10519 2002 7454 7967 
10520 2550 2491 7965 
10521 2981 7752 7927 
10522 5593 7455 7963 
10523 4517 4895 7915 
10524 3662 7828 7865 
10525 4965 5844 7907 
10526 1751 1753 7936 
10527 7455 7958 7968 
10528 2401 7764 7931 
10529 7761 2944 7885 
10530 7627 2985 7952 
10531 7392 7390 7723 
10532 7908 4933 7932 
10533 6013 7864 7865 
10534 2364 7916 7924 
10535 2326 2323 7872 
10536 5209 4907 7918 
10537 3674 3690 7943 
10538 1989 2995 7849 
10539 5219 5217 7939 
10540 2997 2001 7944 
10541 3690 5601 7943 
10542 4911 7908 7932 
10543 7400 7532 7928 
10544 2491 2742 7965 
10545 5587 4926 7923 
10546 7930 2547 7939 
10547 4907 4909 7918 
10548 2944 7659 7885 
10549 1498 1578 7969 
10550 7385 7920 7933 
10551 2002 1216 7964 
10552 4933 7908 7937 
10553 5590 7930 7939 
10554 4179 4174 7945 
10555 1560 1988 7950 
10556 5924 7953 7956 
10557 7895 7407 7961 
10558 3783 7473 7947 
10559 4935 1907 7946 
10560 7766 7641 7941 
10561 2001 1979 7944 
10562 7963 7455 7968 
10563 7836 2485 7926 
10564 7764 7877 7931 
10565 2992 5644 7966 
10566 2323 2321 7836 
10567 3340 5594 7965 
10568 7454 5591 7967 
10569 7767 7766 7941 
10570 2791 7935 7956 
10571 4970 4935 7951 
10572 7752 2445 7942 
10573 1758 1756 7829 
10574 5579 5580 7922 
10575 1756 2014 7829 
10576 7897 2557 7949 
10577 7929 2445 7940 
10578 7927 7752 7942 
10579 7953 3705 7956 
10580 7874 4965 7907 
10581 1255 7921 7948 
10582 7535 7755 7970 
10583 1223 1225 7968 
10584 5580 7884 7922 
10585 2321 2485 7836 
10586 2603 2601 7905 
10587 7921 4934 7948 
10588 5585 4928 7957 
10589 7904 7374 7975 
10590 3035 2603 7905 
10591 7844 5585 7957 
10592 3164 2992 7966 
10593 7103 7897 7949 
10594 4934 7895 7948 
10595 2374 2326 7872 
10596 2985 1422 7952 
10597 3705 2792 7956 
10598 3680 3675 7919 
10599 4926 7400 7923 
10600 7923 7400 7928 
10601 1988 7535 7950 
10602 5655 1579 7969 
10603 7986 7521 7990 
10604 5924 5925 7953 
10605 7935 5924 7956 
10606 7918 4909 7938 
10607 5590 7929 7940 
10608 1738 3386 7972 
10609 7407 5593 7963 
10610 721 720 722 
10611 719 721 7365 
10612 7374 7372 7976 
10613 4214 7434 7993 
10614 5122 4171 7974 
10615 2938 7579 7961 
10616 5015 5917 7955 
10617 3675 3677 7919 
10618 1220 1223 7958 
10619 7746 5021 7962 
10620 5579 7922 7954 
10621 2742 3340 7965 
10622 7988 5569 7989 
10623 4171 4173 7974 
10624 7976 7372 7981 
10625 1216 1218 7964 
10626 7554 7885 7960 
10627 3660 4893 7986 
10628 3851 3164 7966 
10629 4968 1959 7979 
10630 1987 2990 7979 
10631 7981 7370 7985 
10632 1273 7988 7989 
10633 7432 7433 7973 
10634 2998 1898 7978 
10635 7372 7370 7981 
10636 5591 5592 7967 
10637 7941 7641 7959 
10638 7975 7374 7976 
10639 7983 5594 7984 
10640 1225 2938 7968 
10641 5579 7954 7955 
10642 2938 7963 7968 
10643 7996 7857 7999 
10644 7755 7432 7970 
10645 1782 1748 7982 
10646 7885 7659 7960 
10647 7430 5595 7993 
10648 1959 1977 7979 
10649 7961 7407 7963 
10650 3714 3711 7983 
10651 1578 7803 7969 
10652 2938 7961 7963 
10653 7370 7368 7985 
10654 1747 7459 7973 
10655 7954 5015 7955 
10656 429 7777 7977 
10657 1263 7996 7999 
10658 4968 7979 7987 
10659 1898 1901 7978 
10660 5669 4114 7984 
10661 7557 7971 7975 
10662 7557 7558 7971 
10663 3386 4961 7972 
10664 4214 7993 7998 
10665 8002 4941 8003 
10666 1782 7982 7990 
10667 7973 7433 7982 
10668 7434 7986 7990 
10669 965 1109 7995 
10670 2560 3698 7991 
10671 2987 7995 8000 
10672 7989 4939 7992 
10673 7434 7431 7993 
10674 1273 7587 7988 
10675 2969 8002 8003 
10676 4173 5287 7974 
10677 5569 4939 7989 
10678 7965 5594 7983 
10679 4939 4937 7992 
10680 7459 7970 7973 
10681 7521 1782 7990 
10682 7912 7747 8000 
10683 1256 7557 7975 
10684 8001 4689 8006 
10685 7777 7778 7977 
10686 7768 7976 7981 
10687 5655 7969 7980 
10688 7768 1256 7976 
10689 1747 7973 7982 
10690 1977 1987 7979 
10691 1748 1747 7982 
10692 7614 2968 7994 
10693 1901 1978 7978 
10694 2974 7768 7981 
10695 1263 7614 7996 
10696 7857 4940 7999 
10697 7970 7432 7973 
10698 3934 4689 8001 
10699 7803 3668 7980 
10700 2550 7965 7983 
10701 7969 7803 7980 
10702 2974 7981 7985 
10703 3711 2550 7983 
10704 1256 7975 7976 
10705 7614 7994 7996 
10706 4893 7521 7986 
10707 4114 3714 7984 
10708 7962 2987 8000 
10709 7368 5569 7988 
10710 7746 7962 8000 
10711 6130 5124 8009 
10712 7587 2974 7985 
10713 2990 7737 7987 
10714 7982 7433 7990 
10715 2969 7601 8002 
10716 7433 7434 7990 
10717 7694 7989 7992 
10718 7694 1273 7989 
10719 3698 7346 7991 
10720 4941 4943 8003 
10721 7431 7430 7993 
10722 2968 7694 7992 
10723 719 720 721 
10724 720 718 3206 
10725 5124 5126 8009 
10726 4937 4936 7994 
10727 1109 7912 7995 
10728 1257 7676 8004 
10729 5594 3934 8001 
10730 1257 8004 8005 
10731 7994 4936 7996 
10732 7985 7368 7988 
10733 3661 4214 7998 
10734 5595 5596 7998 
10735 7587 7985 7988 
10736 5669 8001 8006 
10737 7617 1257 8005 
10738 4936 7857 7996 
10739 8014 4956 8015 
10740 7601 1263 7999 
10741 2954 7617 8007 
10742 4940 4941 8002 
10743 7718 8014 8015 
10744 7747 7746 8000 
10745 7617 8005 8007 
10746 2954 8007 8008 
10747 5669 7984 8001 
10748 7992 4937 7994 
10749 2968 7992 7994 
10750 7667 2954 8008 
10751 7676 2969 8003 
10752 1322 1336 8023 
10753 7667 8008 8012 
10754 8009 5640 8010 
10755 536 538 8045 
10756 7984 5594 8001 
10757 4943 4945 8004 
10758 1279 7667 8012 
10759 8004 4945 8005 
10760 4689 7499 8006 
10761 7999 4940 8002 
10762 1279 8012 8014 
10763 8019 6002 8020 
10764 4945 4947 8005 
10765 7601 7999 8002 
10766 7718 1279 8014 
10767 5670 5669 8006 
10768 8005 4947 8007 
10769 4956 4958 8015 
10770 4947 4950 8007 
10771 8007 4950 8008 
10772 4950 4952 8008 
10773 8015 4958 8016 
10774 4958 4960 8016 
10775 8008 4952 8012 
10776 8003 4943 8004 
10777 7676 8003 8004 
10778 5126 5640 8009 
10779 4952 4954 8012 
10780 1285 7734 8013 
10781 8012 4954 8014 
10782 4954 4956 8014 
10783 8013 7734 8016 
10784 4960 8013 8016 
10785 2959 7718 8015 
10786 2959 8015 8016 
10787 7734 2959 8016 
10788 8081 3706 8083 
10789 3707 1311 8017 
10790 8028 8029 8030 
10791 959 961 8026 
10792 3592 4036 8021 
10793 4962 2738 8031 
10794 717 719 2909 
10795 719 718 720 
10796 3778 3793 8024 
10797 1311 1313 8017 
10798 4961 7585 8023 
10799 4366 3592 8021 
10800 3780 3778 8024 
10801 1336 7972 8023 
10802 1495 1494 8027 
10803 8041 3695 8048 
10804 537 535 8063 
10805 8018 6002 8019 
10806 8021 4036 8022 
10807 2182 2149 8065 
10808 8037 5600 8046 
10809 5535 4566 8018 
10810 4566 6002 8018 
10811 1313 1429 8017 
10812 5626 4366 8021 
10813 7972 4961 8023 
10814 1494 3670 8027 
10815 4268 3780 8024 
10816 2739 2777 8031 
10817 961 2987 8026 
10818 7510 2537 8032 
10819 4167 4169 8025 
10820 8071 5603 8072 
10821 2392 2391 8032 
10822 1310 3719 8034 
10823 423 425 8028 
10824 8028 503 8029 
10825 2391 2991 8032 
10826 717 718 719 
10827 1577 1495 8027 
10828 1562 1477 8035 
10829 8035 4973 8036 
10830 4169 5122 8025 
10831 1312 1310 8034 
10832 2987 7962 8026 
10833 2324 8037 8046 
10834 3670 5600 8027 
10835 7573 2995 8036 
10836 425 503 8028 
10837 2324 2005 8037 
10838 2525 3755 8039 
10839 2777 2988 8031 
10840 1114 3708 8042 
10841 2537 2392 8032 
10842 3163 3695 8041 
10843 2684 2525 8039 
10844 2229 2235 8043 
10845 1289 1114 8042 
10846 1895 1903 8040 
10847 7398 5599 8044 
10848 7103 7949 8043 
10849 8021 8022 8033 
10850 3759 5657 8045 
10851 538 1497 8045 
10852 2233 2229 8043 
10853 5600 7943 8046 
10854 2246 1312 8034 
10855 2995 1562 8035 
10856 7510 8032 8041 
10857 1897 1895 8040 
10858 1577 8027 8037 
10859 8027 5600 8037 
10860 5626 8021 8033 
10861 2393 3710 8047 
10862 4970 8057 8064 
10863 4963 7510 8048 
10864 7570 7573 8036 
10865 2485 8049 8052 
10866 1162 1348 8038 
10867 3696 1897 8040 
10868 2005 1577 8037 
10869 1164 1162 8038 
10870 8032 2991 8041 
10871 1903 4968 8040 
10872 2874 2684 8039 
10873 2991 3163 8041 
10874 1499 1289 8042 
10875 7470 7471 8050 
10876 8052 4967 8053 
10877 2485 2320 8049 
10878 7949 2233 8043 
10879 5601 7398 8044 
10880 1497 3759 8045 
10881 715 774 7359 
10882 717 715 718 
10883 8044 2324 8046 
10884 5601 8044 8046 
10885 7943 5601 8046 
10886 4931 7926 8053 
10887 4969 4970 8064 
10888 8049 5599 8052 
10889 2320 2324 8049 
10890 3696 8040 8051 
10891 3710 7438 8047 
10892 4966 4963 8048 
10893 4967 4217 8054 
10894 8040 4968 8051 
10895 8044 5599 8049 
10896 4970 8055 8057 
10897 4969 8064 8069 
10898 7951 3696 8051 
10899 2324 8044 8049 
10900 3695 7470 8050 
10901 5599 4967 8052 
10902 4968 7987 8051 
10903 7926 2485 8052 
10904 7737 7711 8057 
10905 8053 4967 8054 
10906 8051 7987 8055 
10907 7951 8051 8055 
10908 2232 7991 8058 
10909 4971 4969 8069 
10910 1496 537 8063 
10911 7489 4931 8053 
10912 4966 8048 8050 
10913 8048 3695 8050 
10914 2611 2182 8065 
10915 5106 6265 8056 
10916 4217 5106 8054 
10917 7987 7737 8055 
10918 4970 7951 8055 
10919 5602 8068 8074 
10920 4341 7489 8056 
10921 6572 8059 8060 
10922 1304 1306 8089 
10923 7489 8054 8056 
10924 8054 5106 8056 
10925 7489 8053 8054 
10926 4225 4226 8067 
10927 4218 7797 8070 
10928 4163 4164 8091 
10929 4996 4225 8067 
10930 7711 3380 8057 
10931 3776 3774 8066 
10932 5000 6016 8059 
10933 411 413 8094 
10934 6572 5000 8059 
10935 7991 7346 8058 
10936 7797 5603 8071 
10937 3718 8129 8133 
10938 8070 7797 8071 
10939 3903 1496 8063 
10940 716 714 7358 
10941 714 715 717 
10942 715 713 774 
10943 8057 3380 8064 
10944 7594 7593 8072 
10945 6746 4996 8067 
10946 3380 7484 8064 
10947 4133 7882 8074 
10948 5644 2611 8065 
10949 415 416 8075 
10950 3793 3776 8066 
10951 8064 7484 8069 
10952 4226 5535 8067 
10953 4132 4133 8068 
10954 7484 4218 8069 
10955 424 415 8075 
10956 7674 4971 8070 
10957 2996 646 8076 
10958 7674 8070 8071 
10959 7593 7674 8071 
10960 646 648 8076 
10961 7882 7594 8072 
10962 2735 3284 8077 
10963 7767 7941 8073 
10964 4971 8069 8070 
10965 5603 5602 8074 
10966 8069 4218 8070 
10967 2737 2735 8077 
10968 1429 8092 8096 
10969 2994 424 8075 
10970 3899 3902 8115 
10971 1305 1303 8116 
10972 8072 5603 8074 
10973 7882 8072 8074 
10974 648 652 8076 
10975 3995 3994 8078 
10976 712 714 716 
10977 714 713 715 
10978 3994 4606 8078 
10979 1892 3706 8081 
10980 2775 2737 8077 
10981 4972 1904 8081 
10982 4305 4306 8079 
10983 2789 2522 8082 
10984 1894 1892 8081 
10985 1321 1307 8080 
10986 866 864 8125 
10987 5094 4305 8079 
10988 7959 4972 8083 
10989 4604 3995 8078 
10990 2522 2524 8082 
10991 1307 1309 8080 
10992 8073 7941 8083 
10993 3706 8073 8083 
10994 8102 5657 8106 
10995 1309 3707 8080 
10996 3415 2734 8086 
10997 4306 5123 8079 
10998 863 862 8084 
10999 8104 7438 8107 
11000 4973 1321 8080 
11001 2734 2736 8086 
11002 862 865 8084 
11003 1158 3001 8088 
11004 1904 1894 8081 
11005 7570 8036 8087 
11006 2524 3459 8082 
11007 1160 1158 8088 
11008 7941 7959 8083 
11009 7568 7570 8090 
11010 8080 3707 8087 
11011 3708 863 8084 
11012 4589 5647 8085 
11013 712 713 714 
11014 8023 7585 8089 
11015 4973 8080 8087 
11016 1306 1322 8089 
11017 5630 4589 8085 
11018 4164 4167 8091 
11019 1506 7353 8122 
11020 7563 7566 8092 
11021 5117 1891 8095 
11022 2736 3875 8086 
11023 7568 8090 8096 
11024 7564 8097 8103 
11025 8028 8030 8094 
11026 413 423 8094 
11027 1896 2998 8095 
11028 8036 4973 8087 
11029 1891 1893 8095 
11030 4158 4157 8093 
11031 1348 1160 8088 
11032 2676 3529 8130 
11033 7566 7568 8096 
11034 7570 8087 8090 
11035 4157 4999 8093 
11036 2224 3003 8101 
11037 1429 1315 8097 
11038 1741 1726 8132 
11039 539 533 8102 
11040 1322 8023 8089 
11041 2226 2224 8101 
11042 4999 6573 8093 
11043 3707 8017 8090 
11044 8045 5657 8102 
11045 1317 1319 8103 
11046 2344 2148 8104 
11047 533 536 8102 
11048 4167 8025 8091 
11049 8087 3707 8090 
11050 7564 7563 8092 
11051 2482 8152 8157 
11052 5660 4158 8093 
11053 8090 8017 8096 
11054 8047 7438 8104 
11055 539 8102 8106 
11056 423 8028 8094 
11057 2148 2150 8104 
11058 1893 1896 8095 
11059 8017 1429 8096 
11060 8092 1429 8097 
11061 2344 8104 8107 
11062 3014 7357 8108 
11063 3293 4181 8098 
11064 995 3014 8108 
11065 1045 993 8108 
11066 1315 1317 8097 
11067 3412 3293 8098 
11068 7686 1045 8114 
11069 7496 7564 8105 
11070 7495 7496 8105 
11071 2235 2226 8101 
11072 712 711 713 
11073 3902 4159 8115 
11074 1308 1305 8116 
11075 536 8045 8102 
11076 7564 8092 8097 
11077 1319 1506 8103 
11078 2150 8047 8104 
11079 5657 5658 8106 
11080 642 644 8109 
11081 4036 3350 8117 
11082 7564 8103 8105 
11083 7438 4974 8107 
11084 3220 3219 8117 
11085 993 995 8108 
11086 644 2996 8109 
11087 3219 4975 8117 
11088 8103 1506 8105 
11089 3771 3773 8119 
11090 532 534 8121 
11091 7688 7686 8114 
11092 4159 5721 8115 
11093 3719 1308 8116 
11094 4357 3771 8119 
11095 535 532 8121 
11096 4998 7495 8122 
11097 3350 3220 8117 
11098 1269 1157 8118 
11099 1157 1159 8118 
11100 3773 4289 8119 
11101 864 8124 8125 
11102 5021 5020 8120 
11103 8022 4036 8123 
11104 4036 8117 8123 
11105 7364 3661 8126 
11106 5596 5598 8126 
11107 3661 7998 8126 
11108 746 7275 7276 
11109 710 711 712 
11110 2908 710 7349 
11111 8063 535 8121 
11112 860 858 8124 
11113 8105 1506 8122 
11114 8117 4975 8123 
11115 8073 8139 8144 
11116 7495 8105 8122 
11117 4975 5641 8123 
11118 864 860 8124 
11119 2501 2502 8172 
11120 3137 3829 8128 
11121 3718 833 8129 
11122 7998 5596 8126 
11123 3530 5167 8127 
11124 3139 3137 8128 
11125 4507 3530 8127 
11126 959 8026 8129 
11127 3529 3533 8130 
11128 833 835 8129 
11129 2149 1741 8132 
11130 3244 3888 8134 
11131 8026 7962 8133 
11132 3373 3244 8134 
11133 8120 3718 8133 
11134 5021 8120 8133 
11135 7170 6401 8372 
11136 2517 2790 8135 
11137 2589 2517 8135 
11138 3578 3139 8128 
11139 708 710 2908 
11140 710 709 711 
11141 746 669 7275 
11142 835 959 8129 
11143 3533 4995 8130 
11144 8022 8123 8131 
11145 1888 1900 8139 
11146 8065 2149 8132 
11147 3284 2589 8135 
11148 410 3182 8141 
11149 7962 5021 8133 
11150 8123 5641 8131 
11151 8073 3706 8139 
11152 3199 3197 8137 
11153 2027 4979 8143 
11154 4335 3373 8134 
11155 2790 5454 8135 
11156 1890 1888 8139 
11157 412 410 8141 
11158 5674 6139 8142 
11159 3197 3428 8137 
11160 3755 2523 8143 
11161 3964 3159 8138 
11162 2671 2670 8140 
11163 8139 1900 8144 
11164 2367 2027 8143 
11165 4783 4784 4785 
11166 3159 3587 8138 
11167 7739 5210 8136 
11168 2670 3110 8140 
11169 832 3834 8146 
11170 6139 6141 8147 
11171 3428 4978 8137 
11172 3284 8135 8142 
11173 834 832 8146 
11174 8135 5454 8142 
11175 4181 3199 8137 
11176 3110 4400 8140 
11177 4991 3964 8138 
11178 1154 1198 8148 
11179 3706 1890 8139 
11180 5998 8250 10619 
11181 5849 2671 8140 
11182 8147 6141 8150 
11183 417 412 8141 
11184 5454 5674 8142 
11185 5907 7862 8149 
11186 2523 2367 8143 
11187 1156 1154 8148 
11188 7767 8073 8144 
11189 6141 6143 8150 
11190 9940 417 9971 
11191 8142 6139 8147 
11192 2482 1302 8152 
11193 708 709 710 
11194 709 669 746 
11195 3460 2776 8151 
11196 838 834 8146 
11197 8089 7585 8152 
11198 8150 6143 8151 
11199 1302 1304 8152 
11200 7862 3460 8155 
11201 3767 4982 8158 
11202 8077 3284 8147 
11203 418 409 8160 
11204 7585 7584 8157 
11205 8066 3774 8158 
11206 3284 8142 8147 
11207 3770 3767 8158 
11208 8094 8030 8160 
11209 8077 8147 8150 
11210 6076 6075 6077 
11211 409 411 8160 
11212 3001 1156 8148 
11213 7739 8136 8157 
11214 8136 2482 8157 
11215 3460 8151 8155 
11216 5175 580 8760 
11217 7071 5907 8149 
11218 1788 1786 8299 
11219 1786 2163 8299 
11220 2775 8077 8150 
11221 2219 2231 8170 
11222 2842 2489 8288 
11223 9437 5673 9518 
11224 2775 8150 8151 
11225 7321 3743 8185 
11226 2776 2775 8151 
11227 2221 2219 8170 
11228 3709 837 8171 
11229 836 839 8171 
11230 1304 8089 8152 
11231 3589 5403 8154 
11232 5076 3589 8154 
11233 2502 2588 8172 
11234 6143 6144 8155 
11235 2398 2167 8490 
11236 8151 6143 8155 
11237 7584 7739 8157 
11238 3774 3770 8158 
11239 3755 8143 8159 
11240 5221 5219 8174 
11241 7939 2547 8174 
11242 2266 2265 2267 
11243 411 8094 8160 
11244 8357 5630 8622 
11245 4295 5196 5197 
11246 7303 8306 8384 
11247 6608 6606 6609 
11248 8211 4123 8219 
11249 8143 4979 8159 
11250 1153 1155 8337 
11251 7447 4883 8175 
11252 7783 4814 8175 
11253 3075 3076 3115 
11254 6906 6298 10519 
11255 6898 4341 10166 
11256 6985 6982 8254 
11257 3003 2221 8170 
11258 7321 4998 8176 
11259 708 669 709 
11260 7353 7306 8176 
11261 7155 1355 8432 
11262 8122 7353 8176 
11263 837 836 8171 
11264 183 184 766 
11265 185 186 2999 
11266 163 164 8162 
11267 175 176 256 
11268 186 187 8165 
11269 162 163 255 
11270 164 165 314 
11271 177 178 3900 
11272 179 180 1941 
11273 173 174 3000 
11274 187 188 250 
11275 190 191 1851 
11276 192 193 3456 
11277 194 195 253 
11278 196 197 3532 
11279 198 199 315 
11280 200 201 249 
11281 199 200 8168 
11282 174 175 8161 
11283 166 167 4307 
11284 171 172 2135 
11285 168 169 259 
11286 195 196 8167 
11287 178 179 8164 
11288 191 192 8166 
11289 184 185 8163 
11290 172 173 8169 
11291 161 162 7241 
11292 2588 3415 8172 
11293 2113 2114 2119 
11294 6982 6981 8254 
11295 4820 4835 8179 
11296 5607 7405 8179 
11297 7405 4815 8179 
11298 7308 2725 8985 
11299 5385 5387 5390 
11300 3766 3769 8325 
11301 5219 7939 8174 
11302 6463 5069 6464 
11303 4087 4077 8364 
11304 2413 6988 9179 
11305 4189 3478 7324 
11306 1155 1269 8337 
11307 3349 9057 9078 
11308 4317 8461 8977 
11309 6289 1869 10363 
11310 229 230 6961 
11311 4883 7783 8175 
11312 4787 4777 5607 
11313 1830 1827 6820 
11314 5241 5326 5615 
11315 3388 3413 4039 
11316 1468 1469 1549 
11317 858 856 8321 
11318 7867 7115 8548 
11319 7239 5329 8194 
11320 1725 1740 8328 
11321 4998 8122 8176 
11322 2366 2521 8185 
11323 1508 1509 1510 
11324 1340 694 8191 
11325 692 3204 8191 
11326 3900 178 8164 
11327 2999 186 8165 
11328 164 314 8162 
11329 766 184 8163 
11330 255 163 8162 
11331 187 250 8165 
11332 3000 174 8161 
11333 185 2999 8163 
11334 315 199 8168 
11335 175 256 8161 
11336 179 1941 8164 
11337 1851 191 8166 
11338 196 3532 8167 
11339 200 249 8168 
11340 173 3000 8169 
11341 253 195 8167 
11342 192 3456 8166 
11343 2135 172 8169 
11344 8239 7317 8291 
11345 530 528 8331 
11346 162 255 7241 
11347 2119 2120 2124 
11348 4318 2681 7678 
11349 2124 2125 2245 
11350 1480 1482 8193 
11351 8160 8030 8178 
11352 3151 4541 8388 
11353 2463 2462 2464 
11354 3938 2129 7257 
11355 4815 4820 8179 
11356 3769 3772 8325 
11357 3743 2026 8185 
11358 1108 982 8196 
11359 980 2986 8196 
11360 2048 2049 2050 
11361 2196 2195 2197 
11362 418 8160 8178 
11363 1424 1425 1468 
11364 1678 7743 8198 
11365 1540 1536 8198 
11366 6747 6356 9904 
11367 3616 7866 8199 
11368 3700 3699 3701 
11369 6908 1602 6909 
11370 3167 3292 3864 
11371 6664 3906 10453 
11372 6340 8203 9706 
11373 9009 7763 9058 
11374 5858 5145 7796 
11375 2675 2676 8197 
11376 4982 7743 8255 
11377 999 1001 1019 
11378 4355 6041 9267 
11379 8124 858 8321 
11380 9480 4628 9753 
11381 3510 4587 8485 
11382 5023 2845 8211 
11383 3075 2527 3076 
11384 8208 3391 8233 
11385 417 8141 9971 
11386 9582 6578 9803 
11387 1740 2151 8328 
11388 2573 2572 2644 
11389 7362 4992 8206 
11390 473 7362 8206 
11391 2903 2675 8197 
11392 6672 7363 8207 
11393 7363 5598 8207 
11394 7175 5208 7176 
11395 7823 7820 8210 
11396 7819 7414 8210 
11397 3200 4123 8211 
11398 1118 1105 8488 
11399 2026 2366 8185 
11400 2807 2805 8218 
11401 3165 3166 3167 
11402 1799 8853 9646 
11403 668 669 708 
11404 2845 2847 8211 
11405 898 899 900 
11406 534 530 8331 
11407 1858 1857 1859 
11408 2486 2487 2488 
11409 694 692 8191 
11410 870 871 872 
11411 2516 2349 8217 
11412 3965 5629 8218 
11413 6554 6553 9963 
11414 3391 2903 8197 
11415 3845 7137 8414 
11416 1482 2315 8193 
11417 5023 8211 8219 
11418 7035 7032 8547 
11419 2805 3158 8218 
11420 2130 2128 8356 
11421 4691 4420 4692 
11422 472 470 473 
11423 5859 5037 6672 
11424 920 922 974 
11425 9980 7028 10190 
11426 7743 7742 8255 
11427 2876 2877 2878 
11428 5337 5338 5727 
11429 3115 3553 3554 
11430 275 47 9293 
11431 3037 3039 3491 
11432 6981 6979 8834 
11433 5963 5964 10205 
11434 982 980 8196 
11435 1325 1326 1333 
11436 2280 2673 8453 
11437 8199 7867 8548 
11438 1150 3845 8221 
11439 516 517 519 
11440 3564 1723 8382 
11441 9663 5960 10111 
11442 2676 8130 8197 
11443 55 56 7172 
11444 6753 1948 9695 
11445 1536 1678 8198 
11446 4201 5077 8229 
11447 4923 4888 8229 
11448 3864 3865 6170 
11449 7069 2023 8478 
11450 7277 3015 10605 
11451 7866 7867 8199 
11452 3027 3444 7258 
11453 4419 3924 4420 
11454 4758 4838 8230 
11455 638 640 739 
11456 2488 2489 2499 
11457 3763 7221 8232 
11458 308 161 7241 
11459 2499 2500 3312 
11460 1152 1150 8221 
11461 4995 5005 8233 
11462 6095 4962 8235 
11463 8031 2988 8235 
11464 1884 7013 8310 
11465 99 100 6964 
11466 2137 2143 10202 
11467 9447 6628 10508 
11468 4275 3346 8237 
11469 8763 7750 8890 
11470 3857 7687 8725 
11471 4781 4782 4783 
11472 1863 1864 1865 
11473 3587 4027 4028 
11474 268 111 8249 
11475 2354 8347 10348 
11476 5345 3982 8506 
11477 2889 3874 8252 
11478 2231 8181 8607 
11479 93 94 8705 
11480 6910 6911 8335 
11481 4778 4777 4787 
11482 5390 5395 5682 
11483 1996 1737 1997 
11484 1467 829 8259 
11485 5449 5892 9546 
11486 7444 4997 8248 
11487 4992 5082 8206 
11488 5598 5677 8207 
11489 4405 4526 8452 
11490 5561 9473 10255 
11491 5065 2874 8039 
11492 9532 4866 10296 
11493 5005 6268 8208 
11494 3079 3080 3124 
11495 4808 7307 8276 
11496 7307 5611 8276 
11497 5611 7307 8277 
11498 813 2165 8316 
11499 102 103 6969 
11500 2771 2904 4190 
11501 5081 6575 8220 
11502 1037 1035 8195 
11503 1036 1035 1037 
11504 5246 5247 5248 
11505 8383 5663 8608 
11506 2847 3200 8211 
11507 7820 7819 8210 
11508 4013 5244 7757 
11509 5333 4071 5334 
11510 8395 2789 8476 
11511 3391 8197 8233 
11512 2899 2889 8252 
11513 7019 5332 9213 
11514 1406 1407 3401 
11515 3239 3236 8442 
11516 1491 7340 8292 
11517 3680 7919 8258 
11518 3867 3691 8258 
11519 2050 2051 2052 
11520 4673 5341 5881 
11521 1344 1346 3552 
11522 9380 2343 10194 
11523 3718 8120 8259 
11524 5791 6125 6227 
11525 5244 5245 5246 
11526 3528 2674 8260 
11527 4030 4031 4032 
11528 303 238 7009 
11529 5281 2516 8217 
11530 5900 9516 9547 
11531 1198 1152 8221 
11532 519 520 521 
11533 829 831 8259 
11534 8197 8130 8233 
11535 5325 7081 7082 
11536 1262 2934 8265 
11537 1259 1258 8265 
11538 5510 4692 5511 
11539 9307 291 9726 
11540 727 725 5035 
11541 6350 4414 8631 
11542 4725 7655 8239 
11543 3158 3965 8218 
11544 5016 7444 8268 
11545 2167 1677 3017 
11546 7394 5027 8278 
11547 2785 2620 3152 
11548 3693 3867 8269 
11549 7190 9417 10290 
11550 3905 4392 4673 
11551 8066 8158 8255 
11552 6943 6942 8405 
11553 2068 2069 2070 
11554 6792 5421 8437 
11555 4123 5205 8219 
11556 6677 6676 6678 
11557 6493 3878 10533 
11558 946 944 8938 
11559 1060 1058 8421 
11560 4944 5611 8277 
11561 4949 4946 8277 
11562 5382 5388 8267 
11563 3830 3836 4618 
11564 927 925 8422 
11565 5404 3564 8382 
11566 1723 1720 8382 
11567 8333 2789 8395 
11568 7346 5053 8283 
11569 1278 1281 8279 
11570 5578 7348 8239 
11571 5520 9197 9463 
11572 7355 1019 8222 
11573 6336 6417 6418 
11574 7356 7355 8222 
11575 7655 5578 8239 
11576 2021 1859 2022 
11577 8058 7346 8283 
11578 3257 8533 10232 
11579 8120 5020 8284 
11580 6288 5542 6289 
11581 52 301 7045 
11582 2258 2022 2259 
11583 7006 5009 7007 
11584 7054 6295 9194 
11585 4019 5360 8287 
11586 4143 5062 8570 
11587 3909 3239 8442 
11588 8725 7688 8925 
11589 4012 3653 8202 
11590 3652 3653 4012 
11591 4197 4725 8291 
11592 3221 2901 8290 
11593 83 84 6957 
11594 2811 7394 8278 
11595 2788 3432 3996 
11596 7751 966 8292 
11597 964 1491 8292 
11598 7115 8531 8548 
11599 3419 4379 8541 
11600 1403 1492 8420 
11601 1568 1500 7292 
11602 5442 6569 8624 
11603 2194 2195 2196 
11604 4403 4405 8452 
11605 2290 2311 2312 
11606 2536 3425 8294 
11607 3066 2760 8294 
11608 2190 2191 2291 
11609 5060 5059 6803 
11610 5475 4262 5476 
11611 3996 3997 4645 
11612 3532 197 8273 
11613 198 315 8273 
11614 3700 3702 5053 
11615 861 1113 8297 
11616 7680 7610 8302 
11617 3677 3679 3681 
11618 3717 859 8297 
11619 4888 4201 8229 
11620 3333 3335 8446 
11621 6008 6009 10440 
11622 2779 3480 4702 
11623 2331 7736 8835 
11624 6077 6075 8302 
11625 4760 4758 8230 
11626 843 844 845 
11627 4301 4343 4344 
11628 4301 4344 7856 
11629 8039 3755 8436 
11630 8130 4995 8233 
11631 7854 7751 8305 
11632 4962 8031 8235 
11633 7137 1298 8293 
11634 3346 4977 8237 
11635 7210 5956 9526 
11636 5384 8267 8571 
11637 807 958 8667 
11638 8293 8136 8414 
11639 2301 5296 8543 
11640 5492 5493 5494 
11641 2749 2752 8778 
11642 2482 8136 8293 
11643 3647 3650 8307 
11644 4876 3645 8307 
11645 8970 2426 9130 
11646 3124 3125 3494 
11647 813 814 815 
11648 2716 2706 7089 
11649 7348 7317 8239 
11650 900 901 902 
11651 7112 3010 8322 
11652 1044 1037 8195 
11653 4959 4957 5470 
11654 1852 1850 1853 
11655 68 69 7342 
11656 57 58 7255 
11657 2673 2771 8453 
11658 6551 6550 9614 
11659 1790 2192 8402 
11660 2218 2220 2222 
11661 2717 9048 9085 
11662 7610 3297 8302 
11663 7554 10142 10270 
11664 3840 1559 8402 
11665 975 6715 8550 
11666 8185 2521 8248 
11667 4523 4524 5698 
11668 2789 8082 8476 
11669 67 68 7344 
11670 10041 5996 10328 
11671 54 265 7117 
11672 4526 6158 8452 
11673 999 1000 1001 
11674 3616 8199 8354 
11675 3025 7077 8558 
11676 5268 5270 7291 
11677 6175 6177 10321 
11678 7763 6092 9058 
11679 857 3717 8313 
11680 531 539 8322 
11681 1724 1728 8300 
11682 2706 2708 7089 
11683 2608 2606 2811 
11684 4678 5668 8326 
11685 7867 3615 8773 
11686 1453 1455 8902 
11687 4343 5191 8439 
11688 6646 5693 9498 
11689 2068 2070 8801 
11690 4302 4244 9788 
11691 4069 5180 8555 
11692 1886 1884 8310 
11693 7345 7070 8245 
11694 8238 248 9717 
11695 3573 4554 8554 
11696 249 7244 7245 
11697 224 225 8317 
11698 3555 6790 9351 
11699 1492 3840 8420 
11700 361 363 364 
11701 2573 2645 3297 
11702 3010 529 8322 
11703 6675 4650 10000 
11704 1965 976 8958 
11705 5270 5277 5278 
11706 4564 4607 4608 
11707 4997 7321 8248 
11708 1298 1300 8293 
11709 2851 3033 3286 
11710 1022 7426 8366 
11711 1075 1073 8454 
11712 6730 5149 8587 
11713 7321 8185 8248 
11714 7150 3016 9406 
11715 1047 1043 8458 
11716 5024 5408 8377 
11717 5471 6579 8340 
11718 6595 6596 10198 
11719 3829 2899 8252 
11720 941 921 8565 
11721 3240 3908 8309 
11722 3630 3666 8344 
11723 4211 3632 8344 
11724 744 747 9563 
11725 1680 1393 8200 
11726 838 8146 8713 
11727 1726 1724 8300 
11728 6905 6904 8681 
11729 8568 3449 9070 
11730 3720 7284 8660 
11731 639 637 8329 
11732 5933 5934 6045 
11733 1550 1554 1555 
11734 4323 6806 10223 
11735 7341 7339 8494 
11736 2176 2178 8347 
11737 3425 7763 9009 
11738 258 149 6786 
11739 219 254 7018 
11740 211 283 6812 
11741 4830 4862 8749 
11742 3793 8066 8363 
11743 5073 5901 5902 
11744 7077 2251 8351 
11745 8379 8380 8707 
11746 2446 1671 9177 
11747 8743 2787 8744 
11748 7193 5719 8648 
11749 8199 5658 8354 
11750 3899 8115 8351 
11751 666 668 762 
11752 668 667 669 
11753 2956 7469 9648 
11754 245 43 9938 
11755 2312 2412 2418 
11756 8394 8393 10350 
11757 6883 3861 9806 
11758 2097 2101 7231 
11759 6841 6842 8266 
11760 1509 9419 10152 
11761 3691 3680 8258 
11762 831 3718 8259 
11763 2033 2034 2035 
11764 2035 2036 2037 
11765 9583 5648 9870 
11766 8218 5629 8290 
11767 7442 6552 10294 
11768 2037 2038 2039 
11769 4979 1680 8200 
11770 5504 5505 5888 
11771 6538 5044 6539 
11772 8158 4982 8255 
11773 2039 2040 2041 
11774 3618 4198 8360 
11775 3615 3614 8360 
11776 6688 8492 9031 
11777 2418 2514 2621 
11778 2041 2043 2044 
11779 3638 1343 8361 
11780 1221 1219 8361 
11781 872 873 874 
11782 2621 2622 2796 
11783 2044 2045 2046 
11784 686 684 8362 
11785 5167 3528 8260 
11786 3221 8290 8357 
11787 898 897 899 
11788 2796 3077 3305 
11789 7299 6841 8266 
11790 5840 2852 7135 
11791 3242 3240 8309 
11792 1067 3113 9336 
11793 7233 4808 8276 
11794 3552 8586 10261 
11795 2163 9497 10193 
11796 2104 2102 8512 
11797 8513 6404 8834 
11798 3053 917 8366 
11799 915 1022 8366 
11800 2031 2032 2033 
11801 7232 4568 8275 
11802 4008 4067 5356 
11803 1258 1262 8265 
11804 5398 7016 9507 
11805 5970 4508 8578 
11806 870 868 871 
11807 435 2984 8370 
11808 486 437 8370 
11809 2521 2520 8333 
11810 7300 7299 8306 
11811 5388 5397 8267 
11812 1349 1403 8420 
11813 256 6571 10150 
11814 2806 2803 8190 
11815 6401 5394 8372 
11816 2131 2136 7257 
11817 7485 5016 8268 
11818 1854 1853 1855 
11819 8421 7225 10205 
11820 5494 5496 6241 
11821 5449 9546 9597 
11822 2195 2193 8381 
11823 8182 8373 9816 
11824 5027 5029 8278 
11825 4831 4832 4843 
11826 2305 3549 8583 
11827 3151 3419 4541 
11828 5050 6561 8582 
11829 3004 3006 8376 
11830 10138 7131 10558 
11831 6645 6644 8389 
11832 3512 2730 8498 
11833 4151 3693 8269 
11834 1519 1517 8479 
11835 4219 3634 8384 
11836 8835 7736 8917 
11837 5056 4182 8386 
11838 270 114 10103 
11839 7342 286 7343 
11840 2370 5446 9316 
11841 2752 2755 8205 
11842 9027 10239 10634 
11843 3017 1677 8352 
11844 3586 2806 8190 
11845 1943 1946 7279 
11846 339 341 3799 
11847 197 198 8273 
11848 2095 2097 7231 
11849 4946 4944 8277 
11850 5045 7485 8395 
11851 471 470 472 
11852 5036 5037 5859 
11853 5189 7014 10323 
11854 8132 1726 8300 
11855 421 6925 6937 
11856 5678 6159 9337 
11857 6849 9736 10248 
11858 1281 1347 8279 
11859 8552 5893 10197 
11860 920 921 922 
11861 1625 1630 8702 
11862 4498 4693 5182 
11863 2251 3296 8351 
11864 214 252 7228 
11865 7627 8756 8786 
11866 6817 6813 8224 
11867 4858 4859 4860 
11868 5186 3909 8442 
11869 4860 4861 4867 
11870 2876 2875 2877 
11871 6147 5667 8432 
11872 6801 6012 8329 
11873 2230 8058 8283 
11874 364 365 740 
11875 7147 5542 8588 
11876 8206 5082 8519 
11877 4241 4242 4459 
11878 3286 3287 3441 
11879 5119 7271 9832 
11880 6873 5056 8390 
11881 5020 7443 8284 
11882 1596 7055 10527 
11883 5289 6454 8404 
11884 9631 7050 9717 
11885 1659 1666 1667 
11886 180 181 7312 
11887 5029 5145 5146 
11888 740 741 742 
11889 3441 3442 3535 
11890 742 743 744 
11891 1847 1846 1848 
11892 4856 4857 4858 
11893 3535 3536 3846 
11894 3156 3452 8764 
11895 744 745 747 
11896 888 977 8407 
11897 3716 886 8407 
11898 7966 5644 8593 
11899 3846 3847 4109 
11900 747 748 749 
11901 4620 3497 6518 
11902 4109 4110 5188 
11903 749 750 752 
11904 2231 8607 8810 
11905 752 753 754 
11906 2994 7380 10426 
11907 5322 4019 8287 
11908 754 755 756 
11909 4142 4143 8570 
11910 1414 927 8422 
11911 1563 1060 8421 
11912 1970 3212 8379 
11913 756 757 1120 
11914 7443 5052 8415 
11915 5067 6577 6578 
11916 2807 8218 8290 
11917 2901 2807 8290 
11918 3238 8539 9329 
11919 1120 1121 1122 
11920 246 67 7344 
11921 1409 1411 1424 
11922 7088 3422 9214 
11923 1325 1324 1326 
11924 4408 4409 4556 
11925 4198 4197 8291 
11926 7178 4627 9327 
11927 3888 3242 8309 
11928 8415 5052 8698 
11929 5141 5139 6398 
11930 966 964 8292 
11931 516 515 517 
11932 3304 5001 5190 
11933 5190 6246 6247 
11934 1606 1605 1607 
11935 3241 3243 4255 
11936 565 563 8581 
11937 1300 2482 8293 
11938 7137 8293 8414 
11939 5658 5656 8354 
11940 2760 2536 8294 
11941 2665 2666 8383 
11942 7253 9399 10271 
11943 2632 2398 2648 
11944 3929 3931 10356 
11945 3929 3930 3931 
11946 1662 5041 5042 
11947 3483 5636 8690 
11948 3931 4440 4441 
11949 3129 3131 3165 
11950 3761 3762 4624 
11951 859 861 8297 
11952 2236 2202 8897 
11953 7258 6030 9490 
11954 5888 6276 6277 
11955 5282 3464 9350 
11956 6075 7680 8302 
11957 5644 8065 8444 
11958 4013 5195 5244 
11959 7732 1995 7733 
11960 8733 1944 9269 
11961 1728 4256 8300 
11962 6803 7066 7067 
11963 299 142 7129 
11964 2315 7749 8447 
11965 5057 6873 8449 
11966 80 81 7047 
11967 7469 2956 9725 
11968 4976 3221 8357 
11969 6604 8345 9935 
11970 3927 3928 3929 
11971 4695 5098 7150 
11972 3249 4394 5337 
11973 6477 5080 7266 
11974 14 15 8859 
11975 2728 3392 9059 
11976 2008 855 8313 
11977 7652 7653 8455 
11978 3851 7966 8457 
11979 6234 7168 8272 
11980 7145 7146 8813 
11981 7553 7554 10270 
11982 2843 157 7122 
11983 297 147 7126 
11984 264 159 7132 
11985 201 202 7244 
11986 4021 3443 4046 
11987 22 23 8777 
11988 6915 2061 10659 
11989 4785 4786 4788 
11990 7524 1423 9377 
11991 7719 4719 8464 
11992 3562 2652 8464 
11993 923 921 941 
11994 3333 3334 3335 
11995 868 866 1707 
11996 1707 866 8125 
11997 557 555 8584 
11998 5115 7624 8473 
11999 7793 5116 8473 
12000 7702 7854 8305 
12001 3923 3132 3924 
12002 8945 7152 9177 
12003 5841 5842 6431 
12004 4843 4846 4869 
12005 23 24 8782 
12006 2649 2648 3437 
12007 3755 8159 8436 
12008 7303 7300 8306 
12009 8410 5039 9609 
12010 2055 6850 9810 
12011 3473 3474 3475 
12012 9541 6487 9868 
12013 1460 1461 1462 
12014 1462 1463 1464 
12015 3793 8363 8493 
12016 810 808 8481 
12017 1464 1465 1466 
12018 809 807 8667 
12019 5234 5544 5841 
12020 5507 6194 6196 
12021 1466 1545 1546 
12022 3645 3647 8307 
12023 68 7342 7344 
12024 1546 1743 1744 
12025 5235 5852 9411 
12026 3799 3932 5114 
12027 40 41 8808 
12028 1744 2186 2187 
12029 1889 5117 8484 
12030 2607 2609 3203 
12031 2668 2665 8383 
12032 2520 2789 8333 
12033 4111 4112 4326 
12034 1476 1485 8403 
12035 1485 7215 8403 
12036 6383 9225 10201 
12037 6522 8116 9820 
12038 212 213 8186 
12039 4326 4327 5155 
12040 4559 4560 5235 
12041 69 286 7342 
12042 58 240 7255 
12043 446 447 8619 
12044 3070 511 8619 
12045 3676 3673 8487 
12046 3671 3903 8487 
12047 3908 5090 8309 
12048 855 857 8313 
12049 5447 5449 9597 
12050 4844 4845 4852 
12051 5155 5156 5157 
12052 1458 1459 1460 
12053 4781 4780 4782 
12054 5157 5158 5947 
12055 2470 3116 9300 
12056 1900 1886 8310 
12057 1863 1862 1864 
12058 1958 1887 8484 
12059 5182 6752 6753 
12060 2696 2694 2697 
12061 2803 2801 8190 
12062 9577 10016 10622 
12063 3063 5119 8618 
12064 811 813 8316 
12065 4117 4115 8505 
12066 1559 1790 8402 
12067 3666 7702 8495 
12068 3587 3586 4027 
12069 1396 1405 1406 
12070 3978 3984 4111 
12071 7002 6999 8496 
12072 3483 5335 5636 
12073 7452 8721 8737 
12074 5134 5133 5135 
12075 1802 1389 9358 
12076 6015 7003 9191 
12077 2075 2080 10408 
12078 8266 4219 8306 
12079 5134 5137 7539 
12080 5698 5699 10424 
12081 6996 7097 8496 
12082 309 57 7255 
12083 4497 4496 8826 
12084 3214 6343 9109 
12085 895 3065 7997 
12086 897 895 7997 
12087 4039 4040 5161 
12088 3182 408 8417 
12089 4553 7006 8748 
12090 9658 270 10280 
12091 6537 6533 9012 
12092 1713 6834 8685 
12093 4827 4762 8510 
12094 4700 5508 8511 
12095 4836 4834 4851 
12096 384 385 7023 
12097 542 540 8516 
12098 5761 6422 8761 
12099 2456 2821 3905 
12100 8268 2521 8333 
12101 1291 1329 8798 
12102 7460 4713 8514 
12103 5231 4230 8514 
12104 1202 1166 8515 
12105 1164 8038 8515 
12106 1480 8193 8537 
12107 8384 4211 8494 
12108 7736 2953 8917 
12109 1650 1649 1651 
12110 7274 8944 10539 
12111 529 531 8322 
12112 4097 8327 9618 
12113 5643 5030 9129 
12114 4397 4240 4398 
12115 5890 6522 10258 
12116 5899 4678 8326 
12117 6261 5724 8649 
12118 2830 8876 10418 
12119 1532 1075 8454 
12120 8132 8300 8444 
12121 3677 3676 3678 
12122 8193 2315 8637 
12123 8290 5629 8357 
12124 3735 3737 3738 
12125 1401 1047 8458 
12126 3738 3739 3740 
12127 8351 8115 8558 
12128 707 2945 2946 
12129 2465 2464 2466 
12130 4514 7776 8522 
12131 4594 6006 6007 
12132 3740 3907 4057 
12133 1608 1607 1609 
12134 3521 3522 3523 
12135 7340 7341 8495 
12136 5851 5850 9673 
12137 6670 6469 8346 
12138 4379 6161 6162 
12139 1426 639 8329 
12140 1843 1842 1844 
12141 6130 8011 8907 
12142 8011 259 8907 
12143 499 3052 8988 
12144 1433 1435 8606 
12145 3733 3734 3735 
12146 3008 4591 8225 
12147 5378 5376 8486 
12148 2883 6659 10109 
12149 390 388 9108 
12150 288 6855 9371 
12151 7191 7192 8758 
12152 2024 2025 2340 
12153 2505 2506 2528 
12154 1729 1730 2024 
12155 2340 2363 2497 
12156 1995 1737 1996 
12157 7683 8518 9552 
12158 8826 4496 9521 
12159 6043 4621 6044 
12160 4699 3585 8636 
12161 3161 3152 3843 
12162 2061 8332 10659 
12163 2380 2381 2382 
12164 3037 3491 8521 
12165 4118 5762 8385 
12166 3758 5851 8662 
12167 4525 4612 8234 
12168 539 8106 8531 
12169 2129 2131 7257 
12170 3335 3336 3337 
12171 6015 5941 8534 
12172 5515 5516 5994 
12173 2667 2669 8662 
12174 5029 5146 8278 
12175 1537 1474 8537 
12176 5425 4046 6008 
12177 3981 5018 8643 
12178 8193 5643 8537 
12179 8617 6333 9918 
12180 3337 3338 3878 
12181 6983 6982 6984 
12182 3681 3682 3685 
12183 8066 8255 8363 
12184 3105 2453 8769 
12185 160 308 7132 
12186 158 264 7122 
12187 148 258 7126 
12188 143 260 7129 
12189 6380 6375 9790 
12190 5746 7343 9561 
12191 8354 5656 8466 
12192 3487 4376 4377 
12193 6637 5518 9397 
12194 2578 3588 8769 
12195 8339 4106 8816 
12196 2549 7024 10306 
12197 1320 1318 1331 
12198 6033 6034 6036 
12199 7101 4193 9004 
12200 1611 1609 1612 
12201 7048 6018 10372 
12202 10124 9412 10283 
12203 5472 5471 8340 
12204 2620 2352 8588 
12205 78 79 7119 
12206 5950 5312 8312 
12207 3475 3476 3831 
12208 2583 6636 10431 
12209 9347 8692 9696 
12210 2542 2252 2756 
12211 1628 6884 8803 
12212 4184 6407 9401 
12213 3632 3630 8344 
12214 5235 5236 5852 
12215 5927 5874 8964 
12216 320 6961 9590 
12217 2757 2756 2758 
12218 9303 3401 10318 
12219 840 838 8713 
12220 2145 5162 5166 
12221 1594 1593 1595 
12222 7299 8266 8306 
12223 8300 4256 8444 
12224 7582 7785 8557 
12225 7580 7581 8557 
12226 5620 5976 5977 
12227 482 494 8793 
12228 5829 8952 10592 
12229 406 6918 8417 
12230 6832 5896 10165 
12231 1510 1512 1729 
12232 2409 2279 2479 
12233 4460 4462 4466 
12234 2761 2121 2762 
12235 3109 2668 8383 
12236 2753 3060 3061 
12237 1642 1644 8438 
12238 9865 6469 9930 
12239 2354 2176 8347 
12240 919 3053 8565 
12241 877 6110 7352 
12242 5112 8194 9339 
12243 323 324 325 
12244 6453 9011 9651 
12245 3511 1519 8479 
12246 3581 3582 3583 
12247 6262 6096 10457 
12248 4788 4789 4790 
12249 4868 5072 5073 
12250 3176 3088 8530 
12251 389 391 7039 
12252 2945 705 8612 
12253 703 732 8612 
12254 3429 3198 8456 
12255 3594 3595 4054 
12256 6063 9265 10163 
12257 2774 2773 2870 
12258 1110 9666 9892 
12259 2771 4190 8453 
12260 3835 7207 8709 
12261 3525 4594 8691 
12262 265 55 7172 
12263 3296 3899 8351 
12264 3915 3916 3917 
12265 4091 4086 4092 
12266 4790 4791 4792 
12267 3017 8352 8353 
12268 3727 3728 3729 
12269 74 75 7256 
12270 7456 3616 8354 
12271 4792 4793 4794 
12272 10222 10410 10561 
12273 136 281 8909 
12274 281 6641 6642 
12275 6918 6920 8417 
12276 4247 3687 8532 
12277 6 7 659 
12278 4794 4795 4797 
12279 1932 1935 8301 
12280 4096 4095 4097 
12281 7615 7616 8577 
12282 4797 4798 4799 
12283 8112 8111 10122 
12284 4760 8230 8510 
12285 6386 5442 8624 
12286 4799 4800 4801 
12287 4024 3407 8528 
12288 8242 5514 9421 
12289 1002 1000 1018 
12290 7084 7086 8597 
12291 4801 4802 4803 
12292 8251 8318 9732 
12293 2909 9357 10013 
12294 521 522 523 
12295 4803 4805 4806 
12296 5082 5241 8519 
12297 1282 1433 5070 
12298 4085 4084 4086 
12299 4806 4809 4811 
12300 4976 8357 8622 
12301 118 119 8227 
12302 2755 2898 8205 
12303 3757 1982 8669 
12304 2508 2509 2824 
12305 5111 6122 6770 
12306 528 526 3022 
12307 8195 7526 8716 
12308 4485 5914 9270 
12309 5629 5630 8357 
12310 5364 5365 5366 
12311 6886 5065 8436 
12312 856 854 2618 
12313 1458 6860 8586 
12314 1435 1437 2377 
12315 4578 4635 5816 
12316 8024 3793 8493 
12317 1439 1441 6709 
12318 9189 7263 10633 
12319 4052 4529 5768 
12320 1441 1443 2457 
12321 3235 3237 8308 
12322 5885 6817 9910 
12323 6450 6453 8365 
12324 1445 1447 4630 
12325 2237 7066 7068 
12326 3614 3618 8360 
12327 1344 1345 1346 
12328 1449 1451 2031 
12329 6538 6539 9635 
12330 3257 3761 8800 
12331 1797 1788 3097 
12332 1343 1221 8361 
12333 8917 2953 8994 
12334 2382 2384 2385 
12335 733 686 8362 
12336 2380 2382 8766 
12337 3078 5363 5364 
12338 2528 2780 3495 
12339 5719 5720 8648 
12340 1634 8250 8556 
12341 4897 6732 8595 
12342 8959 6635 9871 
12343 5455 3288 9297 
12344 3097 1788 8299 
12345 5685 5899 9836 
12346 2385 2386 2387 
12347 7742 7519 8363 
12348 6851 4084 8445 
12349 6847 2413 9143 
12350 2387 2388 2423 
12351 5058 7084 8597 
12352 3720 7703 8597 
12353 5608 1634 8556 
12354 2423 2424 2545 
12355 3522 3251 9018 
12356 2545 2546 2781 
12357 6969 6893 9883 
12358 4030 4028 4031 
12359 1467 8284 8415 
12360 6540 4575 8882 
12361 5421 6249 8437 
12362 2781 2810 2815 
12363 6219 5316 8564 
12364 2815 3324 3325 
12365 3325 3956 3958 
12366 2898 3887 8205 
12367 917 915 8366 
12368 6813 6814 6815 
12369 2070 2071 2072 
12370 3764 3766 3768 
12371 8570 5062 8653 
12372 6161 6788 9822 
12373 1931 1930 1932 
12374 1931 1932 8301 
12375 2234 2195 8381 
12376 6205 7461 8605 
12377 5203 6193 8605 
12378 437 435 8370 
12379 4853 4855 4856 
12380 726 725 727 
12381 4444 4443 4445 
12382 2802 2804 8492 
12383 2202 2227 8897 
12384 5794 6291 10547 
12385 3115 3076 3553 
12386 3455 3109 8608 
12387 4131 5238 8319 
12388 1661 1663 1664 
12389 5646 6350 6351 
12390 3423 3186 3424 
12391 1994 2420 4241 
12392 5394 5396 8372 
12393 5424 9181 9275 
12394 6533 6534 9012 
12395 5427 5429 5935 
12396 7215 7219 8403 
12397 9876 5825 9936 
12398 1487 2015 2016 
12399 2247 1454 8668 
12400 3006 4163 8376 
12401 1998 1997 2181 
12402 3685 3686 4353 
12403 7089 2708 8980 
12404 29 30 8939 
12405 8255 7742 8363 
12406 3701 3699 8792 
12407 6295 4867 9194 
12408 4261 5474 8724 
12409 8068 5602 8724 
12410 513 3070 7727 
12411 515 513 7727 
12412 5948 6654 6655 
12413 7295 7141 8399 
12414 2666 5663 8383 
12415 1338 1188 8614 
12416 1186 2973 8614 
12417 2122 7042 10034 
12418 4053 4709 6217 
12419 6328 6329 6330 
12420 3749 3747 8538 
12421 3061 3330 3331 
12422 5422 5417 5651 
12423 5664 7102 9368 
12424 6052 8533 8800 
12425 1928 3183 7528 
12426 1930 1928 7528 
12427 3083 3084 3085 
12428 856 2618 8321 
12429 6494 284 9606 
12430 1727 1721 3945 
12431 3583 3584 4424 
12432 9554 6209 9849 
12433 3634 4211 8384 
12434 822 3967 8153 
12435 3510 4075 4272 
12436 2272 2271 2273 
12437 3917 3918 3919 
12438 9620 8194 10147 
12439 4054 4546 4547 
12440 4182 4219 8386 
12441 7343 5746 9791 
12442 6854 4015 10071 
12443 7485 8268 8333 
12444 811 8316 8481 
12445 5070 8606 10440 
12446 5325 7082 8241 
12447 5656 5654 8466 
12448 4565 6108 6275 
12449 3081 3082 3083 
12450 4470 6816 7058 
12451 3919 3920 3921 
12452 3877 2664 8188 
12453 6899 1149 9523 
12454 4420 3924 9513 
12455 6597 6410 10582 
12456 5797 4012 8202 
12457 1272 7713 8387 
12458 3921 4249 4250 
12459 3524 3926 3927 
12460 4035 3333 8446 
12461 845 846 847 
12462 5764 5765 6104 
12463 528 3022 8331 
12464 902 903 943 
12465 4250 4324 4325 
12466 6104 6105 6258 
12467 731 726 8540 
12468 4557 5563 5564 
12469 3418 1050 9349 
12470 8346 6469 9865 
12471 9362 3552 10261 
12472 4325 4574 4575 
12473 6258 6259 6260 
12474 7332 311 7333 
12475 243 50 9432 
12476 3768 3766 8325 
12477 1808 5451 9280 
12478 8179 4835 8209 
12479 5495 6805 9077 
12480 2809 2551 3018 
12481 887 885 8635 
12482 7117 265 7118 
12483 408 406 8417 
12484 4987 5643 8637 
12485 5762 5763 5764 
12486 4308 3429 8456 
12487 5509 5045 8395 
12488 6424 6425 9578 
12489 5193 3877 8188 
12490 2824 3322 3485 
12491 7453 6059 8396 
12492 5407 6053 8501 
12493 6279 7053 9880 
12494 8245 7070 9354 
12495 1393 1394 8200 
12496 5439 8581 9704 
12497 8924 7204 9960 
12498 2403 2404 2642 
12499 9252 6854 9815 
12500 2656 2657 2658 
12501 4949 7165 8978 
12502 2642 2643 3939 
12503 7336 267 7337 
12504 4610 5085 5086 
12505 2658 2659 2660 
12506 9623 6717 10246 
12507 2660 3041 3042 
12508 4625 5875 5876 
12509 3911 3912 3913 
12510 3547 3940 3941 
12511 7649 7648 8831 
12512 7977 7778 8650 
12513 8029 503 8650 
12514 1599 1601 8477 
12515 3305 3077 8418 
12516 1583 1576 1584 
12517 3772 4358 5047 
12518 2519 4360 4410 
12519 477 8206 8519 
12520 5607 8179 8209 
12521 2154 2155 2403 
12522 5199 5197 5328 
12523 3390 3389 4006 
12524 2443 2655 2656 
12525 9399 9063 10271 
12526 9186 28 10597 
12527 5745 5200 6524 
12528 5313 5312 5950 
12529 6589 6591 10046 
12530 2178 1789 8654 
12531 3652 4013 7757 
12532 6354 6355 6356 
12533 2858 3520 5234 
12534 8305 7340 8495 
12535 8396 7220 10454 
12536 3306 4131 8319 
12537 3306 4130 4131 
12538 7456 8354 8466 
12539 5273 5268 7291 
12540 1558 1476 8403 
12541 1072 1355 8431 
12542 1086 2256 8434 
12543 1354 1457 1458 
12544 8528 3407 9159 
12545 3879 3977 3978 
12546 5316 5318 8564 
12547 5957 4117 8505 
12548 4840 4842 4844 
12549 2838 3579 7809 
12550 3629 3720 8660 
12551 7843 3627 8660 
12552 5477 5476 5478 
12553 7045 301 7046 
12554 3794 3454 3795 
12555 7437 5289 8404 
12556 10047 5395 10620 
12557 3772 5047 8325 
12558 1662 5042 8448 
12559 5643 8193 8637 
12560 4219 8266 8386 
12561 2813 7197 9051 
12562 474 473 477 
12563 7379 7722 8672 
12564 5064 6221 8672 
12565 6227 6228 7229 
12566 8267 5397 8571 
12567 6971 6970 8854 
12568 6147 10251 10391 
12569 5100 5102 6929 
12570 5385 5381 5387 
12571 4008 5356 8408 
12572 6942 6941 8871 
12573 9153 1096 9853 
12574 4356 4026 4629 
12575 5525 6263 9201 
12576 706 707 8677 
12577 4260 777 8677 
12578 2928 3966 8336 
12579 1151 1153 3309 
12580 886 888 8407 
12581 1613 1612 1615 
12582 3051 3512 3513 
12583 5074 3353 8736 
12584 6871 7108 9711 
12585 2016 2313 2314 
12586 2887 542 8516 
12587 874 875 876 
12588 4686 5321 5908 
12589 5456 5455 5457 
12590 8136 5210 8414 
12591 6510 6511 8332 
12592 8376 4163 8465 
12593 2927 3484 8563 
12594 8024 8493 8590 
12595 3214 3792 6343 
12596 2953 7393 8994 
12597 2706 2707 2708 
12598 5048 4358 5639 
12599 3730 3732 3733 
12600 3463 3515 4056 
12601 2576 2577 3026 
12602 1820 1817 1821 
12603 779 4260 8688 
12604 1115 781 8688 
12605 1824 1821 1825 
12606 2625 3251 3521 
12607 2698 2697 2699 
12608 2390 2553 5075 
12609 9069 5362 9762 
12610 1832 1825 1833 
12611 5075 5921 6907 
12612 220 221 7130 
12613 4089 6794 8735 
12614 3345 9032 9585 
12615 13 14 9647 
12616 5980 5979 5981 
12617 6949 8415 8698 
12618 3946 3945 3947 
12619 8385 5762 10035 
12620 5401 8784 9374 
12621 2986 978 8689 
12622 6419 8765 9892 
12623 2882 3071 3463 
12624 2335 2336 2576 
12625 1816 1813 1817 
12626 5065 8039 8436 
12627 8363 7519 8493 
12628 1964 1965 1967 
12629 8963 5461 9356 
12630 1414 8422 8423 
12631 2768 2651 3551 
12632 3948 3947 3949 
12633 3309 1153 8337 
12634 1829 1827 1830 
12635 2301 2389 2390 
12636 256 176 8676 
12637 177 3900 8676 
12638 2648 2398 8490 
12639 3950 3949 3954 
12640 4991 7276 10499 
12641 4588 4632 5748 
12642 4032 4682 4683 
12643 8266 6842 8386 
12644 884 3716 8695 
12645 1445 4630 8699 
12646 7077 8351 8558 
12647 8425 8422 8741 
12648 4006 3389 8666 
12649 975 976 1964 
12650 2092 2421 2422 
12651 5509 8395 8476 
12652 6007 9425 9625 
12653 10023 1826 10267 
12654 3271 3422 8701 
12655 5184 5713 8609 
12656 5368 6032 6033 
12657 6291 5794 10247 
12658 4069 4155 5179 
12659 4254 8489 9730 
12660 3462 3461 4026 
12661 2926 2928 8336 
12662 2926 2927 2928 
12663 815 816 817 
12664 203 204 7133 
12665 217 218 7121 
12666 205 206 7123 
12667 215 216 7127 
12668 209 210 7128 
12669 8301 5097 9992 
12670 9013 1021 9611 
12671 5474 4262 5475 
12672 1526 8844 8963 
12673 4139 6363 9026 
12674 3496 4331 5099 
12675 5094 8079 8718 
12676 2331 7452 8737 
12677 5748 6960 9674 
12678 8322 539 8531 
12679 3278 5463 9276 
12680 6232 6231 9412 
12681 5518 6637 9183 
12682 2023 882 8695 
12683 3779 3857 8725 
12684 8466 5654 8562 
12685 5093 3942 8752 
12686 2769 7160 8997 
12687 2453 2578 8769 
12688 8154 4977 8610 
12689 8065 8132 8444 
12690 3567 3568 7290 
12691 4630 8257 8374 
12692 2198 2197 2199 
12693 2794 2880 3873 
12694 2763 2762 2764 
12695 4161 3795 4162 
12696 2878 2877 2879 
12697 1091 1090 1092 
12698 1093 1092 1094 
12699 2370 3179 5446 
12700 7749 7750 8447 
12701 2327 2331 8737 
12702 3668 2325 8737 
12703 5465 5855 5856 
12704 1095 1094 1096 
12705 1946 1947 3315 
12706 936 1356 7195 
12707 8106 5658 8548 
12708 6848 5057 8449 
12709 1097 1096 1099 
12710 3724 3726 3727 
12711 8828 7048 10372 
12712 6264 5105 9418 
12713 4561 4162 4562 
12714 5194 6302 6303 
12715 943 944 945 
12716 1100 1099 1101 
12717 3652 4012 4013 
12718 3548 2874 5065 
12719 2839 2681 4318 
12720 2414 2415 2826 
12721 1102 1101 1103 
12722 222 223 8177 
12723 2965 804 8742 
12724 806 810 8742 
12725 8467 4156 8468 
12726 1104 1103 1105 
12727 1089 1088 1090 
12728 6699 5273 6700 
12729 3262 4156 8467 
12730 1106 1105 1111 
12731 3198 8335 8456 
12732 5871 4623 5872 
12733 6019 8815 9188 
12734 3844 3843 4432 
12735 5463 5464 5465 
12736 2680 2838 7809 
12737 2680 2681 2838 
12738 373 6254 8652 
12739 2305 2306 2362 
12740 3265 3264 4391 
12741 945 946 947 
12742 7696 734 8511 
12743 5147 5145 5858 
12744 2256 2257 2414 
12745 843 842 844 
12746 4236 3263 5306 
12747 4509 4508 5969 
12748 947 948 957 
12749 6747 3479 10461 
12750 1376 1377 1378 
12751 3383 7652 8455 
12752 1378 1379 1380 
12753 7246 6268 9981 
12754 5686 3851 8457 
12755 5050 5051 6559 
12756 5354 6937 10475 
12757 4079 4077 4087 
12758 4643 10080 10098 
12759 1380 1381 1385 
12760 3007 2758 3008 
12761 4083 4081 4084 
12762 1385 1386 1427 
12763 3959 4248 5695 
12764 5387 8486 9326 
12765 5899 9747 9842 
12766 7159 3938 10179 
12767 1427 1428 1515 
12768 8227 288 9071 
12769 7710 4299 8756 
12770 2664 2662 8188 
12771 1515 1516 2188 
12772 1374 1375 1376 
12773 2607 2606 2608 
12774 812 809 2958 
12775 475 478 3231 
12776 3175 3801 4578 
12777 4052 5768 8776 
12778 6894 5099 10002 
12779 2652 7719 8464 
12780 1356 1358 9427 
12781 1538 6891 10544 
12782 7759 5173 8763 
12783 2728 2731 3392 
12784 4163 8091 8465 
12785 1333 1326 1334 
12786 1592 6348 8947 
12787 3803 3176 8530 
12788 6590 2892 10607 
12789 7032 2234 8547 
12790 4259 7456 8466 
12791 73 241 8520 
12792 311 72 8520 
12793 8530 3088 9239 
12794 482 487 494 
12795 3761 4624 9360 
12796 489 495 3078 
12797 5786 7252 7254 
12798 5408 5865 9538 
12799 5116 5115 8473 
12800 3439 2770 3982 
12801 7114 7116 8573 
12802 7297 9199 9245 
12803 3401 7289 10318 
12804 4315 5010 6924 
12805 5707 5706 9047 
12806 5012 5556 6580 
12807 6878 6876 6882 
12808 1831 1830 2146 
12809 5696 7138 8400 
12810 6101 5646 9894 
12811 6052 4247 8532 
12812 842 840 2400 
12813 5916 4310 8774 
12814 3466 3570 8774 
12815 5238 5239 6390 
12816 1937 1938 1939 
12817 7115 7867 8773 
12818 1939 1940 1942 
12819 5941 5509 8476 
12820 2164 2146 2189 
12821 8994 7393 9103 
12822 1935 1936 1937 
12823 5067 6578 8504 
12824 2804 2808 8492 
12825 7046 301 7173 
12826 2447 2189 2448 
12827 3487 4377 8418 
12828 2817 2448 2818 
12829 4780 4778 8192 
12830 6025 9090 10300 
12831 6838 1781 10515 
12832 2710 2712 2793 
12833 5868 6836 6951 
12834 5899 8326 9747 
12835 5324 6065 6497 
12836 7247 7245 7248 
12837 4511 5878 5879 
12838 7113 7115 8773 
12839 4178 7515 9021 
12840 5241 5615 5616 
12841 3142 2360 9041 
12842 6039 5164 6040 
12843 808 811 8481 
12844 3356 3355 3357 
12845 4307 8010 10048 
12846 3065 893 8852 
12847 5295 5040 5500 
12848 2692 2690 2693 
12849 3358 3357 3361 
12850 378 5178 7326 
12851 5414 5413 5415 
12852 3704 3722 3723 
12853 7185 1479 10357 
12854 813 812 814 
12855 8343 2144 9835 
12856 3327 3328 4146 
12857 3983 3982 5343 
12858 7843 8660 8961 
12859 4146 4147 5440 
12860 1887 1889 8484 
12861 3267 3266 3838 
12862 3354 3353 3355 
12863 1347 7771 8805 
12864 1358 1359 1360 
12865 5412 2582 5413 
12866 4053 6217 8757 
12867 4631 1822 8470 
12868 1360 1361 1362 
12869 6469 6468 9930 
12870 3870 2886 6126 
12871 1362 1363 1373 
12872 1865 1864 1866 
12873 1448 1446 8592 
12874 7419 5223 8807 
12875 5311 4479 5617 
12876 8115 5721 8558 
12877 10509 4606 10512 
12878 1009 1021 8770 
12879 3113 3114 3327 
12880 1051 2451 8523 
12881 524 541 5988 
12882 499 501 3052 
12883 1586 1588 8503 
12884 4606 4335 10512 
12885 1356 1357 1358 
12886 505 508 3504 
12887 4268 8024 8590 
12888 4388 3464 5282 
12889 3118 3410 3510 
12890 511 446 8619 
12891 3673 3671 8487 
12892 6096 6097 8623 
12893 5484 1364 9272 
12894 5779 5187 5984 
12895 3393 6949 8698 
12896 2700 2699 2701 
12897 5667 4539 7155 
12898 3227 3571 3573 
12899 8997 7160 9740 
12900 543 545 1732 
12901 547 1552 3081 
12902 2480 2479 3430 
12903 7102 5664 9466 
12904 6212 8922 9622 
12905 783 1115 8817 
12906 3636 785 8817 
12907 8744 2787 10642 
12908 5358 6500 8827 
12909 4485 5913 5914 
12910 847 848 849 
12911 3020 2644 3861 
12912 7452 2331 8835 
12913 277 6704 6945 
12914 6243 4488 6529 
12915 6282 6936 10309 
12916 8170 2231 8810 
12917 7339 7304 8494 
12918 56 309 7172 
12919 7519 7518 8493 
12920 9403 5200 10500 
12921 5127 5125 8822 
12922 4116 4118 8385 
12923 3027 3029 3444 
12924 4118 4668 5762 
12925 3700 3701 3702 
12926 6159 6127 10325 
12927 10495 6387 10497 
12928 3543 3545 3547 
12929 6199 6200 10104 
12930 6663 10233 10295 
12931 1063 1295 7210 
12932 6387 5954 10497 
12933 6999 6996 8496 
12934 384 7023 9536 
12935 1530 1529 1531 
12936 501 505 8727 
12937 4438 5802 5900 
12938 109 110 9344 
12939 8284 7443 8415 
12940 1040 1037 1044 
12941 3228 3226 8591 
12942 5896 4841 9375 
12943 1542 1531 1543 
12944 1573 1543 1574 
12945 5953 10207 10349 
12946 3031 3519 5750 
12947 5788 4148 9259 
12948 7450 7452 8835 
12949 9032 9033 9585 
12950 4450 4451 9746 
12951 4862 6266 8749 
12952 766 9729 10217 
12953 9097 9062 9687 
12954 545 547 8731 
12955 8461 8462 8864 
12956 5982 5639 6385 
12957 8272 4401 9052 
12958 6214 5459 6215 
12959 1528 1526 1529 
12960 772 1470 2519 
12961 9323 6834 10471 
12962 3185 6613 9771 
12963 1005 1007 3201 
12964 1009 1011 1021 
12965 5086 5088 5089 
12966 1015 1472 2154 
12967 1970 1972 3212 
12968 5654 5655 8562 
12969 1974 1976 2443 
12970 6650 3803 10184 
12971 4415 3952 5312 
12972 3809 3922 5323 
12973 541 543 8740 
12974 3317 3557 3558 
12975 2949 3316 3317 
12976 2628 2442 2629 
12977 6299 182 10217 
12978 2868 2629 2869 
12979 8082 3459 8534 
12980 3193 3192 3194 
12981 3274 2869 3275 
12982 3195 3194 3196 
12983 4379 6162 8541 
12984 3744 3196 3745 
12985 3173 3343 3344 
12986 4607 7262 7263 
12987 2819 8467 9271 
12988 3344 3980 3981 
12989 2072 2073 2075 
12990 2441 2303 2442 
12991 2213 2216 8535 
12992 3981 4520 5017 
12993 5343 5886 8226 
12994 3067 2836 4184 
12995 3190 3189 3192 
12996 1932 1934 1935 
12997 3882 3585 4696 
12998 4098 4097 4099 
12999 5409 8951 9300 
13000 1652 1651 1653 
13001 3063 3064 3173 
13002 4762 4760 8510 
13003 7522 4700 8511 
13004 8279 1347 10423 
13005 249 201 7244 
13006 998 996 8866 
13007 5012 6580 8771 
13008 3144 3112 3935 
13009 3507 4315 8759 
13010 5479 5478 5480 
13011 4230 7460 8514 
13012 6054 5675 9510 
13013 1166 1164 8515 
13014 9933 10299 10581 
13015 6517 6047 8683 
13016 5206 7048 8829 
13017 6076 6077 6078 
13018 6712 6711 9947 
13019 3871 3288 5455 
13020 2933 1276 8872 
13021 1271 1272 8872 
13022 5754 5753 9048 
13023 4131 4649 5238 
13024 3953 5078 8499 
13025 1389 1014 7136 
13026 3969 3970 3971 
13027 3857 7947 8518 
13028 3971 3972 4269 
13029 3029 3031 8750 
13030 2766 1299 8723 
13031 4255 9868 10208 
13032 9248 6260 9945 
13033 1949 1951 1954 
13034 4835 4834 4836 
13035 2904 3389 3390 
13036 1812 1800 1813 
13037 3967 3968 3969 
13038 2609 2794 8809 
13039 5491 7017 10049 
13040 2243 2427 2841 
13041 2838 3153 3579 
13042 4259 8466 8562 
13043 4396 3494 5819 
13044 4778 4787 8192 
13045 2688 2134 2893 
13046 4142 7288 9541 
13047 7149 7114 8573 
13048 3573 4292 4293 
13049 1808 1811 5451 
13050 6465 4297 9241 
13051 2496 2637 2882 
13052 1557 2250 2343 
13053 2341 2453 3105 
13054 1823 2018 2335 
13055 2578 2580 3588 
13056 3484 7760 8883 
13057 5767 4514 8522 
13058 4351 3800 4412 
13059 2294 2296 5202 
13060 2829 2831 3886 
13061 2833 2835 3542 
13062 2946 2948 2949 
13063 2298 2300 2301 
13064 3817 3820 4588 
13065 8497 5651 9829 
13066 2194 2196 3329 
13067 5194 7088 9214 
13068 6724 8524 9979 
13069 3554 3553 4294 
13070 950 952 4138 
13071 7802 3856 8890 
13072 954 956 975 
13073 5 133 9851 
13074 817 818 819 
13075 8029 8650 9083 
13076 7627 7952 8892 
13077 2344 8107 8585 
13078 7012 6371 7026 
13079 1985 1984 2292 
13080 1803 1802 1804 
13081 2293 2292 2518 
13082 5227 4024 8528 
13083 1805 1804 1806 
13084 6698 6699 10284 
13085 1807 1806 1809 
13086 6240 7145 8813 
13087 1520 1522 3272 
13088 282 6123 6785 
13089 1524 1527 4069 
13090 8403 7219 8654 
13091 5078 6306 7060 
13092 8 231 9590 
13093 3812 3811 3813 
13094 2950 2947 3264 
13095 1983 1982 1984 
13096 1390 1389 1802 
13097 3069 3068 3420 
13098 2062 2060 2063 
13099 1345 3638 8572 
13100 3392 3406 4522 
13101 4222 3798 5232 
13102 1503 1502 5679 
13103 3105 8180 8768 
13104 4647 8343 10031 
13105 830 828 8212 
13106 6557 6558 9386 
13107 2030 881 8203 
13108 6398 5139 9131 
13109 4959 5470 6028 
13110 747 7315 10480 
13111 1299 1297 8723 
13112 7192 2718 9355 
13113 3452 5033 8764 
13114 819 820 821 
13115 3756 3372 3798 
13116 881 879 8203 
13117 1943 1945 1946 
13118 3012 2929 3263 
13119 8079 5123 8907 
13120 7115 7112 8531 
13121 6833 1717 9146 
13122 3304 5190 9275 
13123 3402 504 7027 
13124 2433 2431 2434 
13125 6587 6588 9681 
13126 2928 3011 3966 
13127 6922 2616 9529 
13128 3502 3500 5303 
13129 4421 4252 5998 
13130 5153 6429 8910 
13131 3391 8208 8666 
13132 2573 2644 2645 
13133 877 1117 6110 
13134 2669 3758 8662 
13135 929 927 1414 
13136 933 931 3108 
13137 937 935 940 
13138 6986 7171 9998 
13139 1591 729 1799 
13140 7112 8322 8531 
13141 552 551 553 
13142 1052 1050 3418 
13143 5033 4584 5034 
13144 4346 4598 5618 
13145 554 553 555 
13146 1617 1615 1618 
13147 1056 1054 2237 
13148 1062 1060 1563 
13149 1068 1066 1088 
13150 3278 4350 5463 
13151 7243 8162 8788 
13152 556 555 557 
13153 2866 3835 8709 
13154 6797 2079 7056 
13155 3279 6927 9263 
13156 558 557 559 
13157 4479 3375 8416 
13158 1042 1046 1048 
13159 1534 1734 2305 
13160 560 559 561 
13161 10301 6122 10649 
13162 3826 4273 5121 
13163 5237 4456 6030 
13164 1070 1072 8431 
13165 1072 1074 1355 
13166 550 549 551 
13167 1080 1082 2009 
13168 5238 6390 8984 
13169 1084 1086 8434 
13170 1086 1399 2256 
13171 3363 3360 3364 
13172 562 561 563 
13173 4304 3367 4508 
13174 2958 809 8667 
13175 2250 2341 8767 
13176 6627 6626 6630 
13177 2702 2701 2703 
13178 564 563 565 
13179 4268 8590 8680 
13180 3021 3399 3992 
13181 566 565 567 
13182 3539 4055 5050 
13183 568 567 569 
13184 1474 1480 8537 
13185 7612 6232 10124 
13186 8224 6815 9841 
13187 3834 830 8212 
13188 570 569 571 
13189 4783 4782 4784 
13190 572 571 573 
13191 2714 2719 3093 
13192 1365 1367 5327 
13193 5204 7932 8923 
13194 1369 1371 1374 
13195 574 573 575 
13196 4615 4426 6791 
13197 72 73 8520 
13198 7196 2375 8989 
13199 6788 321 9822 
13200 576 575 577 
13201 578 577 579 
13202 5933 6045 9656 
13203 4298 3375 4479 
13204 4289 3775 8925 
13205 4166 4165 8926 
13206 5644 8444 8593 
13207 2455 2238 8613 
13208 4347 4345 4348 
13209 5105 4152 8928 
13210 889 892 8929 
13211 5301 5996 6252 
13212 8493 7518 8590 
13213 7526 7856 8716 
13214 8562 5655 8632 
13215 5178 5445 6046 
13216 8465 8091 8607 
13217 244 6853 10535 
13218 5006 4005 5043 
13219 2210 2209 2211 
13220 733 7097 9522 
13221 7030 261 8596 
13222 3806 3809 8794 
13223 1955 1933 5351 
13224 6720 6721 10171 
13225 6025 5458 9090 
13226 8731 3081 9384 
13227 6756 6755 6757 
13228 2719 2721 8821 
13229 8790 8789 10658 
13230 2101 9254 9927 
13231 6534 6532 9906 
13232 7730 7729 9461 
13233 1558 8403 8654 
13234 728 730 4066 
13235 1287 1283 8946 
13236 1280 2933 8946 
13237 6480 9436 10094 
13238 1366 1364 5484 
13239 6980 6982 6983 
13240 6349 6410 6597 
13241 5457 5455 8549 
13242 2402 9135 9544 
13243 1370 1368 2152 
13244 4348 4345 8439 
13245 6679 6678 6680 
13246 900 899 901 
13247 5753 6566 9800 
13248 8335 6911 8456 
13249 5635 4148 5788 
13250 439 486 8949 
13251 9193 6285 10054 
13252 4413 5652 5653 
13253 3825 3823 3827 
13254 190 1851 8924 
13255 519 517 520 
13256 7206 2967 9426 
13257 3538 3398 4382 
13258 4576 3540 5711 
13259 5159 6649 9232 
13260 1324 1320 8282 
13261 6117 4697 6824 
13262 5354 3725 9093 
13263 8164 1941 9318 
13264 4139 4980 6363 
13265 3116 7209 9768 
13266 3300 3154 3353 
13267 3362 3366 4317 
13268 4303 6197 6198 
13269 5622 4599 6150 
13270 8285 2048 9444 
13271 1400 1087 3266 
13272 1083 1081 3111 
13273 1079 1075 1532 
13274 1071 1047 1401 
13275 4338 3855 5565 
13276 5395 5387 9326 
13277 7068 7066 8355 
13278 1733 1533 2582 
13279 5937 5625 5939 
13280 4549 3936 5187 
13281 2875 2874 3548 
13282 4562 4162 9999 
13283 1051 1053 2451 
13284 1067 1069 3113 
13285 1063 1065 1295 
13286 1057 1059 2583 
13287 498 497 502 
13288 4433 4432 5648 
13289 7581 7582 8557 
13290 926 928 3217 
13291 936 938 1356 
13292 934 936 7195 
13293 930 932 1020 
13294 9254 8843 9927 
13295 2819 3262 8467 
13296 3503 4253 4254 
13297 3262 3501 4156 
13298 10329 3719 10542 
13299 1669 8945 9177 
13300 1715 1711 8631 
13301 6704 6195 6705 
13302 2400 840 8713 
13303 5523 5525 9201 
13304 4093 4102 4244 
13305 935 933 8799 
13306 2292 1984 9516 
13307 9521 6615 10089 
13308 1036 1037 1039 
13309 2042 8813 9807 
13310 4244 4369 5781 
13311 2721 2723 3837 
13312 7497 4259 8562 
13313 5111 6109 6122 
13314 666 667 668 
13315 6208 10407 10466 
13316 6783 5206 9941 
13317 7225 8421 10358 
13318 4089 4090 4093 
13319 872 871 873 
13320 6527 6528 10651 
13321 2058 2056 2059 
13322 1082 1084 8802 
13323 5361 4951 8978 
13324 4948 4949 8978 
13325 7702 8305 8495 
13326 5241 5616 8519 
13327 5658 8199 8548 
13328 8558 5721 8906 
13329 2853 2849 2854 
13330 2895 2879 2896 
13331 1073 1071 8806 
13332 1525 1523 1526 
13333 921 919 8565 
13334 1521 1519 3511 
13335 2267 2269 2270 
13336 8758 7192 9087 
13337 3069 3420 8416 
13338 471 472 8656 
13339 123 4 9799 
13340 1778 1781 8983 
13341 4227 9915 10134 
13342 951 949 3232 
13343 1374 6926 8598 
13344 3816 3814 3819 
13345 5911 6902 9600 
13346 6834 6833 10471 
13347 3090 2859 3842 
13348 955 953 2185 
13349 7066 5059 8355 
13350 3951 8499 9268 
13351 1329 6756 8798 
13352 3273 2316 8625 
13353 705 703 8612 
13354 3036 2764 3037 
13355 9823 7415 10022 
13356 5397 6402 8571 
13357 3943 3942 5092 
13358 7424 7423 9261 
13359 6964 6965 10531 
13360 3821 3818 3822 
13361 5062 5444 8653 
13362 5240 9103 9218 
13363 2297 2295 3449 
13364 2302 2299 2303 
13365 7108 5121 9711 
13366 2834 2832 2836 
13367 4257 4622 5904 
13368 2495 2360 3142 
13369 3188 2581 3189 
13370 1822 1810 8470 
13371 2579 2454 3541 
13372 2017 1822 4631 
13373 2249 1505 2646 
13374 2342 2316 3273 
13375 1801 1814 3063 
13376 2654 2636 3585 
13377 2074 2068 8801 
13378 3635 6823 10211 
13379 366 368 9002 
13380 2677 2244 3112 
13381 2118 2085 8838 
13382 1862 1797 8298 
13383 445 450 9001 
13384 8541 6162 8542 
13385 6029 5738 9840 
13386 822 3289 3967 
13387 1952 1950 2028 
13388 3904 5230 5832 
13389 6596 9652 10197 
13390 5571 5545 9004 
13391 24 290 8782 
13392 3559 3285 4470 
13393 9050 9319 9932 
13394 1435 2377 8606 
13395 5531 7286 9844 
13396 6823 3635 10452 
13397 4151 8269 8526 
13398 4435 6027 7274 
13399 8952 5829 9793 
13400 1339 7615 8577 
13401 8110 6530 8111 
13402 2088 2084 6797 
13403 6448 6449 10450 
13404 8424 8423 8427 
13405 1393 1334 1394 
13406 4243 3989 5499 
13407 9002 6241 10439 
13408 5194 5193 6302 
13409 5846 4454 5944 
13410 7436 5433 9020 
13411 5432 7619 9020 
13412 7945 4178 9021 
13413 207 208 9162 
13414 3683 3678 3684 
13415 7220 8396 10339 
13416 7168 4401 8272 
13417 4025 5228 5229 
13418 1368 1366 8818 
13419 3810 3808 3811 
13420 8948 6675 9714 
13421 2902 3270 9031 
13422 262 224 8317 
13423 3688 3684 3689 
13424 274 86 7099 
13425 2422 2459 2460 
13426 6015 8534 8682 
13427 3862 3689 3863 
13428 771 580 5175 
13429 3951 3953 8499 
13430 7478 7699 9037 
13431 3953 4687 5078 
13432 7906 4268 8680 
13433 3976 3863 4525 
13434 1971 1969 4986 
13435 3540 3538 8820 
13436 5799 7358 10013 
13437 1975 1973 1982 
13438 1006 1004 3225 
13439 1016 1014 1389 
13440 1014 1012 7136 
13441 8462 8799 10433 
13442 1010 1008 1023 
13443 4550 3509 4551 
13444 5655 7980 8632 
13445 4 124 9799 
13446 2352 7147 8588 
13447 1471 773 1502 
13448 5689 5687 9046 
13449 9167 3087 9408 
13450 3508 3255 3509 
13451 5948 6655 8553 
13452 1501 1569 8685 
13453 3371 3030 3372 
13454 3904 5832 9260 
13455 9437 7313 9703 
13456 269 22 8777 
13457 4439 3516 6322 
13458 1510 1509 1511 
13459 2019 1866 2020 
13460 6625 6624 6626 
13461 6544 4615 6545 
13462 3800 3265 8889 
13463 7518 7520 8590 
13464 4435 7274 9289 
13465 4582 4117 5957 
13466 8678 5233 9559 
13467 3699 3705 8792 
13468 6623 6622 6624 
13469 4921 5362 9069 
13470 7220 7770 10454 
13471 2855 2854 3461 
13472 7754 4714 9074 
13473 8996 8113 9900 
13474 2704 2703 2705 
13475 7006 7008 8748 
13476 2261 2263 2264 
13477 6777 5184 8609 
13478 2787 6735 10642 
13479 4100 4099 4101 
13480 4344 4343 4345 
13481 5250 5248 5251 
13482 548 546 549 
13483 544 542 2887 
13484 4256 5076 8593 
13485 6177 6178 6179 
13486 4611 5893 8552 
13487 1344 3552 9332 
13488 6179 6180 6181 
13489 6984 8656 9575 
13490 5125 4309 9087 
13491 2075 2076 2080 
13492 7855 4897 8595 
13493 6181 6182 6183 
13494 241 74 7256 
13495 6596 5783 9652 
13496 948 950 8895 
13497 3409 3117 4478 
13498 504 500 7027 
13499 507 504 3402 
13500 5391 5392 9083 
13501 6183 6184 6186 
13502 4025 5229 9118 
13503 6418 6419 9892 
13504 3806 3804 3807 
13505 6175 6176 6177 
13506 1742 6865 9853 
13507 2200 2199 2201 
13508 8981 5781 9486 
13509 3721 3703 4005 
13510 3237 3241 8308 
13511 2054 2052 2055 
13512 8513 5384 8571 
13513 7703 5058 8597 
13514 2159 2158 2160 
13515 3246 3567 8369 
13516 2161 2160 2162 
13517 1452 1448 8592 
13518 4787 5607 5776 
13519 7497 8562 8632 
13520 6044 7278 8915 
13521 3456 193 9068 
13522 194 253 9068 
13523 805 803 9095 
13524 5173 8447 8763 
13525 2157 2156 2158 
13526 4145 4144 5316 
13527 4372 3591 4373 
13528 3273 6827 6903 
13529 8947 5026 9281 
13530 5089 5242 5467 
13531 3999 3998 5325 
13532 8170 8810 9066 
13533 5141 6398 8638 
13534 4983 4065 6938 
13535 4160 3556 4430 
13536 2068 2066 2069 
13537 7730 3888 10369 
13538 3590 2840 3591 
13539 5867 5355 5869 
13540 1523 1521 8844 
13541 5390 5387 5395 
13542 5877 4510 6154 
13543 5240 4993 9103 
13544 10020 9632 10302 
13545 5242 6019 8887 
13546 275 9293 10293 
13547 6722 6719 8392 
13548 7307 6912 8708 
13549 7335 6264 9418 
13550 8532 3687 9125 
13551 5832 9632 10020 
13552 4295 4294 5196 
13553 8131 8163 9765 
13554 6960 245 9674 
13555 953 951 8850 
13556 3108 931 8714 
13557 5011 4316 5452 
13558 1493 9282 10096 
13559 1338 8614 9122 
13560 5506 4641 8180 
13561 9013 5745 10011 
13562 496 490 497 
13563 484 479 491 
13564 5482 6443 7180 
13565 6938 4065 9257 
13566 8118 5792 9700 
13567 378 5177 5178 
13568 6860 5444 10261 
13569 8824 5302 8825 
13570 3818 3816 8857 
13571 2196 2197 2198 
13572 3802 3176 3803 
13573 7461 5203 8605 
13574 5214 7419 9122 
13575 563 767 8581 
13576 5831 5344 6021 
13577 5613 4247 6052 
13578 9489 6508 9887 
13579 4453 5845 5847 
13580 7715 8319 8984 
13581 8091 8025 8607 
13582 4082 4088 4089 
13583 4078 4080 5966 
13584 5003 3455 8608 
13585 3360 3358 8908 
13586 6913 6765 6914 
13587 6809 6811 9228 
13588 8287 5360 9325 
13589 96 97 9867 
13590 6336 4406 6417 
13591 3742 3725 5354 
13592 9584 8996 9900 
13593 6485 1993 6610 
13594 1286 1287 9147 
13595 7688 8114 9151 
13596 1619 1618 1620 
13597 5117 8095 9156 
13598 5725 5724 5726 
13599 8478 2023 9533 
13600 8202 5036 8877 
13601 472 473 474 
13602 2795 2610 3260 
13603 3998 2733 7196 
13604 7856 4344 8674 
13605 7494 9402 9976 
13606 3507 2881 3942 
13607 2541 7297 9245 
13608 1001 1000 1002 
13609 5723 5722 5724 
13610 6542 7268 8753 
13611 5602 4261 8724 
13612 7275 667 8646 
13613 5102 6310 10039 
13614 2627 2626 3068 
13615 5190 6247 8911 
13616 3420 6703 8410 
13617 5134 5136 5137 
13618 1188 1186 8614 
13619 5987 5902 7107 
13620 6411 3376 10409 
13621 8632 7980 8721 
13622 8068 8724 9614 
13623 4345 4343 8439 
13624 6269 4336 8781 
13625 5919 7193 9453 
13626 5166 6499 7151 
13627 2181 3764 8264 
13628 3560 3852 5347 
13629 4370 7311 9383 
13630 8145 2619 10025 
13631 1654 1653 1655 
13632 7537 5708 10042 
13633 5226 4024 5227 
13634 5317 5316 6219 
13635 5808 4465 6318 
13636 7906 8680 8786 
13637 2801 2317 9416 
13638 2351 2352 2498 
13639 3025 8558 8906 
13640 2202 2201 2203 
13641 5873 4618 7154 
13642 1996 1997 1998 
13643 9930 6468 10087 
13644 5642 4976 8622 
13645 5874 6659 8930 
13646 3313 7556 9202 
13647 6476 5949 10260 
13648 828 826 1570 
13649 922 921 923 
13650 295 6961 6962 
13651 8180 3105 8769 
13652 2048 2046 2049 
13653 4103 4611 8552 
13654 2706 2705 2707 
13655 2070 2072 8616 
13656 1455 1454 1553 
13657 4611 5870 5893 
13658 9622 8922 9991 
13659 2083 2486 8936 
13660 1423 7524 9977 
13661 7188 5310 9053 
13662 627 630 8594 
13663 5781 5782 9486 
13664 1453 1452 1454 
13665 6083 9813 10155 
13666 8590 7520 8680 
13667 773 771 8880 
13668 4686 4683 5321 
13669 7217 7249 9756 
13670 7065 7064 10390 
13671 3989 3797 8934 
13672 5836 5192 9214 
13673 6615 5182 8733 
13674 1513 1511 2840 
13675 3250 2624 3255 
13676 7910 5285 8628 
13677 502 6580 10175 
13678 1130 1128 1330 
13679 4660 8591 8640 
13680 2234 8381 8547 
13681 8476 8082 8534 
13682 1855 1857 1858 
13683 1126 1124 3019 
13684 3791 7483 9228 
13685 5154 6809 9228 
13686 8467 8468 9869 
13687 3106 3308 3828 
13688 7451 7497 8632 
13689 2123 7259 9195 
13690 3677 3678 3679 
13691 4660 3228 8591 
13692 879 876 7352 
13693 6310 5101 6311 
13694 8033 8165 10033 
13695 6240 4459 7145 
13696 6318 4465 8546 
13697 4556 4557 7183 
13698 4709 7029 9661 
13699 8618 5119 9832 
13700 1456 1353 2156 
13701 1798 1598 8678 
13702 1296 1290 6832 
13703 2064 2063 3302 
13704 2435 2434 2436 
13705 7243 5143 10354 
13706 6053 5406 9207 
13707 104 3 9882 
13708 3551 2651 8969 
13709 890 887 8635 
13710 7153 3828 8717 
13711 4291 3880 5527 
13712 7380 7540 10426 
13713 375 362 6749 
13714 6172 6174 6175 
13715 565 8581 10615 
13716 5173 4987 8637 
13717 3388 3018 3413 
13718 899 897 1110 
13719 867 2541 9245 
13720 8084 865 9245 
13721 5453 5281 9338 
13722 4864 4841 5896 
13723 3117 507 8886 
13724 9440 2437 9942 
13725 5401 4695 7150 
13726 6824 4697 7296 
13727 2733 2375 7196 
13728 3387 2733 3998 
13729 5732 6382 8367 
13730 5830 5188 8560 
13731 1327 1118 9346 
13732 4537 5224 9465 
13733 2438 2436 2439 
13734 5686 8457 8610 
13735 1061 1063 7210 
13736 4027 3586 5201 
13737 2449 2439 2574 
13738 9674 6065 10037 
13739 6614 9670 9843 
13740 6594 5783 10648 
13741 598 600 8599 
13742 2575 2574 2822 
13743 2823 2822 3102 
13744 6772 8838 8839 
13745 3103 3102 3168 
13746 6496 2099 8261 
13747 3169 3168 3180 
13748 3341 3180 3342 
13749 4652 3342 5095 
13750 3506 9063 9399 
13751 450 443 9274 
13752 5963 5095 5964 
13753 1502 8880 9347 
13754 4193 4581 9004 
13755 2527 2291 8182 
13756 5160 7679 9279 
13757 4204 5746 9279 
13758 555 2319 8584 
13759 2942 7639 9660 
13760 3830 3752 3836 
13761 957 8896 9123 
13762 6921 7953 10276 
13763 591 594 8601 
13764 5201 3586 8190 
13765 8454 1073 8806 
13766 5554 5553 6444 
13767 8121 534 9621 
13768 7678 7649 8831 
13769 4468 4012 5797 
13770 5351 1933 7528 
13771 854 852 8270 
13772 503 7977 8650 
13773 1119 8296 9414 
13774 6200 8819 10104 
13775 3375 3069 8416 
13776 4232 3925 5794 
13777 5565 3855 8419 
13778 3959 5695 8836 
13779 5552 5551 5553 
13780 8803 6884 9958 
13781 5281 8217 8906 
13782 1505 1503 8932 
13783 293 88 9644 
13784 4319 5905 9295 
13785 5283 4320 9295 
13786 475 3231 8656 
13787 6945 6704 9138 
13788 5687 5686 8903 
13789 2860 3091 4011 
13790 3076 2527 8182 
13791 8455 7653 9471 
13792 9800 6566 10617 
13793 6523 5404 10577 
13794 4107 6507 8327 
13795 3263 2929 8563 
13796 1789 1558 8654 
13797 3079 2896 3080 
13798 1653 1651 10032 
13799 2897 2455 8613 
13800 7091 7089 8980 
13801 6818 1420 8746 
13802 6630 6626 8579 
13803 320 6789 9638 
13804 3362 4317 8977 
13805 7245 7244 8823 
13806 4032 4031 4682 
13807 8746 1420 9563 
13808 728 4066 8540 
13809 659 7 661 
13810 345 340 6766 
13811 6923 1840 10530 
13812 3906 6664 10295 
13813 4708 3282 5536 
13814 6636 5651 8497 
13815 5525 5524 5526 
13816 5716 5526 5717 
13817 2983 7859 9311 
13818 6803 5059 7066 
13819 5718 5717 6865 
13820 5523 4703 5524 
13821 6937 6925 10475 
13822 7980 3668 8721 
13823 5492 4580 5493 
13824 2893 6649 10106 
13825 8638 2793 8715 
13826 4104 4101 4105 
13827 3224 3222 10153 
13828 2290 2187 2311 
13829 5430 5428 5722 
13830 3828 3308 8717 
13831 2419 1793 2626 
13832 6773 3152 10402 
13833 4523 3746 4524 
13834 3627 3629 8660 
13835 5793 5114 7325 
13836 8444 4256 8593 
13837 5941 8476 8534 
13838 949 946 8938 
13839 6011 6802 10623 
13840 6802 5597 10623 
13841 4594 6007 8691 
13842 8277 7307 8708 
13843 6844 310 10479 
13844 4871 796 9321 
13845 798 1116 9321 
13846 4540 3526 5828 
13847 3389 3391 8666 
13848 4785 4784 4786 
13849 1110 7997 9666 
13850 9040 5665 9557 
13851 7309 2647 10447 
13852 2080 2081 2082 
13853 6 659 660 
13854 7861 5571 9325 
13855 6408 5705 9395 
13856 3456 9068 10209 
13857 4581 8287 9325 
13858 361 359 363 
13859 1848 1850 1852 
13860 5066 5065 6886 
13861 4299 7906 8786 
13862 7722 5064 8672 
13863 1455 1582 8902 
13864 357 355 379 
13865 6227 6125 6228 
13866 4821 4830 8749 
13867 6485 6610 10014 
13868 353 351 371 
13869 4501 9437 9518 
13870 845 844 846 
13871 5533 5532 5534 
13872 7543 2332 8986 
13873 1224 1222 9334 
13874 349 347 376 
13875 5534 5532 10043 
13876 5475 5476 5477 
13877 777 706 8677 
13878 1013 9390 9611 
13879 1450 1448 1452 
13880 1444 1442 3145 
13881 282 152 10649 
13882 1440 1438 1473 
13883 1436 1434 2883 
13884 3506 8759 9063 
13885 2850 2493 8795 
13886 7451 8632 8721 
13887 5933 4985 5934 
13888 135 136 8909 
13889 176 177 8676 
13890 8349 276 8350 
13891 8421 1058 9556 
13892 5790 5279 5791 
13893 7825 1426 9613 
13894 5080 4353 5566 
13895 2848 3156 8764 
13896 7520 7626 8680 
13897 7138 4033 9098 
13898 8144 1900 9117 
13899 998 8866 10199 
13900 2946 2945 2947 
13901 6322 3516 9014 
13902 2851 2497 3033 
13903 494 8440 9581 
13904 6917 5971 9119 
13905 16 17 9802 
13906 526 523 8244 
13907 3465 4389 4553 
13908 8429 5290 9978 
13909 4511 5879 8851 
13910 6112 8100 10652 
13911 5504 4288 5505 
13912 7183 7184 9881 
13913 4458 3881 6778 
13914 421 396 6925 
13915 7555 7553 10421 
13916 6361 5419 6362 
13917 3513 3512 9622 
13918 5665 5185 6777 
13919 3896 4354 4355 
13920 6704 6705 9138 
13921 4355 4457 6041 
13922 8100 4181 10652 
13923 7067 3418 9574 
13924 667 665 8646 
13925 2481 2592 3181 
13926 7014 549 8700 
13927 4702 3480 4703 
13928 3433 3895 3896 
13929 1640 1642 2011 
13930 1636 1638 3047 
13931 2013 6435 9121 
13932 77 266 10479 
13933 4667 7104 8371 
13934 5792 5560 9700 
13935 1647 1649 1650 
13936 5146 5145 5147 
13937 5682 5395 10047 
13938 517 515 518 
13939 1567 1566 1708 
13940 3572 3228 4660 
13941 2724 2722 2725 
13942 1709 1708 2012 
13943 4868 5073 9194 
13944 2013 2012 2309 
13945 5234 5841 8976 
13946 5809 4395 5810 
13947 2310 2309 2428 
13948 1565 1564 1566 
13949 4831 4822 4832 
13950 781 779 8688 
13951 5399 5371 8443 
13952 3438 4266 4267 
13953 1969 1965 8958 
13954 7813 5411 9354 
13955 5371 5369 5398 
13956 5467 5468 6245 
13957 4548 3760 9964 
13958 6679 6680 7290 
13959 263 7123 7124 
13960 3525 3224 3526 
13961 7357 7356 9348 
13962 2909 7365 9357 
13963 4870 7442 9357 
13964 7978 1978 9359 
13965 339 337 341 
13966 7049 5339 9140 
13967 4505 2110 5697 
13968 3223 3222 3224 
13969 978 891 8689 
13970 1201 1291 8798 
13971 1626 1620 1627 
13972 2498 2620 2785 
13973 6491 6492 10533 
13974 335 333 377 
13975 4375 3280 5551 
13976 2174 2348 2350 
13977 7322 4231 7323 
13978 4498 3597 4693 
13979 5252 5251 5253 
13980 6361 8323 10482 
13981 7863 5775 9500 
13982 1099 1096 9707 
13983 5866 4396 8824 
13984 4037 8579 9966 
13985 2639 2638 3246 
13986 5443 5955 9362 
13987 2270 2271 2272 
13988 2190 2020 2191 
13989 5137 5138 8780 
13990 815 814 816 
13991 2357 2356 2638 
13992 882 884 8695 
13993 323 278 324 
13994 7182 4556 7183 
13995 254 7130 7131 
13996 8607 8025 8810 
13997 2867 2866 8709 
13998 631 628 9382 
13999 5278 5277 5279 
14000 9254 2101 9752 
14001 10036 5032 10451 
14002 5333 5334 5853 
14003 1320 1331 8282 
14004 2383 2380 8766 
14005 6612 5227 10273 
14006 7553 10270 10421 
14007 5254 5253 5255 
14008 4628 6886 9753 
14009 4398 4450 4452 
14010 5052 5231 8698 
14011 5256 5255 5257 
14012 324 278 8705 
14013 6753 6752 10518 
14014 5258 5257 5259 
14015 2264 2265 2266 
14016 662 664 3146 
14017 5260 5259 5261 
14018 3327 4146 10494 
14019 5262 5261 5263 
14020 659 661 662 
14021 5264 5263 5265 
14022 8188 2662 9310 
14023 1603 1605 1606 
14024 5267 5265 5268 
14025 4190 2904 8408 
14026 871 868 8323 
14027 1844 1846 1847 
14028 5720 9574 9705 
14029 8437 2451 9829 
14030 5527 3880 9242 
14031 3270 3271 8701 
14032 8933 5879 9335 
14033 4553 4633 5009 
14034 419 402 10082 
14035 6222 7879 10493 
14036 1597 1599 2894 
14037 3761 3256 3762 
14038 3093 8891 10062 
14039 654 651 9367 
14040 7102 7103 9368 
14041 8043 2235 9368 
14042 3421 7231 10352 
14043 8447 7750 8763 
14044 9419 6503 10152 
14045 8505 4115 9149 
14046 521 520 522 
14047 4151 8526 8928 
14048 2820 2455 2897 
14049 4408 3958 4409 
14050 1555 1554 1564 
14051 8437 6249 10468 
14052 9586 6098 10001 
14053 6976 9583 9870 
14054 890 8635 8852 
14055 4949 8277 8708 
14056 4267 5541 5542 
14057 2319 6784 9410 
14058 3100 3443 4021 
14059 9237 6584 9934 
14060 5995 5300 8644 
14061 4396 5819 8824 
14062 6235 5306 7271 
14063 1404 1395 5532 
14064 3681 3679 3682 
14065 7402 7401 9373 
14066 6121 5405 10422 
14067 9484 4391 9996 
14068 3848 3147 5619 
14069 1549 1469 1550 
14070 8951 2468 9300 
14071 6364 4645 6365 
14072 7356 8222 9413 
14073 1468 1425 1469 
14074 2145 5166 8945 
14075 5561 4050 5562 
14076 3473 3471 3474 
14077 5356 4067 5357 
14078 4629 6003 8349 
14079 8414 5210 8837 
14080 2481 3181 9200 
14081 5676 4272 8739 
14082 5184 4502 5713 
14083 3491 3039 8388 
14084 3469 3291 8463 
14085 4092 4095 4096 
14086 3996 3432 3997 
14087 3845 8414 8837 
14088 7416 7418 9377 
14089 7870 7524 9377 
14090 3864 3292 3865 
14091 6911 7191 8758 
14092 1070 8431 8861 
14093 6204 5094 8718 
14094 3333 3331 3334 
14095 9206 4137 10218 
14096 3167 3166 3292 
14097 5792 8118 9481 
14098 3241 4255 8308 
14099 4465 4463 8546 
14100 7452 7451 8721 
14101 8660 7284 8961 
14102 6022 9980 10190 
14103 5210 5209 8837 
14104 1044 8195 8716 
14105 5789 4424 7226 
14106 5783 6594 10146 
14107 2732 3318 3433 
14108 902 901 903 
14109 421 6937 8342 
14110 1658 1655 1659 
14111 2870 3098 3218 
14112 4116 8385 8867 
14113 3777 3779 8725 
14114 6740 6743 9431 
14115 1507 1508 9388 
14116 3854 1681 9388 
14117 8178 8030 9376 
14118 4438 5900 8865 
14119 4393 3248 4395 
14120 10418 6406 10589 
14121 5979 5760 10169 
14122 1110 897 7997 
14123 4559 3941 4560 
14124 6470 6471 9479 
14125 8680 7626 8786 
14126 6385 5639 9737 
14127 7090 7089 7091 
14128 4691 4692 5510 
14129 3962 4240 4397 
14130 5227 8528 8529 
14131 1712 1568 7292 
14132 5511 5513 5514 
14133 4419 4420 4691 
14134 3872 3485 4010 
14135 4346 5618 8674 
14136 2710 2793 8980 
14137 3764 3768 8264 
14138 6021 5344 8226 
14139 8986 2332 9115 
14140 3291 3042 3517 
14141 2650 2767 3174 
14142 4656 6774 6775 
14143 5293 6050 9126 
14144 3130 3128 3222 
14145 4663 4661 4664 
14146 1839 1842 1843 
14147 8486 5393 9326 
14148 8099 9372 9898 
14149 5639 4358 9476 
14150 5138 5140 5787 
14151 5411 8245 9354 
14152 8492 2808 9031 
14153 505 3504 8727 
14154 4563 4105 4564 
14155 5142 5815 6103 
14156 2505 2339 2506 
14157 3036 3037 8521 
14158 2325 2327 8737 
14159 8345 242 9353 
14160 4402 4621 6043 
14161 2152 7080 10008 
14162 6816 7228 9304 
14163 6548 9506 9942 
14164 547 3081 8731 
14165 1412 1410 2356 
14166 1424 1411 1425 
14167 7856 8674 8716 
14168 4430 8225 8246 
14169 8963 8844 10520 
14170 5350 7079 9220 
14171 3003 8170 9066 
14172 3400 8336 9431 
14173 868 1707 8323 
14174 6659 2883 10346 
14175 2050 2049 2051 
14176 804 806 8742 
14177 7613 4573 9402 
14178 5312 3952 8870 
14179 7879 8247 10493 
14180 2274 2273 2275 
14181 543 1732 8740 
14182 3411 6598 6599 
14183 2082 2085 2116 
14184 3165 3131 3166 
14185 5246 5245 5247 
14186 2380 2314 2381 
14187 2092 2090 2421 
14188 4028 4027 8772 
14189 3321 3312 3891 
14190 1590 1593 1594 
14191 6354 1657 6355 
14192 5515 4056 5516 
14193 5181 3026 7258 
14194 5620 4603 5976 
14195 662 663 664 
14196 5881 5341 8183 
14197 2720 2715 3160 
14198 4315 6924 8759 
14199 281 6643 8909 
14200 1883 7186 9424 
14201 8442 3238 9329 
14202 1833 1835 1840 
14203 6231 7907 9412 
14204 4673 4392 5341 
14205 1797 3097 8298 
14206 1858 1859 2021 
14207 5337 4394 5338 
14208 6291 10231 10547 
14209 2753 2750 3060 
14210 6748 6639 8845 
14211 1932 1930 1933 
14212 3040 3038 8738 
14213 2242 1967 7265 
14214 4031 4028 8772 
14215 2748 2746 3062 
14216 3954 4063 4188 
14217 5670 7591 9659 
14218 874 873 875 
14219 3581 3550 3582 
14220 3111 1081 8875 
14221 4383 3482 4476 
14222 4009 4007 5183 
14223 3923 3924 4419 
14224 2007 2773 2774 
14225 3594 3023 3595 
14226 9385 375 9912 
14227 726 727 728 
14228 6951 3736 9899 
14229 5720 5060 6803 
14230 1326 1324 3252 
14231 1509 1418 9419 
14232 8650 5396 9083 
14233 4681 3944 5605 
14234 5297 7710 8756 
14235 8534 3459 8682 
14236 7425 7424 9261 
14237 5776 5607 8209 
14238 9958 6884 10600 
14239 3031 5750 8750 
14240 2021 2022 2258 
14241 2608 2811 8858 
14242 2858 5234 9508 
14243 8184 5683 9634 
14244 2729 2726 2730 
14245 2508 2308 2509 
14246 9656 6045 9667 
14247 295 229 6961 
14248 1799 729 8853 
14249 852 849 7329 
14250 9413 8222 9476 
14251 1584 1586 1794 
14252 4601 3315 5314 
14253 5536 3282 9233 
14254 9721 7107 10650 
14255 3915 3913 3916 
14256 1556 1551 5823 
14257 664 665 666 
14258 984 1108 9426 
14259 2967 986 9426 
14260 3124 3080 3125 
14261 3856 7759 8763 
14262 7733 1995 8358 
14263 5244 5195 5245 
14264 8893 3146 9864 
14265 2793 2712 8715 
14266 8490 9792 10568 
14267 2618 854 8270 
14268 762 7269 8663 
14269 1406 1405 1407 
14270 5828 9965 10561 
14271 6455 6136 9065 
14272 4364 5735 6064 
14273 8880 5175 9789 
14274 4694 4664 4695 
14275 8499 5078 8500 
14276 6913 5488 10529 
14277 1168 1202 9430 
14278 2976 1170 9430 
14279 5329 5328 9339 
14280 1949 1954 8874 
14281 7176 5208 7178 
14282 4039 3413 4040 
14283 8533 4467 9290 
14284 8214 2236 10601 
14285 6485 9370 10208 
14286 2650 3174 9190 
14287 4430 3556 8225 
14288 4429 4647 9458 
14289 1631 1627 1632 
14290 5326 5240 9218 
14291 3018 2551 8951 
14292 700 698 9433 
14293 3905 2821 4392 
14294 5276 5269 5610 
14295 6872 2716 9567 
14296 8018 253 10212 
14297 3297 2645 8814 
14298 7855 9156 9301 
14299 5646 4414 6350 
14300 2253 2543 2544 
14301 4224 4443 4444 
14302 2294 5202 9042 
14303 6328 6326 6329 
14304 1165 1285 9436 
14305 2989 1163 9436 
14306 1487 1416 2015 
14307 8522 7776 9727 
14308 7116 7113 8773 
14309 3175 4578 9408 
14310 4310 3466 8774 
14311 5445 6831 9994 
14312 5510 5511 8242 
14313 3892 3891 4136 
14314 276 99 6964 
14315 9267 6041 9746 
14316 5190 5001 6246 
14317 6482 6481 10083 
14318 4618 3836 5113 
14319 2402 6290 9135 
14320 4308 8456 8758 
14321 764 588 10448 
14322 4328 4136 4329 
14323 1719 1721 1727 
14324 682 6563 10631 
14325 5434 4329 5435 
14326 4528 4051 5462 
14327 6580 7027 10175 
14328 2794 3873 8809 
14329 2812 1942 7279 
14330 3021 3992 8814 
14331 5042 5041 5801 
14332 8973 1473 8974 
14333 278 93 8705 
14334 8336 6740 9431 
14335 6047 6046 8683 
14336 2607 2608 2609 
14337 2818 3186 3423 
14338 2343 8767 10194 
14339 8557 7785 9795 
14340 7105 5798 10136 
14341 2312 2311 2412 
14342 5902 5901 5903 
14343 7262 6165 10425 
14344 5030 7843 8961 
14345 2632 2648 2649 
14346 7626 7627 8786 
14347 3838 5918 8451 
14348 5047 4358 5048 
14349 1190 1338 9449 
14350 4697 4696 7296 
14351 5227 6612 10438 
14352 5415 5417 5422 
14353 4131 4130 4648 
14354 5962 9886 10345 
14355 8500 6834 9323 
14356 1864 1862 1867 
14357 3481 3046 3482 
14358 9044 8819 9671 
14359 4377 4376 5439 
14360 9497 6475 10193 
14361 1384 1373 3048 
14362 2341 3105 8767 
14363 2035 2034 2036 
14364 3911 3566 3912 
14365 2207 2209 2210 
14366 2037 2036 2038 
14367 2418 2412 2514 
14368 2039 2038 2040 
14369 2033 2032 2034 
14370 2041 2040 2043 
14371 2621 2514 2622 
14372 2044 2043 2045 
14373 5494 5493 5496 
14374 2796 2622 3077 
14375 1852 1853 1854 
14376 5134 5135 5136 
14377 2332 7732 9115 
14378 6786 9957 10216 
14379 307 8693 8823 
14380 4061 7142 8904 
14381 8162 314 8788 
14382 4572 5200 5745 
14383 893 890 8852 
14384 2785 3152 3161 
14385 291 102 6969 
14386 3809 5323 8794 
14387 8857 3819 9993 
14388 8167 3532 9502 
14389 2714 3093 8715 
14390 5698 4524 5699 
14391 4827 8510 9756 
14392 5984 5187 9013 
14393 1656 9421 10032 
14394 6634 6862 10337 
14395 1713 6833 6834 
14396 5902 5903 7107 
14397 2544 2686 3013 
14398 6404 7273 8834 
14399 1574 1576 1583 
14400 5501 5754 8703 
14401 3925 3522 9018 
14402 3898 3897 9454 
14403 1995 1996 8358 
14404 7729 7873 9461 
14405 9155 2827 9448 
14406 364 363 365 
14407 7771 7441 8805 
14408 7659 7658 9462 
14409 727 5035 8853 
14410 319 27 10229 
14411 6628 6622 10508 
14412 3286 3033 3287 
14413 8767 3105 8768 
14414 7284 7283 8961 
14415 8588 5541 9420 
14416 6881 8455 9471 
14417 5073 5072 5901 
14418 3022 526 8244 
14419 6026 9313 9709 
14420 3275 3454 3794 
14421 1346 1345 1353 
14422 2029 6906 10115 
14423 4459 4242 4460 
14424 5664 4175 9466 
14425 8603 5070 9160 
14426 5223 7488 8807 
14427 7064 7120 10390 
14428 242 83 6957 
14429 5331 5017 7309 
14430 8025 5122 8810 
14431 6281 5947 10373 
14432 4437 5979 5980 
14433 4860 4859 4861 
14434 8498 7308 9969 
14435 4867 4861 4868 
14436 6824 1295 9336 
14437 4858 4857 4859 
14438 8756 7627 8892 
14439 10238 3206 10367 
14440 4103 8552 8982 
14441 1818 1827 1829 
14442 9306 2077 10336 
14443 5822 7818 9469 
14444 740 365 741 
14445 2928 2927 2929 
14446 3441 3287 3442 
14447 145 146 9777 
14448 632 634 1402 
14449 327 325 7326 
14450 6147 8432 8433 
14451 742 741 743 
14452 3535 3442 3536 
14453 6260 6308 9945 
14454 744 743 745 
14455 7278 974 8915 
14456 3846 3536 3847 
14457 7767 8144 9471 
14458 747 745 748 
14459 4109 3847 4110 
14460 6157 4385 6164 
14461 5059 4269 8355 
14462 3132 2538 9545 
14463 8525 6029 9840 
14464 749 748 750 
14465 2457 1443 8699 
14466 625 627 629 
14467 5188 4110 5189 
14468 9265 3202 10163 
14469 752 750 753 
14470 5683 6120 9847 
14471 2031 1451 2032 
14472 754 753 755 
14473 6950 1799 9646 
14474 8529 8528 9857 
14475 756 755 757 
14476 621 623 3089 
14477 5474 5475 7197 
14478 1120 757 1121 
14479 1015 2154 9390 
14480 7281 2867 8849 
14481 1122 1121 1282 
14482 5232 6944 8916 
14483 5888 5505 6276 
14484 711 709 9482 
14485 6100 5155 8912 
14486 48 6958 9293 
14487 4835 4837 8209 
14488 615 617 738 
14489 1161 2989 9481 
14490 8118 1159 9481 
14491 785 783 8817 
14492 609 611 1391 
14493 2116 2117 2121 
14494 2951 6232 10374 
14495 8964 765 9227 
14496 604 607 8525 
14497 8689 891 8929 
14498 602 604 605 
14499 7136 1012 8899 
14500 2070 2069 2071 
14501 5161 5299 8755 
14502 3931 3930 4440 
14503 8713 8146 9453 
14504 4441 4440 5910 
14505 596 598 1392 
14506 3929 3928 3930 
14507 2163 1784 9497 
14508 5322 8287 9396 
14509 2103 9667 9752 
14510 4618 5113 7154 
14511 1295 7296 10399 
14512 4337 3303 5520 
14513 5780 5779 9837 
14514 940 935 8799 
14515 4843 4832 4846 
14516 4382 3398 9094 
14517 589 591 592 
14518 4835 4836 4837 
14519 3050 2730 3051 
14520 6030 4456 8894 
14521 6335 6336 9331 
14522 1318 1316 9540 
14523 6234 6233 10630 
14524 8966 4642 10244 
14525 2542 2756 2757 
14526 583 585 3024 
14527 3077 3487 8418 
14528 5315 5127 8822 
14529 391 422 7039 
14530 1980 7577 9485 
14531 4241 2420 4242 
14532 3799 341 3932 
14533 9467 1020 10129 
14534 9880 7053 10225 
14535 824 821 8153 
14536 879 7352 8203 
14537 7707 9069 9762 
14538 518 515 7727 
14539 1084 8434 8802 
14540 4856 4855 4857 
14541 5841 5544 5842 
14542 5286 7855 9301 
14543 5182 4693 6752 
14544 6123 9000 9118 
14545 385 483 7023 
14546 803 801 9494 
14547 4459 4460 7145 
14548 828 1570 8212 
14549 6217 4709 7270 
14550 1462 1461 1463 
14551 5757 8364 9962 
14552 1464 1463 1465 
14553 4609 4608 4610 
14554 4852 4845 4853 
14555 1460 1459 1461 
14556 1466 1465 1545 
14557 6956 4793 10436 
14558 5512 4692 9328 
14559 1546 1545 1743 
14560 653 7863 9500 
14561 652 650 9500 
14562 1744 1743 2186 
14563 7080 2152 10405 
14564 9357 5800 10013 
14565 4326 4112 4327 
14566 7449 7450 8835 
14567 6746 8067 9502 
14568 5114 3932 5298 
14569 6813 283 6814 
14570 1365 5327 8900 
14571 5155 4327 5156 
14572 2291 2191 8645 
14573 4111 3984 4112 
14574 5157 5156 5158 
14575 6900 3298 10545 
14576 3906 1870 10453 
14577 5947 5158 5948 
14578 3777 8725 8925 
14579 8490 3017 9792 
14580 3593 4367 9528 
14581 8595 5117 9156 
14582 4556 4409 4557 
14583 7096 5383 8992 
14584 5043 6023 6633 
14585 8456 6911 8758 
14586 2877 2875 8504 
14587 9412 5844 10283 
14588 2838 2681 2839 
14589 4793 6956 10359 
14590 2211 2213 2214 
14591 9336 3113 9984 
14592 1606 1607 1608 
14593 3927 3926 3928 
14594 1660 1632 1661 
14595 5400 4695 5401 
14596 5453 9338 9518 
14597 7249 7065 9937 
14598 6486 8570 8653 
14599 1111 1119 9414 
14600 9300 3116 10219 
14601 483 7109 9891 
14602 8635 885 10361 
14603 4624 3762 4625 
14604 1933 1930 7528 
14605 3523 3522 3524 
14606 9756 7249 9937 
14607 5188 5189 8560 
14608 8561 10026 10618 
14609 7268 8751 8753 
14610 9723 493 10215 
14611 8761 1398 9665 
14612 3738 3737 3739 
14613 3740 3739 3907 
14614 3449 2295 9070 
14615 3735 3734 3737 
14616 5180 6825 10240 
14617 4057 3907 4480 
14618 8614 7057 9122 
14619 2397 2631 3016 
14620 8930 8931 9562 
14621 8470 1810 9072 
14622 3335 3334 3336 
14623 1608 1609 1611 
14624 5528 5527 8401 
14625 688 733 9522 
14626 3204 690 9522 
14627 4021 4046 5425 
14628 5234 3520 5544 
14629 5138 5787 8780 
14630 5098 7272 8629 
14631 8609 3111 8875 
14632 2024 1730 2025 
14633 2340 2025 2363 
14634 4782 4780 8475 
14635 1458 1457 1459 
14636 4844 4842 4845 
14637 5462 4051 9198 
14638 9115 7732 9315 
14639 726 728 8540 
14640 8644 5300 9249 
14641 3475 3474 3476 
14642 6304 5193 8188 
14643 3155 3040 4431 
14644 892 894 9525 
14645 3978 3977 3984 
14646 1729 1512 1730 
14647 3422 3351 9527 
14648 6026 6025 10078 
14649 6916 4561 10441 
14650 5235 4560 5236 
14651 5551 3280 9217 
14652 3337 3336 3338 
14653 7323 4231 9216 
14654 3878 3338 3879 
14655 8529 9510 10273 
14656 636 8113 8996 
14657 2152 1368 8818 
14658 6652 6966 9640 
14659 5151 5152 9533 
14660 7067 2237 10645 
14661 4788 4786 4789 
14662 8613 2238 9017 
14663 2711 2709 8751 
14664 3828 7151 8536 
14665 7244 307 8823 
14666 5092 6148 7330 
14667 3013 3314 3796 
14668 5711 3540 8820 
14669 3374 4142 9541 
14670 3987 3988 10576 
14671 3831 3476 3832 
14672 5754 7267 8703 
14673 6077 8302 8574 
14674 5197 5196 8145 
14675 996 3216 8866 
14676 8799 3108 10433 
14677 6959 247 8966 
14678 7229 4551 9856 
14679 3521 3251 3522 
14680 9012 6534 9494 
14681 5080 5566 7266 
14682 737 10070 10249 
14683 6959 6196 10434 
14684 5767 8522 9872 
14685 2409 2479 2480 
14686 3733 3732 3734 
14687 2718 7022 9355 
14688 1276 1271 8872 
14689 3003 9066 9341 
14690 3729 3728 3730 
14691 1695 1692 9554 
14692 5939 8315 10400 
14693 8221 3845 8837 
14694 3368 7222 9773 
14695 1611 1612 1613 
14696 4790 4789 4791 
14697 2829 3886 9448 
14698 4792 4791 4793 
14699 4085 4086 4091 
14700 6167 6168 9610 
14701 4794 4793 4795 
14702 6144 6142 9488 
14703 331 329 342 
14704 4797 4795 4798 
14705 44 294 9938 
14706 4534 4536 4538 
14707 6782 4706 10281 
14708 4799 4798 4800 
14709 4801 4800 4802 
14710 2382 2381 2384 
14711 2528 2506 2780 
14712 4803 4802 4805 
14713 3183 7715 8984 
14714 6009 6712 9240 
14715 8568 5440 10017 
14716 4806 4805 4809 
14717 6033 6032 6034 
14718 5994 5516 6635 
14719 4811 4809 4813 
14720 5816 4635 6152 
14721 382 384 4418 
14722 2713 2711 2717 
14723 1018 10199 10243 
14724 5366 5365 5368 
14725 3462 4026 4356 
14726 6443 5483 9058 
14727 254 7131 9457 
14728 10135 5989 10416 
14729 2078 2083 8936 
14730 5364 5363 5365 
14731 665 1571 8646 
14732 2064 3302 9181 
14733 8217 3025 8906 
14734 5114 5298 7325 
14735 4862 5519 6266 
14736 6479 5559 9404 
14737 682 680 9576 
14738 683 2956 9576 
14739 5099 4331 5100 
14740 7058 6816 9304 
14741 6932 6933 9352 
14742 4530 4532 6504 
14743 2385 2384 2386 
14744 6800 6799 9330 
14745 3495 2780 3496 
14746 2387 2386 2388 
14747 1668 1667 1669 
14748 2423 2388 2424 
14749 3452 4584 5033 
14750 2545 2424 2546 
14751 2781 2546 2810 
14752 3685 3682 3686 
14753 2815 2810 3324 
14754 3325 3324 3956 
14755 5161 4040 5299 
14756 7449 8835 8917 
14757 1594 1595 1614 
14758 7947 7473 9552 
14759 6818 9532 10296 
14760 8216 4039 9075 
14761 1656 8242 9421 
14762 7760 4891 8883 
14763 3727 3726 3728 
14764 6302 5193 6304 
14765 3061 3060 3330 
14766 6304 8188 9310 
14767 3161 3843 3844 
14768 5511 5514 8242 
14769 1526 1523 8844 
14770 3390 4006 4007 
14771 2688 2893 8527 
14772 6947 2172 8615 
14773 3583 3582 3584 
14774 7311 4370 9991 
14775 6654 3518 10353 
14776 4083 4084 4085 
14777 292 6622 6623 
14778 2053 2054 9312 
14779 3917 3916 3918 
14780 8822 7192 9355 
14781 4054 3595 4546 
14782 2162 3122 8441 
14783 6263 9136 9201 
14784 1414 8423 8424 
14785 9425 6007 10280 
14786 2757 2758 3007 
14787 2243 2841 9509 
14788 5225 7802 8890 
14789 5036 5859 8877 
14790 1329 6755 6756 
14791 4578 3801 4635 
14792 4272 4075 5529 
14793 2774 2870 8295 
14794 6049 7730 10369 
14795 2156 1353 8572 
14796 8877 5859 10249 
14797 3085 3084 3087 
14798 4180 5634 9593 
14799 7336 7337 9365 
14800 7952 1499 8892 
14801 8934 7058 9304 
14802 3083 3082 3084 
14803 2185 953 8850 
14804 2867 8709 8849 
14805 3078 495 5363 
14806 4412 3800 8889 
14807 266 6844 10479 
14808 5616 5615 5785 
14809 3431 2484 3760 
14810 6349 4555 6410 
14811 2824 2509 3322 
14812 4424 3584 5032 
14813 3556 3008 8225 
14814 8711 3217 8712 
14815 2721 3837 8821 
14816 3919 3918 3920 
14817 7750 7543 8986 
14818 3921 3920 4249 
14819 6647 6648 9455 
14820 4250 4249 4324 
14821 6104 5765 6105 
14822 1650 1651 1652 
14823 4325 4324 4574 
14824 6258 6105 6259 
14825 5764 5763 5765 
14826 6268 6267 9981 
14827 4575 4574 5803 
14828 6260 6259 6308 
14829 7045 5876 9432 
14830 2929 2927 8563 
14831 6078 6077 6079 
14832 3822 3818 8857 
14833 5879 5878 5880 
14834 6461 6459 10076 
14835 523 522 524 
14836 2266 2267 8626 
14837 3702 3701 3703 
14838 4410 4360 6055 
14839 2642 2404 2643 
14840 2658 2657 2659 
14841 950 4138 8895 
14842 3939 2643 4407 
14843 3016 5517 9406 
14844 2403 2155 2404 
14845 2660 2659 3041 
14846 2656 2655 2657 
14847 5313 5950 5951 
14848 5868 6951 9669 
14849 8093 6573 9605 
14850 3723 3722 3724 
14851 2708 2709 2710 
14852 8438 1644 9178 
14853 2063 2060 8941 
14854 5550 8201 9818 
14855 5111 4522 6109 
14856 2494 2849 2853 
14857 3423 3424 4014 
14858 4444 4445 4539 
14859 8873 5946 10139 
14860 4013 4012 4468 
14861 258 6786 10216 
14862 5048 5639 5982 
14863 2016 2015 2313 
14864 3510 3410 4075 
14865 8296 6192 9414 
14866 7248 7245 8823 
14867 8320 4497 9496 
14868 8511 5508 9503 
14869 5422 5651 6636 
14870 3081 1552 3082 
14871 8464 4719 9990 
14872 662 661 663 
14873 2198 2199 2200 
14874 3796 4070 5040 
14875 3548 5065 5066 
14876 4977 3347 8903 
14877 297 7126 8755 
14878 5456 5457 6305 
14879 1727 3945 3946 
14880 2278 2408 2885 
14881 5285 6552 10079 
14882 6599 6598 6600 
14883 283 212 8186 
14884 9792 5847 10568 
14885 5762 4668 5763 
14886 7287 5075 9088 
14887 5123 6130 8907 
14888 8964 9227 9472 
14889 3568 3987 7290 
14890 2811 8278 8575 
14891 847 846 848 
14892 2645 2644 3020 
14893 9734 1487 10126 
14894 4126 4380 4569 
14895 5750 3519 8314 
14896 5560 6587 9700 
14897 3547 3545 3940 
14898 4096 4097 4098 
14899 1510 1511 1512 
14900 3026 2577 3027 
14901 2072 2071 2073 
14902 1553 2248 8620 
14903 1820 1821 1824 
14904 3463 3071 3515 
14905 2576 2336 2577 
14906 1816 1817 1820 
14907 1824 1825 1832 
14908 5075 2553 5921 
14909 1832 1833 8286 
14910 2519 1470 4360 
14911 2390 2389 2553 
14912 3439 3982 3983 
14913 5748 4632 6223 
14914 2154 1472 2155 
14915 2443 1976 2655 
14916 1194 1192 9629 
14917 2052 2051 8670 
14918 4415 5312 5313 
14919 3946 3947 3948 
14920 5323 3922 5324 
14921 1967 1965 1968 
14922 6884 6885 10600 
14923 1964 976 1965 
14924 3948 3949 3950 
14925 4726 4386 9393 
14926 6257 5153 8910 
14927 8497 1055 10431 
14928 2143 9369 10202 
14929 2466 2467 2468 
14930 523 524 8244 
14931 8377 1048 10292 
14932 3494 3125 8690 
14933 6606 274 6607 
14934 7576 5438 9641 
14935 943 903 944 
14936 4298 4479 5311 
14937 1665 1664 1675 
14938 4154 3760 4548 
14939 5477 5478 5479 
14940 1385 1427 9612 
14941 3794 3795 4161 
14942 7469 5691 9648 
14943 5690 6563 9648 
14944 9296 4068 9452 
14945 7315 763 10550 
14946 3871 5455 5456 
14947 3392 2731 3406 
14948 3364 3360 8908 
14949 7816 7449 8917 
14950 15 272 8859 
14951 4666 4525 8234 
14952 8343 6543 9770 
14953 5404 6523 10525 
14954 8389 5752 10015 
14955 8425 8741 8914 
14956 3861 2644 9806 
14957 3430 4144 4145 
14958 1091 1092 1093 
14959 371 7143 10335 
14960 1812 1813 1816 
14961 1502 773 8880 
14962 1089 1090 1091 
14963 1093 1094 1095 
14964 6311 5101 8869 
14965 2882 2637 3071 
14966 7591 7720 9659 
14967 8743 6330 9771 
14968 2335 2018 2336 
14969 1095 1096 1097 
14970 4161 4162 4561 
14971 5465 5464 5855 
14972 4388 5282 5749 
14973 3542 2835 3543 
14974 1097 1099 1100 
14975 2301 2300 2389 
14976 4561 4562 6242 
14977 1100 1101 1102 
14978 2826 2415 2827 
14979 4588 3820 4632 
14980 9705 9574 10154 
14981 1102 1103 1104 
14982 7619 7618 9662 
14983 2414 2257 2415 
14984 4645 3997 8776 
14985 4509 5969 5971 
14986 4236 5306 6235 
14987 1039 1037 1040 
14988 1104 1105 1106 
14989 1958 6732 10449 
14990 5311 5617 8253 
14991 1106 1111 1112 
14992 945 944 946 
14993 4787 5776 5777 
14994 6559 5051 6560 
14995 975 956 976 
14996 3573 3571 4292 
14997 947 946 948 
14998 325 324 378 
14999 4318 7678 8831 
15000 1378 1377 1379 
15001 7473 3791 9686 
15002 1376 1375 1377 
15003 1380 1379 1381 
15004 5297 8892 8972 
15005 1385 1381 1386 
15006 7932 4932 8923 
15007 1829 1830 1831 
15008 4069 1527 4155 
15009 1427 1386 1428 
15010 1515 1428 1516 
15011 5383 6978 8992 
15012 7186 6744 9424 
15013 8810 5122 9066 
15014 267 7335 9418 
15015 3054 9464 10161 
15016 876 875 877 
15017 1613 1615 1617 
15018 8741 941 8914 
15019 5301 6252 9505 
15020 47 48 9293 
15021 8302 3297 8574 
15022 1854 1855 8722 
15023 8892 1499 8972 
15024 5781 4369 5782 
15025 2694 2693 9173 
15026 1672 1674 2304 
15027 9557 6777 10553 
15028 2011 1642 8438 
15029 3775 3777 8925 
15030 4177 4166 8926 
15031 2888 2890 9689 
15032 6390 5239 6768 
15033 189 190 8924 
15034 1937 1936 1938 
15035 1831 2146 2164 
15036 1946 1945 1947 
15037 1939 1938 1940 
15038 1942 1940 1943 
15039 8854 491 9134 
15040 7236 1397 8953 
15041 6154 4510 9154 
15042 2164 2189 2447 
15043 4152 4151 8928 
15044 5637 5325 8241 
15045 259 169 9664 
15046 891 889 8929 
15047 2447 2448 2817 
15048 181 3975 7312 
15049 2950 3264 3265 
15050 5328 5197 8145 
15051 1998 2181 8942 
15052 1068 1088 1089 
15053 4478 3117 8886 
15054 1591 1799 1800 
15055 5463 4350 5464 
15056 3012 3263 4236 
15057 6572 8060 9530 
15058 2305 1734 2306 
15059 4642 5507 10244 
15060 2256 1399 2257 
15061 6929 2029 10002 
15062 4304 4508 4509 
15063 2486 3858 8936 
15064 3356 3357 3358 
15065 6625 6626 6627 
15066 5303 3500 9594 
15067 7855 8595 9156 
15068 3354 3355 3356 
15069 5050 4055 5051 
15070 5412 5413 5414 
15071 3359 8977 9258 
15072 4561 6916 10375 
15073 1296 6832 10165 
15074 5238 4649 5239 
15075 1935 1934 1936 
15076 4146 3328 4147 
15077 3327 3114 3328 
15078 1360 1359 1361 
15079 1374 1371 1375 
15080 1358 1357 1359 
15081 1362 1361 1363 
15082 2187 2186 8757 
15083 4272 5529 8739 
15084 6489 8594 8775 
15085 3744 3745 4484 
15086 7083 7196 8989 
15087 9348 7356 9413 
15088 5634 8522 9727 
15089 817 816 818 
15090 5488 6913 10088 
15091 8310 6880 9117 
15092 2471 2469 3107 
15093 4979 8200 9480 
15094 4431 3040 8738 
15095 4344 4345 4346 
15096 7209 4646 9768 
15097 4308 8758 9087 
15098 9390 5984 9611 
15099 1676 2003 2004 
15100 3514 4017 4018 
15101 929 1414 8714 
15102 3347 3141 9398 
15103 5084 4637 6212 
15104 4091 4092 8816 
15105 5452 4316 8954 
15106 2276 2275 2277 
15107 8930 6659 8931 
15108 321 8841 9822 
15109 302 80 7047 
15110 3844 4432 4433 
15111 10379 7315 10550 
15112 1530 1531 1542 
15113 1528 1529 1530 
15114 1542 1543 1573 
15115 5810 5812 5813 
15116 1573 1574 8330 
15117 4424 5032 7226 
15118 1283 1280 8946 
15119 8278 5146 8575 
15120 3007 3008 3556 
15121 1954 1951 8828 
15122 1557 2343 9691 
15123 5251 5248 8943 
15124 4576 5711 6696 
15125 1955 5351 5352 
15126 849 848 850 
15127 5939 5625 10342 
15128 5622 6150 6151 
15129 1670 1669 1671 
15130 1400 3266 3267 
15131 3300 3353 3354 
15132 3317 3316 3557 
15133 3558 3557 4413 
15134 7151 6499 8536 
15135 1733 2582 5412 
15136 8831 7648 10387 
15137 2841 2427 8832 
15138 2628 2629 2868 
15139 2441 2442 2628 
15140 2868 2869 3274 
15141 5150 7237 8483 
15142 3067 4184 4185 
15143 3193 3194 3195 
15144 3113 1069 3114 
15145 3190 3192 3193 
15146 3195 3196 3744 
15147 3882 4696 4697 
15148 3344 3343 3980 
15149 1356 938 1357 
15150 3173 3064 3343 
15151 7178 9327 9483 
15152 3981 3980 4520 
15153 441 439 8949 
15154 4549 5187 5779 
15155 1001 1002 1003 
15156 2956 685 9725 
15157 2949 2948 3316 
15158 5017 4520 5019 
15159 3058 5804 9727 
15160 5472 7662 9872 
15161 3144 3935 3936 
15162 873 871 4062 
15163 4395 3248 8369 
15164 7138 5500 8400 
15165 3567 7290 10028 
15166 8131 5641 9729 
15167 3588 2580 8840 
15168 3514 3513 4016 
15169 8327 5801 9618 
15170 2422 2421 2459 
15171 8510 7217 9756 
15172 3321 8937 9854 
15173 5531 4548 5743 
15174 6590 4869 10357 
15175 5054 8308 9370 
15176 3971 3970 3972 
15177 5483 6656 9009 
15178 3969 3968 3970 
15179 4269 3972 4271 
15180 5344 5343 8226 
15181 4353 3686 8836 
15182 4726 9393 9439 
15183 2690 2688 8527 
15184 7816 8917 8994 
15185 3983 5343 5344 
15186 1627 1620 10314 
15187 1525 1526 1528 
15188 6742 6739 9124 
15189 1529 1526 8963 
15190 4714 7560 9741 
15191 2462 2460 8368 
15192 3042 3041 8848 
15193 3485 3322 8851 
15194 2870 3218 8295 
15195 8805 7441 9163 
15196 8883 4891 9074 
15197 2272 2273 2274 
15198 3821 3822 3823 
15199 8402 2192 10005 
15200 2368 908 9747 
15201 7343 286 9561 
15202 2302 2303 2441 
15203 1985 2292 2293 
15204 3812 3813 3814 
15205 1803 1804 1805 
15206 2834 2836 3067 
15207 1983 1984 1985 
15208 1390 1802 1803 
15209 3188 3189 3190 
15210 1805 1806 1807 
15211 2654 3585 3882 
15212 5619 3147 9182 
15213 6822 8557 9795 
15214 3063 1814 3064 
15215 6789 306 9679 
15216 4056 3515 8865 
15217 2314 2313 8867 
15218 2942 9660 9943 
15219 2677 3112 3144 
15220 4222 5232 5233 
15221 3756 3798 4222 
15222 3950 3954 8870 
15223 819 818 820 
15224 1952 2028 2029 
15225 3817 4588 9748 
15226 8577 6537 9012 
15227 2646 1505 8932 
15228 4784 4782 4796 
15229 3315 1947 8874 
15230 821 820 822 
15231 3260 2610 8858 
15232 3967 3289 3968 
15233 472 474 475 
15234 2885 5522 5550 
15235 2894 1599 8477 
15236 1018 1000 10199 
15237 3232 949 8938 
15238 5620 5977 9477 
15239 8866 6080 10199 
15240 8210 7414 9823 
15241 8033 8022 9765 
15242 552 553 554 
15243 2218 2222 9428 
15244 550 551 552 
15245 554 555 556 
15246 2772 1327 10065 
15247 556 557 558 
15248 5171 5297 8972 
15249 2904 3390 8408 
15250 558 559 560 
15251 1676 1675 1992 
15252 3748 3750 9342 
15253 560 561 562 
15254 562 563 564 
15255 7166 3072 10260 
15256 564 565 566 
15257 1499 8042 8972 
15258 4489 3446 9773 
15259 3369 3368 9773 
15260 2075 2073 2076 
15261 566 567 568 
15262 4780 8192 8475 
15263 4787 5777 8192 
15264 568 569 570 
15265 4098 4099 4100 
15266 5808 6318 6727 
15267 6591 6899 9523 
15268 570 571 572 
15269 572 573 574 
15270 3810 3811 3812 
15271 5078 4687 6306 
15272 574 575 576 
15273 922 923 924 
15274 3913 3912 8324 
15275 1975 1982 1983 
15276 6321 6320 9950 
15277 576 577 578 
15278 1016 1389 1390 
15279 2468 2469 2470 
15280 3085 3087 9167 
15281 2861 6804 10151 
15282 3826 5121 9708 
15283 578 579 580 
15284 3026 3027 7258 
15285 2708 2707 2709 
15286 5987 7107 9721 
15287 1471 1502 1503 
15288 5212 5540 6113 
15289 1833 1840 8286 
15290 5541 5633 9420 
15291 3560 5347 8717 
15292 3371 3372 3756 
15293 2103 2105 9667 
15294 4953 5361 9787 
15295 6937 5354 9809 
15296 1667 2145 8945 
15297 1432 8931 10346 
15298 5483 9009 9058 
15299 5684 9167 9408 
15300 5756 5757 9212 
15301 4582 5957 5958 
15302 1967 1968 7265 
15303 1508 1510 10657 
15304 4951 4948 8978 
15305 5746 4205 9791 
15306 4207 4643 9791 
15307 9935 8345 10018 
15308 937 940 8855 
15309 4293 4292 4988 
15310 1122 1282 8603 
15311 5178 5177 5445 
15312 664 663 665 
15313 4458 6778 10526 
15314 2855 3461 3462 
15315 5832 5230 5833 
15316 3267 3838 8894 
15317 1062 1563 8856 
15318 1652 1653 1654 
15319 666 762 8663 
15320 548 549 550 
15321 7230 2900 10458 
15322 257 6770 10301 
15323 2168 6947 6948 
15324 2471 3107 9152 
15325 2797 6872 9760 
15326 2139 2141 2144 
15327 2572 3383 9806 
15328 7524 7523 9977 
15329 3145 1442 8973 
15330 3837 2723 8228 
15331 7606 5843 10120 
15332 7561 2942 9943 
15333 8644 3116 9768 
15334 1473 1438 8975 
15335 4476 5008 6226 
15336 5033 5034 6255 
15337 3806 3807 3808 
15338 689 760 9804 
15339 8923 4932 9069 
15340 5146 5147 5709 
15341 8381 2193 10394 
15342 5499 3989 8934 
15343 3721 4005 5006 
15344 1048 1046 8861 
15345 8101 3003 9341 
15346 4244 4102 4369 
15347 4323 3268 9812 
15348 4093 4090 4102 
15349 2049 2046 8950 
15350 5846 5944 5945 
15351 5605 3944 9176 
15352 4099 4097 9618 
15353 5423 9400 10344 
15354 4983 6938 7287 
15355 2432 2437 9440 
15356 5951 5950 8474 
15357 6623 6624 6625 
15358 1373 1363 8900 
15359 1780 1778 8983 
15360 1617 1618 1619 
15361 8116 1303 9820 
15362 7412 7415 9823 
15363 2429 8187 9363 
15364 9459 7166 10260 
15365 7827 8210 9823 
15366 9872 7662 10241 
15367 8424 8427 8428 
15368 9293 6152 10293 
15369 5229 5228 5985 
15370 1672 1671 1673 
15371 4294 3553 4296 
15372 5705 6698 9719 
15373 6924 4512 9917 
15374 698 696 9830 
15375 6521 10329 10542 
15376 8362 684 10279 
15377 6821 6823 10452 
15378 4643 9848 10080 
15379 8234 4612 10227 
15380 496 497 498 
15381 5823 1551 9164 
15382 4986 1969 8958 
15383 5152 8478 9533 
15384 1668 1670 5555 
15385 6774 8377 10292 
15386 3802 3803 3804 
15387 4625 5876 10585 
15388 4523 5698 9192 
15389 5137 8780 10143 
15390 4027 5201 5340 
15391 912 1076 9842 
15392 9536 8739 10333 
15393 5843 7606 10210 
15394 5174 7816 8994 
15395 3679 3678 3683 
15396 4089 4088 4090 
15397 6834 8500 9794 
15398 4339 4341 9848 
15399 5817 5308 8888 
15400 7699 4726 9439 
15401 1353 1345 8572 
15402 1301 2766 9820 
15403 4594 5543 6006 
15404 7174 5864 10055 
15405 8975 2883 10109 
15406 1996 1998 1999 
15407 2304 8640 9210 
15408 3704 3723 10574 
15409 9095 6534 9906 
15410 3742 5354 5355 
15411 8141 3182 10095 
15412 9006 5828 10561 
15413 6092 6091 9250 
15414 2437 6548 9942 
15415 6462 6463 10472 
15416 2003 1992 2351 
15417 4275 6736 10265 
15418 3683 3684 3688 
15419 2119 2124 2138 
15420 3507 3942 3943 
15421 447 445 9001 
15422 3688 3689 3862 
15423 2853 2854 2855 
15424 2108 2109 9821 
15425 3862 3863 3976 
15426 7222 5839 9783 
15427 3976 4525 4666 
15428 5332 5331 9213 
15429 3508 3509 4550 
15430 2551 2466 8951 
15431 10141 5259 10474 
15432 1838 1836 9474 
15433 7660 4876 9865 
15434 3523 3524 8600 
15435 5740 4547 9364 
15436 5545 7101 9004 
15437 8783 8304 10053 
15438 8286 6324 10081 
15439 4507 7318 9915 
15440 35 6959 10434 
15441 2946 2947 2948 
15442 2470 2471 2483 
15443 5610 5269 9187 
15444 4683 4682 8990 
15445 5703 5825 9876 
15446 6000 5160 10455 
15447 2486 2488 3858 
15448 8724 6551 9614 
15449 2172 2174 8615 
15450 6179 6178 6180 
15451 6177 6176 6178 
15452 6181 6180 6182 
15453 5831 6021 6022 
15454 2499 3312 3321 
15455 6183 6182 6184 
15456 7199 6239 10389 
15457 6186 6184 6190 
15458 3086 3257 9697 
15459 5532 1395 8812 
15460 6663 3150 9850 
15461 1942 1943 7279 
15462 5171 8972 9089 
15463 1079 1532 8875 
15464 2159 2160 2161 
15465 2157 2158 2159 
15466 7349 7350 9897 
15467 2161 2162 2346 
15468 5758 6849 9417 
15469 3999 5325 5637 
15470 3250 3255 3508 
15471 7467 7468 9896 
15472 3590 3591 4372 
15473 4372 4373 5671 
15474 8972 8042 9089 
15475 9810 6850 9846 
15476 844 842 8551 
15477 3875 6094 9908 
15478 6363 4980 8876 
15479 4017 4016 4417 
15480 6803 7067 9574 
15481 666 665 667 
15482 8666 8208 10366 
15483 6310 6311 6312 
15484 3750 7325 9342 
15485 876 877 7352 
15486 7732 7733 9315 
15487 4070 3314 4071 
15488 4227 3534 9915 
15489 3531 4507 9915 
15490 4254 4253 8878 
15491 9736 5440 9834 
15492 920 974 10605 
15493 5504 5888 9702 
15494 5433 5432 9020 
15495 5473 7945 9021 
15496 1794 1586 8503 
15497 3252 1324 8282 
15498 6175 6174 6176 
15499 4291 5527 5528 
15500 6289 5542 7147 
15501 1513 2840 3590 
15502 4864 5896 5897 
15503 2460 2459 2641 
15504 1456 2156 2157 
15505 6807 8400 9606 
15506 5640 7881 9925 
15507 5947 5948 8553 
15508 3387 3998 3999 
15509 1674 1673 1677 
15510 974 7277 10605 
15511 842 2400 8551 
15512 4100 4101 4104 
15513 812 2958 8559 
15514 4682 4031 4684 
15515 3037 3038 3039 
15516 3390 4007 4008 
15517 4453 5847 9501 
15518 2808 2902 9031 
15519 3525 4540 4594 
15520 4681 5952 6342 
15521 7914 6102 9940 
15522 2080 2076 2081 
15523 6360 8884 10612 
15524 2200 2201 2202 
15525 6339 8635 10361 
15526 4145 5316 5317 
15527 3047 10097 10456 
15528 7261 8464 9990 
15529 5723 5724 5725 
15530 2627 3068 3069 
15531 6850 9197 9846 
15532 5618 4598 8664 
15533 4232 5794 5942 
15534 2897 8613 8913 
15535 4595 7083 10552 
15536 5450 7478 9037 
15537 9068 8019 10209 
15538 5771 6210 9742 
15539 3842 2859 9728 
15540 4564 4608 4609 
15541 7332 7333 9561 
15542 7501 7502 10523 
15543 2725 2722 8985 
15544 2210 2211 8482 
15545 5083 5626 9043 
15546 8304 1391 10053 
15547 1278 8279 10256 
15548 5782 4369 5783 
15549 2278 2277 2279 
15550 5894 5689 9046 
15551 5866 8824 8825 
15552 1574 1583 8330 
15553 2202 2203 2227 
15554 8622 5630 9961 
15555 3033 2497 8956 
15556 4708 5536 6024 
15557 8542 6162 8841 
15558 6261 9721 10650 
15559 2483 2484 2788 
15560 7727 3070 8952 
15561 2237 1054 10645 
15562 9103 7393 9218 
15563 9083 5392 9376 
15564 1455 1553 1581 
15565 1453 1454 1455 
15566 5174 8994 9103 
15567 6732 4989 10449 
15568 5430 5722 5723 
15569 2419 2626 2627 
15570 814 812 8559 
15571 656 1423 9977 
15572 8326 2368 9747 
15573 472 475 8656 
15574 7106 5053 10574 
15575 3424 3479 9904 
15576 3136 3138 9911 
15577 955 2185 8885 
15578 3831 3832 8634 
15579 266 78 7119 
15580 1124 1122 8603 
15581 2701 2699 2743 
15582 4464 4465 5807 
15583 4720 4723 9990 
15584 3548 5066 5067 
15585 7265 1968 8379 
15586 5546 3352 9992 
15587 8876 2830 10330 
15588 849 850 7329 
15589 1848 1852 8967 
15590 1619 1620 1626 
15591 3744 4484 4485 
15592 5017 5019 7309 
15593 2896 2879 4023 
15594 5775 5772 9739 
15595 2276 7105 9776 
15596 1346 1353 1354 
15597 8156 4614 8784 
15598 1149 1151 9523 
15599 5225 8986 9115 
15600 250 188 9960 
15601 2649 3437 8969 
15602 8398 4636 10188 
15603 5137 5136 5138 
15604 6535 6538 10476 
15605 5208 3523 8600 
15606 5122 7974 9066 
15607 3729 3730 8639 
15608 5334 9288 10302 
15609 7822 7825 10470 
15610 7142 7143 8904 
15611 1450 1452 1453 
15612 1932 1933 1934 
15613 4932 4921 9069 
15614 1659 1667 1668 
15615 193 194 9068 
15616 728 727 729 
15617 4891 7754 9074 
15618 8855 6199 10104 
15619 4269 4271 8355 
15620 5103 4417 5104 
15621 8477 1601 8686 
15622 7733 8358 8359 
15623 4642 5506 5507 
15624 9387 4464 9965 
15625 6314 6313 9843 
15626 5473 9021 9106 
15627 3943 5092 8954 
15628 5554 6444 6685 
15629 5552 5553 5554 
15630 4013 4468 5195 
15631 1654 1655 1658 
15632 110 268 9344 
15633 2166 1677 2167 
15634 5507 6017 6194 
15635 41 6960 8808 
15636 5708 4281 10042 
15637 5055 4071 5333 
15638 447 10076 10472 
15639 8050 7471 10051 
15640 1867 1862 8298 
15641 926 3217 9951 
15642 6850 4596 9197 
15643 1128 1126 8621 
15644 5098 8629 8630 
15645 3892 4328 5172 
15646 5834 4597 9673 
15647 7123 2825 9761 
15648 1394 1334 1395 
15649 5396 5391 9083 
15650 7673 3636 10057 
15651 5371 5398 8443 
15652 1631 1660 1662 
15653 1692 1690 10058 
15654 6588 6589 10046 
15655 9847 6120 10137 
15656 1080 2009 10355 
15657 2875 3548 8504 
15658 4309 4308 9087 
15659 5366 5368 8647 
15660 5410 5171 9089 
15661 369 367 9385 
15662 4375 5551 5552 
15663 4553 4389 4633 
15664 8316 2165 9774 
15665 2788 3431 3432 
15666 7696 8511 9503 
15667 8042 3708 9089 
15668 8062 6016 10587 
15669 3302 3303 3304 
15670 4409 3958 8960 
15671 8755 7126 9045 
15672 846 844 5632 
15673 166 4307 10048 
15674 314 165 10048 
15675 4267 4266 5541 
15676 5870 5871 8289 
15677 3572 4660 4661 
15678 5533 5534 6762 
15679 5791 6124 6125 
15680 8884 6360 10413 
15681 2717 2711 8751 
15682 1774 7280 10515 
15683 3495 3496 8651 
15684 2117 2085 2118 
15685 2466 2464 2467 
15686 9251 6281 10373 
15687 3039 3040 3151 
15688 3230 3850 10101 
15689 4131 4648 4649 
15690 821 822 8153 
15691 5467 6245 9100 
15692 2762 2121 4044 
15693 5209 7918 9343 
15694 852 7329 8270 
15695 3481 4383 4384 
15696 6907 3893 10007 
15697 7189 5295 10214 
15698 8125 8124 10077 
15699 300 8509 10558 
15700 7283 1537 9129 
15701 5673 5453 9518 
15702 5166 7152 8945 
15703 5470 4957 9920 
15704 4485 4484 5912 
15705 958 805 9095 
15706 4104 4105 4563 
15707 7182 8599 8785 
15708 2724 2725 2726 
15709 4866 6751 10296 
15710 1567 1709 8830 
15711 7152 7151 7153 
15712 9186 319 10229 
15713 4355 4354 4457 
15714 3896 3895 4354 
15715 7313 7312 9703 
15716 6041 4457 6042 
15717 1010 1023 8899 
15718 2428 2590 2779 
15719 3792 4298 4679 
15720 3160 9800 10617 
15721 3334 3331 8962 
15722 5855 9444 9928 
15723 1404 5532 5533 
15724 5843 4964 10120 
15725 8503 1588 9161 
15726 441 8949 9274 
15727 5809 5810 8502 
15728 2082 2081 2085 
15729 8391 3231 8793 
15730 9135 5911 9229 
15731 6607 274 7099 
15732 4560 3941 8957 
15733 2397 2167 2398 
15734 2686 2543 3207 
15735 5648 7028 9870 
15736 3723 7106 10574 
15737 2710 2711 2712 
15738 6623 6625 6629 
15739 4978 6112 10652 
15740 5736 4365 8627 
15741 3525 3526 4540 
15742 8656 3231 9575 
15743 3223 3224 3525 
15744 5138 5136 5139 
15745 5797 8202 8877 
15746 5889 6843 10265 
15747 5186 8442 9329 
15748 5849 8140 10133 
15749 1661 1664 1665 
15750 6717 9715 10246 
15751 8178 9376 9634 
15752 5133 5538 10200 
15753 5692 5895 10631 
15754 4181 8137 10652 
15755 3433 3318 3895 
15756 1537 8537 9129 
15757 170 171 10127 
15758 4993 5174 9103 
15759 2826 2827 9155 
15760 6079 6077 8574 
15761 6106 8381 10394 
15762 2639 3246 3248 
15763 2357 2638 2639 
15764 4341 8056 10166 
15765 5597 4654 10623 
15766 4653 6011 10623 
15767 7860 3203 9361 
15768 2191 2239 8645 
15769 6014 7675 10112 
15770 6994 6993 10116 
15771 5954 4605 10610 
15772 4393 4395 5809 
15773 3138 3140 10606 
15774 5268 5269 5270 
15775 3015 918 10605 
15776 7380 2994 10580 
15777 5795 7261 10181 
15778 7004 8362 10279 
15779 2943 7672 10185 
15780 7583 4923 10598 
15781 5450 9037 9184 
15782 6579 5473 9106 
15783 6016 4423 10587 
15784 3901 3898 10587 
15785 3130 3222 3223 
15786 318 6893 9882 
15787 6756 6757 9077 
15788 6628 8881 9019 
15789 4364 2266 4365 
15790 6880 6881 9117 
15791 4610 5086 5087 
15792 7758 7538 10579 
15793 7308 5084 9969 
15794 4485 5912 5913 
15795 6103 5815 6369 
15796 3151 3155 3419 
15797 2408 2279 2409 
15798 2928 2929 3011 
15799 4365 2266 8626 
15800 7606 7605 10210 
15801 1686 3635 10211 
15802 2548 1688 10211 
15803 5294 5293 9126 
15804 1550 1551 1554 
15805 1412 2356 2357 
15806 4985 3831 8634 
15807 8591 3226 9824 
15808 4634 4323 10223 
15809 3214 3375 3792 
15810 8279 6099 10256 
15811 9634 5683 9847 
15812 1626 1627 1631 
15813 8168 7246 9981 
15814 3291 3517 8463 
15815 2639 3248 3249 
15816 8616 2072 10312 
15817 8764 5033 9443 
15818 2609 2608 2610 
15819 3051 3513 3514 
15820 8314 5939 10342 
15821 2060 2059 8941 
15822 985 1538 10544 
15823 6924 5010 8771 
15824 6545 6791 6972 
15825 4960 4959 10435 
15826 2779 3046 3480 
15827 1412 2357 4128 
15828 1394 1395 1396 
15829 8182 2291 8645 
15830 5176 324 8705 
15831 2784 2813 9308 
15832 2849 8764 9443 
15833 6369 5815 6370 
15834 3865 3944 4680 
15835 4522 3406 9000 
15836 1277 1207 10523 
15837 1205 7501 10523 
15838 4288 3729 8639 
15839 1614 1595 8661 
15840 325 378 7326 
15841 4663 4664 4694 
15842 405 407 10137 
15843 1275 1274 10256 
15844 1776 1774 10515 
15845 182 183 10217 
15846 4974 6201 10514 
15847 6074 6080 10257 
15848 4462 4463 4464 
15849 7130 300 10558 
15850 8837 5209 9343 
15851 5972 7599 10509 
15852 8101 9341 9434 
15853 651 649 10505 
15854 3248 3246 8369 
15855 4811 4813 9168 
15856 7728 7729 10503 
15857 6042 4457 8173 
15858 3252 6669 10043 
15859 4334 4991 10499 
15860 5338 5339 5967 
15861 1226 1224 10495 
15862 7536 2976 10492 
15863 4354 3895 4378 
15864 716 7358 10268 
15865 2631 2398 2632 
15866 4384 5661 5662 
15867 4104 4563 4565 
15868 3304 4337 5001 
15869 4594 4540 5543 
15870 4836 4851 8999 
15871 681 775 10279 
15872 4285 5022 10291 
15873 5285 5284 10294 
15874 4523 9192 10644 
15875 6917 2837 10239 
15876 1662 4385 5041 
15877 6353 6354 9954 
15878 4876 8346 9865 
15879 7821 7822 10470 
15880 6013 7865 10470 
15881 6846 3827 10230 
15882 5191 5225 9115 
15883 2838 2839 3153 
15884 9623 8550 10638 
15885 3939 4407 8673 
15886 359 357 8655 
15887 4562 9999 10319 
15888 7770 4752 10454 
15889 4400 4290 10344 
15890 4681 5605 5952 
15891 6059 4746 10348 
15892 1772 2240 10430 
15893 1338 8807 9449 
15894 4499 5660 10428 
15895 7540 428 10426 
15896 426 2994 10426 
15897 4707 6099 10423 
15898 3997 4051 4052 
15899 1316 1314 10417 
15900 7612 776 10374 
15901 778 2951 10374 
15902 5915 6106 10381 
15903 355 353 8657 
15904 2177 2354 10394 
15905 5270 5276 5277 
15906 7187 9711 9926 
15907 10016 7960 10622 
15908 8535 2216 9428 
15909 5815 5814 8891 
15910 333 331 8642 
15911 2480 3430 9025 
15912 351 349 8658 
15913 3462 4356 5038 
15914 5369 5366 8647 
15915 3419 4033 4379 
15916 2752 8205 8778 
15917 5794 3925 9018 
15918 8639 3733 9317 
15919 883 2030 10361 
15920 1407 1408 1409 
15921 5735 4365 5736 
15922 2724 2726 2728 
15923 5663 4482 9929 
15924 8319 5238 8984 
15925 5819 3494 8690 
15926 7057 5214 9122 
15927 347 345 8659 
15928 2051 3126 3127 
15929 5500 5040 6494 
15930 1654 1658 2370 
15931 5410 9089 9199 
15932 6481 5003 10083 
15933 8610 4977 8903 
15934 5686 8610 8903 
15935 6881 6879 9989 
15936 4008 4009 4067 
15937 335 377 9169 
15938 5865 6822 9795 
15939 5552 5554 8726 
15940 6490 6489 10653 
15941 6659 5873 10109 
15942 9089 3708 9199 
15943 281 6642 6643 
15944 3903 8063 9409 
15945 3572 4661 4662 
15946 3597 3495 8651 
15947 4255 3243 9868 
15948 5541 4266 5633 
15949 5741 9139 10038 
15950 3308 3560 8717 
15951 2123 2118 2252 
15952 5248 5247 8943 
15953 5616 5785 5786 
15954 4344 4346 8674 
15955 6700 5273 7291 
15956 2378 2258 2538 
15957 4633 4389 5929 
15958 5445 5177 7050 
15959 9232 6611 10506 
15960 2729 2730 3050 
15961 307 7133 8693 
15962 3973 8544 10067 
15963 4416 5159 9232 
15964 2431 2429 9363 
15965 6014 6015 9191 
15966 2693 2690 8527 
15967 4470 3285 10511 
15968 2544 2543 2686 
15969 1094 1742 9853 
15970 2200 2202 2236 
15971 1638 1640 8671 
15972 5034 6517 8683 
15973 1455 1581 1582 
15974 3702 3703 3704 
15975 2191 2238 2239 
15976 4475 5983 10588 
15977 2116 2085 2117 
15978 4145 5317 5884 
15979 3125 3147 3483 
15980 5038 4356 5039 
15981 4379 5696 6161 
15982 903 901 3555 
15983 3481 3482 4383 
15984 5067 5068 6577 
15985 8526 6576 9365 
15986 300 222 8177 
15987 2966 1036 10304 
15988 5422 7237 10498 
15989 7240 7239 9620 
15990 3321 3891 3892 
15991 2272 2274 2399 
15992 5870 4623 5871 
15993 2046 2045 8950 
15994 2627 3069 3214 
15995 2641 2459 3464 
15996 5140 5139 5141 
15997 1409 1410 1411 
15998 1900 8310 9117 
15999 4464 4463 4465 
16000 7329 850 8523 
16001 2053 9312 9928 
16002 1595 1597 8661 
16003 4837 4836 4839 
16004 6249 8270 10468 
16005 3792 3375 4298 
16006 5142 5141 5814 
16007 1294 1286 9147 
16008 5090 6049 10369 
16009 2090 2088 8730 
16010 2253 2252 2542 
16011 5409 3018 8951 
16012 4804 10145 10436 
16013 3127 3128 3129 
16014 8114 7357 9151 
16015 5290 5288 9978 
16016 3129 3130 3131 
16017 3892 4136 4328 
16018 3249 4393 4394 
16019 5359 8227 9071 
16020 4328 4329 5434 
16021 4434 6773 9650 
16022 5434 5435 5931 
16023 8913 8613 10608 
16024 8095 2998 9156 
16025 5356 8251 9732 
16026 4694 4695 5400 
16027 6624 6628 9019 
16028 3590 4372 4595 
16029 4232 5942 5943 
16030 1126 3019 8621 
16031 2161 2346 2347 
16032 3999 5637 5638 
16033 6371 6370 6372 
16034 2157 2159 4153 
16035 2045 4231 5978 
16036 3077 3280 3487 
16037 2853 2855 4570 
16038 6190 6184 6191 
16039 1631 1632 1660 
16040 6182 6180 6185 
16041 2732 2538 3132 
16042 5405 6845 10422 
16043 2214 2213 8535 
16044 6178 6176 6189 
16045 4539 4445 8684 
16046 6680 6678 7211 
16047 3318 3132 3923 
16048 6545 4615 6791 
16049 6407 4184 10589 
16050 9227 3281 9472 
16051 2497 2363 8956 
16052 5807 4465 5808 
16053 1781 6838 10195 
16054 4864 5897 5898 
16055 7441 7440 9163 
16056 2650 2649 2651 
16057 3135 1854 4672 
16058 4291 5528 6066 
16059 2267 2270 8626 
16060 4052 4528 4529 
16061 3976 4666 5862 
16062 3508 4550 4552 
16063 3037 2764 3038 
16064 5566 4353 8836 
16065 3688 3862 4467 
16066 5634 5472 9872 
16067 8937 3858 9854 
16068 132 5 9851 
16069 5699 5700 5701 
16070 1396 1404 1405 
16071 8194 5329 9339 
16072 4502 3939 8673 
16073 4460 4461 4462 
16074 3958 3956 8960 
16075 3941 3940 8957 
16076 3483 3848 5335 
16077 1617 1619 1621 
16078 4078 5966 9877 
16079 1847 1848 8967 
16080 3331 3330 8962 
16081 6365 4645 8776 
16082 4868 5071 5072 
16083 5335 5336 6973 
16084 4551 7230 9808 
16085 5292 6230 9888 
16086 6157 6164 6165 
16087 2055 2052 8670 
16088 2274 2275 2276 
16089 5477 5479 5497 
16090 6078 6079 6367 
16091 2239 2455 2456 
16092 4988 4292 5649 
16093 2456 2820 2821 
16094 1601 1603 8686 
16095 7265 8379 8707 
16096 3916 3913 8324 
16097 5314 3315 8874 
16098 5038 6703 10404 
16099 8063 8121 9409 
16100 2712 2713 2714 
16101 1282 1432 1433 
16102 4092 4096 8816 
16103 4102 4090 4469 
16104 3954 4188 8870 
16105 307 203 7133 
16106 298 217 7121 
16107 263 205 7123 
16108 251 209 7128 
16109 252 215 7127 
16110 254 220 7130 
16111 2449 2575 9389 
16112 3507 3943 4315 
16113 5516 4056 8865 
16114 5089 5467 5469 
16115 2381 2314 8867 
16116 2662 1856 9310 
16117 6256 5927 10285 
16118 818 816 869 
16119 4098 4100 4455 
16120 2645 3020 3021 
16121 2076 2073 2077 
16122 1855 1858 8722 
16123 3517 3042 8848 
16124 4010 3485 8851 
16125 3013 2686 3314 
16126 3742 5355 5604 
16127 5319 6909 10324 
16128 1003 1005 9845 
16129 5892 5450 9184 
16130 2088 6797 8730 
16131 2311 2187 8757 
16132 2057 6915 9642 
16133 2066 2064 9181 
16134 6268 7246 10366 
16135 5166 7151 7152 
16136 3802 3804 3805 
16137 1630 1636 8702 
16138 578 580 770 
16139 496 498 499 
16140 4529 5751 5752 
16141 574 576 4020 
16142 5846 5945 5946 
16143 3039 3151 8388 
16144 570 572 769 
16145 564 566 3276 
16146 4565 6107 6108 
16147 1039 1040 1042 
16148 9460 376 10132 
16149 560 562 1398 
16150 8574 3297 8814 
16151 556 558 3277 
16152 552 554 1493 
16153 8820 6617 9724 
16154 3983 5344 5346 
16155 3487 4375 4376 
16156 4846 5426 5427 
16157 822 820 3288 
16158 4853 4854 4855 
16159 5340 5201 5769 
16160 3806 3808 3809 
16161 3756 4222 5026 
16162 5704 8316 9774 
16163 3413 3018 5409 
16164 1805 1807 1808 
16165 1985 2293 2294 
16166 7027 500 10175 
16167 1390 1803 3211 
16168 3007 3556 3904 
16169 3812 3814 3815 
16170 2186 3282 4053 
16171 4837 4839 4840 
16172 3214 3069 3375 
16173 3844 4433 4435 
16174 8145 5196 8641 
16175 2811 8575 8858 
16176 5948 5949 6654 
16177 5488 6888 10529 
16178 4445 4656 8684 
16179 3970 3968 4577 
16180 2346 2162 8441 
16181 4050 3872 8692 
16182 3705 7953 10275 
16183 850 848 1050 
16184 2697 2694 9173 
16185 1471 1503 1504 
16186 2707 2705 2744 
16187 3160 2715 9085 
16188 2818 3423 9034 
16189 4520 3980 4521 
16190 6306 4687 6434 
16191 3302 2063 3303 
16192 3144 3936 3937 
16193 2685 8798 9573 
16194 3193 3195 4037 
16195 2868 3274 3278 
16196 3343 3064 3345 
16197 10483 6528 10526 
16198 4684 4031 8772 
16199 2191 2020 2238 
16200 3882 4697 4698 
16201 4413 3557 4636 
16202 3067 4185 5624 
16203 2441 2628 2862 
16204 311 8520 10455 
16205 6814 283 8186 
16206 629 627 8594 
16207 8119 4289 9348 
16208 5814 5141 8638 
16209 4557 5441 5563 
16210 1530 1542 1544 
16211 3524 3925 3926 
16212 877 875 1049 
16213 3218 3098 9166 
16214 509 403 9450 
16215 2439 2436 2616 
16216 2051 3127 8670 
16217 3102 2822 3104 
16218 1363 1361 1364 
16219 3180 3168 4359 
16220 5095 3342 5741 
16221 2609 2610 2794 
16222 3188 3190 3191 
16223 4480 5712 6225 
16224 4147 3328 4148 
16225 1359 1357 3205 
16226 3821 3823 3824 
16227 1650 1652 4074 
16228 3356 3358 3359 
16229 51 7045 9432 
16230 3016 2631 5517 
16231 5951 7195 9427 
16232 2447 2817 2819 
16233 1831 2164 3435 
16234 1943 1940 1944 
16235 4625 5684 5875 
16236 1938 1936 3254 
16237 1433 1434 1435 
16238 2362 2306 9010 
16239 4346 4345 4347 
16240 2363 2375 2539 
16241 10078 6025 10300 
16242 5717 5526 6341 
16243 924 923 925 
16244 7297 5410 9199 
16245 5524 4703 5547 
16246 3794 4161 5466 
16247 1435 1436 1437 
16248 2728 2729 2731 
16249 1437 1438 1439 
16250 1516 1428 1517 
16251 1439 1440 1441 
16252 1441 1442 1443 
16253 5191 9115 9315 
16254 4549 5779 5780 
16255 1381 1379 1382 
16256 1443 1444 1445 
16257 1445 1446 1447 
16258 4662 4663 4665 
16259 1447 1448 1449 
16260 948 946 949 
16261 1449 1450 1451 
16262 1377 1375 3202 
16263 1955 5352 5650 
16264 3114 1069 3177 
16265 2767 2651 2768 
16266 1104 1106 1107 
16267 5239 4649 5680 
16268 2827 2415 2828 
16269 1100 1102 3279 
16270 6560 5051 6562 
16271 5480 5482 9123 
16272 4236 6235 6236 
16273 1095 1097 1098 
16274 3300 3354 3365 
16275 1400 3267 4139 
16276 4509 5971 6917 
16277 1091 1093 3414 
16278 3406 2731 3407 
16279 5549 5425 6171 
16280 5299 4040 5300 
16281 3708 8084 9199 
16282 3879 3880 3977 
16283 3838 8451 8894 
16284 6099 8279 10423 
16285 1727 3946 4058 
16286 2370 3178 3179 
16287 6034 6035 7078 
16288 5791 5279 6124 
16289 2409 2480 2481 
16290 524 522 540 
16291 2313 2015 4115 
16292 6228 6125 6229 
16293 4444 4539 5666 
16294 3423 4014 5806 
16295 3948 3950 3951 
16296 7235 8402 10005 
16297 1968 1965 1969 
16298 2071 2069 5424 
16299 1708 1566 2413 
16300 2428 2309 2590 
16301 1820 1824 1826 
16302 3027 2577 3028 
16303 6223 4632 6224 
16304 2950 3265 3527 
16305 2553 2389 4141 
16306 5253 5251 5280 
16307 6194 6017 6195 
16308 5236 5460 5461 
16309 3515 3071 3516 
16310 7863 3313 9202 
16311 1582 1793 1994 
16312 3322 2509 4510 
16313 1591 1800 1801 
16314 2306 1734 2360 
16315 5100 5101 5102 
16316 5510 8242 8243 
16317 2264 2266 4364 
16318 1947 1945 1948 
16319 3997 3432 4051 
16320 4546 3595 5728 
16321 3584 3582 4495 
16322 3686 3682 3687 
16323 3330 3060 5606 
16324 5257 5255 5271 
16325 2785 3161 3162 
16326 5263 5261 5266 
16327 5268 5265 5269 
16328 3041 2659 4065 
16329 1594 1614 4076 
16330 4407 2643 4447 
16331 5427 5428 5429 
16332 5313 5951 8576 
16333 2657 2655 3973 
16334 2404 2155 3384 
16335 6055 4360 6056 
16336 6308 6259 6309 
16337 5803 4574 5824 
16338 4155 1527 4401 
16339 1994 2419 2420 
16340 4324 4249 5860 
16341 3920 3918 4015 
16342 1550 1469 1551 
16343 5765 5763 5766 
16344 5429 5430 5431 
16345 3730 3731 3732 
16346 1669 1667 8945 
16347 3087 3084 3088 
16348 3865 3292 3944 
16349 3543 2835 3544 
16350 5529 4075 5530 
16351 4053 4708 4709 
16352 5323 7294 10128 
16353 2051 2049 3126 
16354 4103 4091 4106 
16355 3956 3324 3957 
16356 6047 6517 10420 
16357 2810 2546 3253 
16358 3496 2780 4330 
16359 3871 5456 7227 
16360 2424 2388 3283 
16361 2386 2384 2740 
16362 3476 3474 3477 
16363 5236 4560 5460 
16364 2948 2947 2950 
16365 4021 5425 5549 
16366 5406 5778 9207 
16367 3336 3334 4045 
16368 5368 5365 6031 
16369 378 324 5176 
16370 4625 3762 5684 
16371 4809 4805 4817 
16372 2714 2715 2719 
16373 4802 4800 4823 
16374 4791 4789 4804 
16375 4798 4795 4807 
16376 6152 4635 6153 
16377 10231 5305 10458 
16378 2769 2768 2770 
16379 4557 4409 5441 
16380 3125 3080 3147 
16381 10125 1544 10326 
16382 2632 2649 2650 
16383 4085 4091 4103 
16384 3932 341 5548 
16385 5324 3922 5835 
16386 4846 4832 5426 
16387 3730 3728 3731 
16388 3053 8366 9537 
16389 5341 4392 5672 
16390 5496 5493 6253 
16391 5699 4524 5700 
16392 1852 1854 3135 
16393 3287 3033 5744 
16394 2021 2258 2378 
16395 8314 3519 8315 
16396 3879 3338 3880 
16397 2363 2025 2375 
16398 1608 1611 2371 
16399 4480 3907 5712 
16400 3739 3737 3741 
16401 1392 598 8599 
16402 5368 6031 6032 
16403 3082 1552 4140 
16404 1414 8424 8714 
16405 3524 3522 3925 
16406 5948 5158 5949 
16407 4327 4112 5645 
16408 2186 1743 3282 
16409 1545 1465 1547 
16410 2514 2412 2515 
16411 2036 2034 3323 
16412 2040 2038 2042 
16413 2045 2043 4231 
16414 3077 2622 3280 
16415 741 365 3440 
16416 5910 4440 5911 
16417 1461 1459 1548 
16418 4853 4845 4854 
16419 1282 1121 1432 
16420 755 753 765 
16421 3536 3442 3537 
16422 750 748 3281 
16423 4110 3847 5353 
16424 745 743 1484 
16425 4868 4861 5071 
16426 1354 1456 1457 
16427 3724 3722 3725 
16428 3930 3928 5521 
16429 4460 4242 4461 
16430 4538 8633 10118 
16431 3796 3314 4070 
16432 5880 5878 6825 
16433 6845 1701 10422 
16434 5563 8472 8781 
16435 5507 5506 6017 
16436 3166 3131 4129 
16437 6172 6175 9805 
16438 3179 3226 3227 
16439 5338 4394 5339 
16440 3496 4330 4331 
16441 3923 4419 6637 
16442 7175 1548 10401 
16443 5722 5428 9701 
16444 5100 4331 5101 
16445 7247 8666 10366 
16446 2339 2242 8706 
16447 1407 1405 1408 
16448 592 591 8601 
16449 9066 7974 9341 
16450 6034 6032 6035 
16451 3956 3957 5148 
16452 1003 1002 1004 
16453 3734 3732 3736 
16454 4063 4402 8710 
16455 5880 6825 6826 
16456 5439 4376 6149 
16457 5544 3520 5612 
16458 6965 6620 9307 
16459 4857 4855 4866 
16460 2032 1451 4137 
16461 3438 2770 3439 
16462 2539 2733 2858 
16463 2481 2480 2591 
16464 3888 7730 10237 
16465 9031 3270 9542 
16466 4840 4841 4842 
16467 2858 3387 3520 
16468 597 595 9592 
16469 3724 3725 3726 
16470 3048 1373 8900 
16471 5192 5194 9214 
16472 4076 1614 4077 
16473 3686 3687 3959 
16474 6950 9646 9828 
16475 6172 6171 6173 
16476 3330 5606 6081 
16477 3469 8463 9165 
16478 3827 3823 10230 
16479 3087 3088 3175 
16480 3465 3464 4388 
16481 4365 8626 8627 
16482 974 922 8915 
16483 3227 3228 3571 
16484 4546 5728 5729 
16485 7361 3206 10238 
16486 5709 5710 6088 
16487 8477 8686 8687 
16488 2347 2624 2625 
16489 5638 6163 8948 
16490 5747 7792 9637 
16491 1999 1998 2153 
16492 3431 3760 4154 
16493 6830 5055 10628 
16494 7393 2983 9218 
16495 3322 4510 4511 
16496 2625 3250 3251 
16497 6055 6056 6057 
16498 4640 4641 4642 
16499 3041 4065 4477 
16500 2719 2720 2721 
16501 1512 1511 1513 
16502 4611 4106 4623 
16503 5299 5300 5301 
16504 475 476 478 
16505 5324 5835 6065 
16506 4818 4801 10056 
16507 6489 6488 9833 
16508 1934 1933 1955 
16509 4603 4601 8719 
16510 1518 1520 9890 
16511 9101 7254 9649 
16512 4552 5305 6291 
16513 524 540 541 
16514 6493 8112 10122 
16515 728 729 730 
16516 475 474 476 
16517 5806 4014 8580 
16518 1668 1669 1670 
16519 2211 2214 8482 
16520 7483 5154 9228 
16521 3359 3362 8977 
16522 5666 4539 5667 
16523 3329 2196 8694 
16524 329 327 8796 
16525 5728 9155 9448 
16526 3011 2929 3012 
16527 2313 4115 4116 
16528 2794 2795 2880 
16529 5033 6255 9443 
16530 7342 7343 10098 
16531 5148 6395 6793 
16532 3515 3516 4438 
16533 3027 3028 3029 
16534 2181 8264 8942 
16535 2880 2881 3506 
16536 3275 3794 9054 
16537 9156 2998 9301 
16538 3050 3051 8675 
16539 3543 3544 3545 
16540 1968 1969 1970 
16541 6422 6423 9921 
16542 3951 3950 3952 
16543 2885 2408 5522 
16544 5786 7251 7252 
16545 2721 2722 2723 
16546 4078 4077 4079 
16547 2746 1712 8728 
16548 3959 4247 4248 
16549 4682 4684 6004 
16550 4155 4401 5320 
16551 2259 2261 9144 
16552 1003 1004 1005 
16553 4080 4079 4081 
16554 4082 4081 4083 
16555 1581 1553 8620 
16556 4248 5613 5614 
16557 4315 4316 5010 
16558 2817 2818 9034 
16559 3420 8410 8411 
16560 3175 3176 3801 
16561 2710 2709 2711 
16562 3326 4543 10634 
16563 478 479 482 
16564 3019 1124 8603 
16565 5297 8756 8892 
16566 482 484 487 
16567 487 488 489 
16568 5604 5867 5868 
16569 489 490 495 
16570 5709 5147 5710 
16571 3406 3407 3408 
16572 3420 8411 8416 
16573 5757 5707 9047 
16574 493 6574 10215 
16575 8908 3361 9148 
16576 3704 3721 3722 
16577 6514 4818 9680 
16578 5010 5011 5012 
16579 5012 5013 5556 
16580 357 379 8655 
16581 1947 1948 1949 
16582 5556 5557 8240 
16583 2712 2714 8715 
16584 5984 9013 9611 
16585 2827 2828 2829 
16586 6236 6235 8435 
16587 6004 4684 6005 
16588 1801 1800 1812 
16589 3 105 9882 
16590 4511 5877 5878 
16591 2306 2360 2361 
16592 3527 3265 3800 
16593 2592 2591 2859 
16594 5868 6574 6836 
16595 3153 2839 3154 
16596 948 949 950 
16597 4477 4983 6051 
16598 353 371 8657 
16599 8973 8974 9555 
16600 499 500 501 
16601 1516 1517 1518 
16602 8347 6059 10348 
16603 5055 5333 5628 
16604 4154 4548 5531 
16605 1999 2153 2243 
16606 349 376 8658 
16607 501 504 505 
16608 541 542 543 
16609 505 507 508 
16610 508 3117 3118 
16611 3118 3409 3410 
16612 1943 1944 1945 
16613 5956 7210 10399 
16614 4580 4122 9171 
16615 2819 2817 3261 
16616 543 544 545 
16617 545 546 547 
16618 547 548 1552 
16619 5991 8790 10658 
16620 6146 5667 6147 
16621 5301 5995 5996 
16622 2860 2859 3090 
16623 770 771 772 
16624 3125 3483 8690 
16625 877 1049 1117 
16626 4116 4117 4118 
16627 6248 6250 10415 
16628 5737 9307 9726 
16629 3558 4413 8729 
16630 2468 2467 2469 
16631 5755 5756 9758 
16632 3359 3358 3360 
16633 3809 3810 3922 
16634 4118 4582 4668 
16635 4438 4439 5802 
16636 4346 4347 4598 
16637 3029 3030 3031 
16638 4139 3267 4456 
16639 4147 4148 4544 
16640 1665 1675 1676 
16641 3031 3371 3519 
16642 1363 1364 1365 
16643 4484 3745 8981 
16644 1005 1006 1007 
16645 1970 1971 1972 
16646 3953 3952 4415 
16647 772 773 1470 
16648 5281 8906 9338 
16649 3091 3090 3092 
16650 6367 6079 6368 
16651 1007 1008 1009 
16652 1009 1010 1011 
16653 1011 1012 1013 
16654 1013 1014 1015 
16655 1015 1016 1472 
16656 3936 3935 8732 
16657 1972 1973 1974 
16658 1974 1975 1976 
16659 865 867 9245 
16660 3021 3020 3398 
16661 3289 3288 3871 
16662 6888 5891 9782 
16663 9868 6487 10208 
16664 4642 4641 5506 
16665 3745 5096 8981 
16666 1042 1040 1043 
16667 3106 3092 3285 
16668 8406 2376 10613 
16669 1808 1810 1811 
16670 1504 1505 1557 
16671 2294 2295 2296 
16672 1644 1647 9178 
16673 5099 5100 10002 
16674 3815 3816 3817 
16675 730 729 1591 
16676 3566 3558 8729 
16677 4413 4636 5652 
16678 1949 1950 1951 
16679 5624 4185 5625 
16680 3278 3274 3979 
16681 4698 4697 6117 
16682 3308 3285 3559 
16683 850 1050 1051 
16684 261 7087 10478 
16685 3824 3823 3825 
16686 1951 1952 1953 
16687 2243 2244 2427 
16688 3937 3936 4549 
16689 2361 2495 2496 
16690 2427 2677 2678 
16691 2829 2830 2831 
16692 4257 3800 4351 
16693 8687 5756 9212 
16694 4435 4433 5063 
16695 1557 2249 2250 
16696 8221 8837 9343 
16697 1811 1822 1823 
16698 2496 2636 2637 
16699 2250 2316 2341 
16700 2341 2342 2453 
16701 2453 2454 2578 
16702 1823 2017 2018 
16703 2578 2579 2580 
16704 2580 2581 3187 
16705 3187 3188 8881 
16706 3560 3559 3797 
16707 4622 4351 5883 
16708 2831 2832 2833 
16709 2296 2297 2298 
16710 2833 2834 2835 
16711 5497 5479 5498 
16712 924 925 926 
16713 3408 4024 4025 
16714 2298 2299 2300 
16715 3817 3818 3820 
16716 950 951 952 
16717 3904 3556 4160 
16718 3935 4572 8732 
16719 3153 3154 3299 
16720 952 953 954 
16721 5146 5709 8575 
16722 954 955 956 
16723 3746 3157 9172 
16724 7561 9943 10264 
16725 2276 2277 2278 
16726 3852 3797 3989 
16727 2069 2066 9181 
16728 5108 6660 10565 
16729 1518 1519 1520 
16730 3256 3085 9167 
16731 5934 8634 8843 
16732 3904 4160 5230 
16733 1520 1521 1522 
16734 1522 1523 1524 
16735 1524 1525 1527 
16736 4025 5226 5228 
16737 5457 8549 8882 
16738 3990 3989 4243 
16739 4435 5063 6027 
16740 926 925 927 
16741 1051 1050 1052 
16742 4698 6117 7190 
16743 3278 3979 4350 
16744 6050 5866 10603 
16745 1042 1043 1046 
16746 6367 6368 8393 
16747 5624 5625 5936 
16748 337 335 9169 
16749 5652 4636 8397 
16750 3021 3398 3399 
16751 4453 4243 4454 
16752 3824 3825 3826 
16753 4120 6771 9769 
16754 3815 3814 3816 
16755 1670 1671 1672 
16756 3225 8393 8394 
16757 2294 2293 2295 
16758 6701 8913 10608 
16759 1808 1807 1810 
16760 5346 5344 5831 
16761 4062 871 8323 
16762 5845 4454 5846 
16763 6963 321 9851 
16764 3262 3261 3500 
16765 1504 1503 1505 
16766 4383 4476 9116 
16767 3501 3500 3502 
16768 3503 3502 4252 
16769 4253 4252 4421 
16770 4567 4421 5319 
16771 928 927 929 
16772 930 929 931 
16773 932 931 933 
16774 934 933 935 
16775 936 935 937 
16776 938 937 939 
16777 1117 1533 1534 
16778 1053 1052 1054 
16779 4544 8567 10017 
16780 822 3288 3289 
16781 5531 5743 8262 
16782 1055 1054 1056 
16783 1057 1056 1058 
16784 1059 1058 1060 
16785 1061 1060 1062 
16786 1063 1062 1064 
16787 1065 1064 1066 
16788 1067 1066 1068 
16789 4980 4456 5237 
16790 3362 3360 3363 
16791 4598 4599 5621 
16792 345 6766 8659 
16793 3011 3012 3403 
16794 5936 5937 5938 
16795 8896 8895 9203 
16796 3299 3300 8879 
16797 1534 1733 1734 
16798 3826 3855 4273 
16799 1046 1047 1070 
16800 4273 4338 4640 
16801 6406 5237 6407 
16802 1070 1071 1072 
16803 1072 1073 1074 
16804 1074 1075 1078 
16805 1078 1079 1080 
16806 1080 1081 1082 
16807 1082 1083 1084 
16808 1084 1085 1086 
16809 1086 1087 1399 
16810 5621 5622 5623 
16811 3366 3363 3367 
16812 4303 3367 4304 
16813 3399 3538 3539 
16814 1354 1353 1456 
16815 3539 3540 4055 
16816 1365 1366 1367 
16817 1367 1368 1369 
16818 1369 1370 1371 
16819 1365 1364 1366 
16820 3704 3703 3721 
16821 3514 4016 4017 
16822 4544 4148 5635 
16823 826 824 8754 
16824 3359 3360 3362 
16825 770 580 771 
16826 4598 4347 4599 
16827 3809 3808 3810 
16828 1117 1049 1533 
16829 4139 4456 4980 
16830 2362 9010 9157 
16831 5786 5785 7251 
16832 3098 3100 9166 
16833 1330 1128 8621 
16834 2819 3261 3262 
16835 3047 1638 8671 
16836 9635 6540 10460 
16837 1941 7313 9318 
16838 8718 259 9664 
16839 1367 1366 1368 
16840 3399 3398 3538 
16841 3299 3154 3300 
16842 1369 1368 1370 
16843 1371 1370 1372 
16844 1968 1970 8379 
16845 6940 7293 7294 
16846 7500 3642 9566 
16847 7499 7500 9566 
16848 1046 1043 1047 
16849 3826 3825 3855 
16850 3539 3538 3540 
16851 3471 3469 9165 
16852 4055 3540 4576 
16853 247 7187 8966 
16854 5936 5625 5937 
16855 7178 5208 8600 
16856 4350 3979 5539 
16857 3362 3363 3366 
16858 5621 4599 5622 
16859 4980 5237 6406 
16860 3366 3367 4303 
16861 4303 4304 6197 
16862 1051 1052 1053 
16863 1070 1047 1071 
16864 1399 1087 1400 
16865 1086 1085 1087 
16866 1084 1083 1085 
16867 1082 1081 1083 
16868 1080 1079 1081 
16869 1078 1075 1079 
16870 1074 1073 1075 
16871 1072 1071 1073 
16872 4273 3855 4338 
16873 1534 1533 1733 
16874 4640 4338 4641 
16875 926 927 928 
16876 1518 1517 1519 
16877 8585 8107 10514 
16878 499 498 500 
16879 1053 1054 1055 
16880 1067 1068 1069 
16881 1065 1066 1067 
16882 1063 1064 1065 
16883 1676 1992 2003 
16884 1061 1062 1063 
16885 1059 1060 1061 
16886 1057 1058 1059 
16887 1055 1056 1057 
16888 8200 6697 9480 
16889 4609 4610 9102 
16890 928 929 930 
16891 936 937 938 
16892 934 935 936 
16893 932 933 934 
16894 930 931 932 
16895 3262 3500 3501 
16896 4822 4811 9168 
16897 4567 5319 6870 
16898 4253 4421 4567 
16899 3501 3502 3503 
16900 3503 4252 4253 
16901 3805 3804 3806 
16902 443 441 9274 
16903 5878 5877 8863 
16904 950 949 951 
16905 3550 2362 9157 
16906 2470 2469 2471 
16907 5230 4160 5359 
16908 8167 9502 10212 
16909 3023 2826 9155 
16910 3814 3813 8747 
16911 2829 2828 2830 
16912 3527 3800 4257 
16913 3813 4437 8747 
16914 2361 2360 2495 
16915 6705 9447 10508 
16916 1801 1812 1814 
16917 3408 3407 4024 
16918 5604 5355 5867 
16919 5845 5846 8873 
16920 9510 5675 10273 
16921 1949 1948 1950 
16922 2308 2188 9154 
16923 1520 1519 1521 
16924 4453 4454 5845 
16925 1524 1523 1525 
16926 1522 1521 1523 
16927 4666 8234 9080 
16928 2243 2153 2244 
16929 664 666 8663 
16930 5783 6596 10648 
16931 4315 3943 4316 
16932 5228 5226 8216 
16933 7290 6680 10028 
16934 3990 4243 4453 
16935 952 951 953 
16936 7679 4204 9279 
16937 3817 3816 3818 
16938 956 955 1077 
16939 954 953 955 
16940 6468 6470 10087 
16941 2296 2295 2297 
16942 1811 1810 1822 
16943 1557 1505 2249 
16944 3274 3275 9054 
16945 4025 4024 5226 
16946 3820 3818 3821 
16947 3852 3989 3990 
16948 2348 2501 9208 
16949 2831 2830 2832 
16950 2298 2297 2299 
16951 4257 4351 4622 
16952 2300 2299 2302 
16953 2261 2264 9144 
16954 2833 2832 2834 
16955 2496 2495 2636 
16956 1823 1822 2017 
16957 3187 2581 3188 
16958 2580 2579 2581 
16959 2018 2017 2376 
16960 2578 2454 2579 
16961 2250 2249 2316 
16962 2453 2342 2454 
16963 2341 2316 2342 
16964 2637 2636 2654 
16965 5320 4401 7168 
16966 3361 4224 9148 
16967 2427 2244 2677 
16968 3560 3797 3852 
16969 3951 3952 3953 
16970 1951 1950 1952 
16971 1970 1969 1971 
16972 8818 5484 10341 
16973 3308 3559 3560 
16974 1005 1004 1006 
16975 378 5176 5177 
16976 3029 3028 3030 
16977 3545 3544 3546 
16978 4438 3516 4439 
16979 1672 1673 1674 
16980 1588 1590 9161 
16981 4116 4115 4117 
16982 6004 6005 6274 
16983 5862 4666 5863 
16984 4552 4550 5305 
16985 3106 3285 3308 
16986 5666 5667 6146 
16987 2750 2748 9158 
16988 8977 8461 9825 
16989 7060 2653 9794 
16990 541 540 542 
16991 772 771 773 
16992 3953 4415 4687 
16993 3091 3092 3106 
16994 1972 1971 1973 
16995 5301 5300 5995 
16996 2460 2641 8368 
16997 1007 1006 1008 
16998 1974 1973 1975 
16999 1015 1014 1016 
17000 1013 1012 1014 
17001 1011 1010 1012 
17002 1009 1008 1010 
17003 1470 773 1471 
17004 3031 3030 3371 
17005 5802 4439 6849 
17006 3938 7257 9548 
17007 4477 4065 4983 
17008 4118 4117 4582 
17009 5638 5637 6163 
17010 2860 3090 3091 
17011 2481 2591 2592 
17012 2347 2346 2624 
17013 4511 4510 5877 
17014 2003 2351 2353 
17015 8685 6834 9794 
17016 2794 2610 2795 
17017 9776 7105 10136 
17018 543 542 544 
17019 501 500 504 
17020 547 546 548 
17021 545 544 546 
17022 2641 3464 3465 
17023 5615 5326 9361 
17024 3410 3409 3434 
17025 3118 3117 3409 
17026 2592 2859 2860 
17027 505 504 507 
17028 508 507 3117 
17029 2235 8101 9434 
17030 1416 1388 9149 
17031 3175 3088 3176 
17032 6081 5606 6082 
17033 5943 5942 8704 
17034 2483 2471 2484 
17035 2712 2711 2713 
17036 3959 3687 4247 
17037 8882 5803 10177 
17038 478 476 479 
17039 4076 4077 4078 
17040 5868 5867 6574 
17041 4008 4007 4009 
17042 5195 4468 5714 
17043 7109 6036 9891 
17044 8755 5299 9505 
17045 6836 6574 6837 
17046 3726 3725 3742 
17047 2723 2722 2724 
17048 9919 6149 10573 
17049 1717 1719 9146 
17050 4017 4417 5103 
17051 7252 7251 7253 
17052 5010 4316 5011 
17053 6255 5034 8683 
17054 5148 3957 6395 
17055 5067 5066 5068 
17056 2466 2468 8951 
17057 5468 8887 9778 
17058 5012 5011 5013 
17059 5556 5013 5557 
17060 482 479 484 
17061 2278 2279 2408 
17062 495 490 496 
17063 489 488 490 
17064 487 484 488 
17065 5884 5317 5885 
17066 3801 3176 3802 
17067 4331 4330 8869 
17068 605 604 8525 
17069 4248 4247 5613 
17070 2721 2720 2722 
17071 5983 4474 10432 
17072 4078 4079 4080 
17073 4320 4319 9295 
17074 4070 4071 5055 
17075 4082 4083 4088 
17076 4080 4081 4082 
17077 1582 1581 1793 
17078 1674 1677 2166 
17079 5626 8033 10033 
17080 6032 6031 8868 
17081 2370 1658 3178 
17082 4103 4106 4611 
17083 8706 7265 8707 
17084 483 9891 10624 
17085 4840 4839 4841 
17086 2728 2726 2729 
17087 3039 3038 3040 
17088 7263 7262 10633 
17089 2880 2795 2881 
17090 4633 5929 6037 
17091 3506 2881 3507 
17092 2719 2715 2720 
17093 4662 4661 4663 
17094 5102 5101 6310 
17095 7180 957 9123 
17096 579 583 8760 
17097 2714 2713 2715 
17098 1795 6448 9604 
17099 5549 6171 6172 
17100 3977 3880 4291 
17101 2539 2375 2733 
17102 10006 6920 10276 
17103 2788 2484 3431 
17104 3465 4388 4389 
17105 4611 4623 5870 
17106 4565 4563 6107 
17107 2625 2624 3250 
17108 5563 5441 8472 
17109 3571 3228 3572 
17110 3926 3925 4232 
17111 5501 8703 9796 
17112 4672 1854 8722 
17113 1339 8577 9012 
17114 1396 1395 1404 
17115 9169 377 9616 
17116 5103 5104 8617 
17117 4053 3282 4708 
17118 5138 5139 5140 
17119 1662 1660 4385 
17120 6172 6173 6174 
17121 3438 3439 4266 
17122 5427 5426 5428 
17123 4842 4841 4864 
17124 2117 2118 2123 
17125 3227 3226 3228 
17126 2166 2167 2397 
17127 2858 2733 3387 
17128 2650 2651 2767 
17129 5752 5751 10015 
17130 3304 3303 4337 
17131 10182 5962 10345 
17132 3249 3248 4393 
17133 6369 6370 6371 
17134 8784 5401 9406 
17135 2769 2770 3438 
17136 630 632 8775 
17137 3179 3178 3226 
17138 1433 1432 1434 
17139 6607 7099 8524 
17140 8947 6348 9859 
17141 5072 5071 5909 
17142 4462 4461 4463 
17143 585 587 8790 
17144 6275 6108 8859 
17145 3135 4672 6414 
17146 4052 4051 4528 
17147 2767 2768 2769 
17148 4384 4383 5661 
17149 1994 1793 2419 
17150 623 625 8779 
17151 3151 3040 3155 
17152 3487 3280 4375 
17153 5978 4231 7322 
17154 5429 5428 5430 
17155 6492 6490 9584 
17156 2239 2238 2455 
17157 580 579 8760 
17158 8630 8629 9895 
17159 2397 2398 2631 
17160 3483 3147 3848 
17161 6164 4385 9196 
17162 2779 2590 3046 
17163 1435 1434 1436 
17164 1449 1448 1450 
17165 2378 2538 2732 
17166 1447 1446 1448 
17167 1445 1444 1446 
17168 7127 298 10266 
17169 1443 1442 1444 
17170 1441 1440 1442 
17171 1439 1438 1440 
17172 1437 1436 1438 
17173 3127 3126 3128 
17174 5270 5269 5276 
17175 4364 4365 5735 
17176 1554 1551 1556 
17177 2293 2518 9070 
17178 4364 6064 9144 
17179 1409 1408 1410 
17180 3419 3155 4033 
17181 5967 5339 6396 
17182 4680 3944 4681 
17183 2998 7978 9301 
17184 613 615 8783 
17185 4529 4528 5751 
17186 5001 4337 5537 
17187 5041 4385 6157 
17188 1807 1809 9072 
17189 2123 2252 2253 
17190 4379 4033 5696 
17191 2253 2542 2543 
17192 4651 4355 9267 
17193 1668 5555 9174 
17194 6449 8365 10450 
17195 6709 2457 9619 
17196 2456 2455 2820 
17197 2821 2820 3348 
17198 5335 3848 5336 
17199 6361 6362 10234 
17200 4067 4009 4068 
17201 3480 3046 3481 
17202 1584 1794 9320 
17203 2732 3132 3318 
17204 5140 5141 5142 
17205 3129 3128 3130 
17206 1411 1410 1412 
17207 5277 5276 5310 
17208 8839 9306 10336 
17209 5142 5814 5815 
17210 600 602 8785 
17211 8551 2400 8648 
17212 5810 5813 8502 
17213 295 6962 9583 
17214 9733 5816 10130 
17215 6701 6700 8913 
17216 9270 5914 9677 
17217 594 596 8787 
17218 587 589 8789 
17219 3020 3861 9094 
17220 3872 4010 8692 
17221 3201 1007 8770 
17222 7859 7860 9311 
17223 6162 6161 9822 
17224 1334 1326 8812 
17225 6792 8437 9829 
17226 3303 2063 8941 
17227 5934 4985 8634 
17228 2748 3062 9158 
17229 8916 6870 9559 
17230 1881 1883 9424 
17231 1440 1473 8973 
17232 5715 6067 10132 
17233 8270 6249 10534 
17234 1436 2883 8975 
17235 5505 4288 8639 
17236 6830 6494 10090 
17237 4665 8679 10242 
17238 8890 7750 8986 
17239 2484 2471 9152 
17240 6713 6714 10331 
17241 5232 8916 9559 
17242 796 798 9321 
17243 2708 2710 8980 
17244 731 8540 9955 
17245 9563 747 10480 
17246 8738 3038 9092 
17247 5639 9476 9737 
17248 3222 3128 9683 
17249 7280 6838 10515 
17250 6942 8871 10235 
17251 7257 2136 8927 
17252 9722 7010 9905 
17253 5321 4683 8990 
17254 7453 8396 10454 
17255 5679 1502 9347 
17256 6695 8992 9797 
17257 363 359 8655 
17258 377 333 8642 
17259 8455 6881 9989 
17260 1397 1099 9707 
17261 280 6976 9870 
17262 5398 5369 8647 
17263 379 355 8657 
17264 6265 6897 10166 
17265 6734 7044 10620 
17266 931 929 8714 
17267 8378 5408 9538 
17268 3081 3083 9384 
17269 5360 7861 9325 
17270 9639 370 9934 
17271 8550 6715 10638 
17272 371 351 8658 
17273 5092 7330 8954 
17274 5983 8585 10514 
17275 5747 9637 9744 
17276 3997 4052 8776 
17277 2242 7265 8706 
17278 6689 6688 9542 
17279 6010 6729 9811 
17280 8623 5546 9992 
17281 8520 6000 10455 
17282 3991 6761 10105 
17283 2840 1511 10152 
17284 4188 4063 8710 
17285 376 347 8659 
17286 1996 1999 8358 
17287 7314 280 9980 
17288 3141 3578 9398 
17289 4640 7187 9926 
17290 4693 3597 8651 
17291 8594 630 8775 
17292 7331 6035 9580 
17293 2350 2348 9208 
17294 1337 1344 9332 
17295 4373 4530 8811 
17296 7171 5399 9998 
17297 1337 9332 9334 
17298 5147 5858 9127 
17299 8651 5099 9893 
17300 493 390 9108 
17301 2186 4053 8757 
17302 1222 1337 9334 
17303 6045 5934 9254 
17304 4649 4648 8955 
17305 8477 8687 9212 
17306 9343 7918 9531 
17307 8034 3719 10329 
17308 10257 3216 10427 
17309 8439 5191 9315 
17310 2151 6954 9720 
17311 9163 7440 9402 
17312 9130 6282 10309 
17313 8497 9829 10123 
17314 1443 1445 8699 
17315 1640 2011 8671 
17316 10111 5959 10117 
17317 8443 5398 9507 
17318 4540 5828 9006 
17319 9451 5768 10478 
17320 4601 5314 8719 
17321 1116 7707 9762 
17322 5912 4484 9486 
17323 5721 4500 9338 
17324 8780 9874 10143 
17325 634 636 8996 
17326 4386 5286 9393 
17327 1780 8983 9497 
17328 7974 5287 9341 
17329 7162 5091 9953 
17330 1597 2894 8661 
17331 1130 1330 9394 
17332 8599 600 8785 
17333 5136 5135 9131 
17334 2048 2050 9444 
17335 8116 6522 10542 
17336 6609 8886 10569 
17337 5740 9364 9671 
17338 6843 4275 10265 
17339 6891 1538 10383 
17340 901 899 8765 
17341 9184 5822 9469 
17342 5550 5522 9113 
17343 1294 9147 9419 
17344 620 618 9716 
17345 8601 594 8787 
17346 6300 8622 9961 
17347 2196 2198 8694 
17348 8404 3053 9537 
17349 659 662 8893 
17350 2194 3329 10005 
17351 416 9876 9936 
17352 8299 2163 9395 
17353 5760 9665 10169 
17354 1866 1864 8860 
17355 9243 7054 10060 
17356 8710 6043 8711 
17357 662 3146 8893 
17358 10497 5954 10610 
17359 5864 6243 10386 
17360 1851 8166 10027 
17361 850 1051 8523 
17362 4496 4498 9521 
17363 3162 8887 9188 
17364 5671 4373 8811 
17365 5713 4502 8673 
17366 4027 5340 8772 
17367 6987 5550 9818 
17368 9726 6969 9883 
17369 6598 6410 9535 
17370 4986 8958 8959 
17371 8522 5634 9872 
17372 6824 9336 9984 
17373 6865 1742 10213 
17374 5482 7180 9123 
17375 6739 6741 9124 
17376 5280 5251 8943 
17377 1963 9424 10287 
17378 8537 5643 9129 
17379 6508 6507 10565 
17380 8194 5112 10147 
17381 6425 6928 10419 
17382 4417 4016 9383 
17383 1603 1606 8686 
17384 3212 7319 10322 
17385 3231 478 8793 
17386 9331 6336 9666 
17387 10239 3326 10634 
17388 2174 2350 8615 
17389 6737 7019 10551 
17390 2248 2494 8862 
17391 6914 4569 10088 
17392 4637 4505 8922 
17393 5960 5959 10111 
17394 3866 2854 10501 
17395 7126 258 9045 
17396 1712 7292 8728 
17397 5053 7106 10220 
17398 9441 7140 9660 
17399 7080 6934 10008 
17400 1835 1837 10160 
17401 5152 7813 9354 
17402 1339 9012 9494 
17403 4832 4822 9168 
17404 303 7009 9319 
17405 6109 4522 9000 
17406 6054 9510 9550 
17407 1636 3047 8702 
17408 4656 6775 8684 
17409 4854 8341 10327 
17410 7365 4870 9357 
17411 6207 6121 9849 
17412 2216 2218 9428 
17413 6189 8374 9633 
17414 1978 5820 9359 
17415 368 2685 9002 
17416 4541 8541 9973 
17417 6594 269 10146 
17418 568 570 9036 
17419 5562 4050 8692 
17420 9908 6094 10269 
17421 6524 5200 9403 
17422 6572 9530 10150 
17423 5469 5467 9100 
17424 4275 6843 10606 
17425 2351 2498 8815 
17426 2645 3021 8814 
17427 3418 7067 10645 
17428 550 552 9038 
17429 10251 5970 10391 
17430 1198 8221 9343 
17431 7881 8788 9925 
17432 3974 6300 9429 
17433 10076 6462 10472 
17434 4591 4120 10591 
17435 6044 8915 9951 
17436 5754 9048 10556 
17437 3174 2767 8997 
17438 5798 6129 10136 
17439 1983 1985 9042 
17440 3113 3327 9984 
17441 30 292 8939 
17442 5444 5443 9362 
17443 6561 6559 10350 
17444 6708 6986 9998 
17445 6381 5784 9959 
17446 8768 5565 10194 
17447 6023 5350 9676 
17448 6063 5235 9411 
17449 8373 4296 9816 
17450 6576 6478 10059 
17451 5176 8238 9717 
17452 3215 3121 9972 
17453 10055 5864 10386 
17454 3430 4145 9025 
17455 2720 3160 8985 
17456 9614 6550 10092 
17457 2421 2090 8730 
17458 6441 2047 9948 
17459 9971 8141 10095 
17460 5680 8320 9496 
17461 5989 10161 10416 
17462 4106 4091 8816 
17463 4796 4782 8475 
17464 284 6807 9606 
17465 6354 6747 9954 
17466 6208 6209 10407 
17467 7047 6604 9935 
17468 3216 7691 10427 
17469 3231 8391 9575 
17470 6844 6397 10595 
17471 5631 5747 9744 
17472 6582 6581 10038 
17473 2100 2103 9752 
17474 3126 2049 8950 
17475 5487 5620 9392 
17476 3390 4008 8408 
17477 899 1110 8765 
17478 2506 2339 8706 
17479 6096 8623 10457 
17480 4402 6043 8710 
17481 1055 1057 10431 
17482 9042 8545 9551 
17483 3270 8701 9542 
17484 4505 5697 8922 
17485 5514 5513 9818 
17486 6003 5659 9631 
17487 5904 4622 9345 
17488 7154 5113 9852 
17489 8500 7060 9794 
17490 5777 10365 10488 
17491 5912 9486 9487 
17492 3514 4018 8675 
17493 7107 5903 8935 
17494 9235 4844 9735 
17495 2619 6767 10025 
17496 8658 376 9460 
17497 9955 8540 10176 
17498 4433 5648 9205 
17499 5609 4471 9684 
17500 6948 8343 9835 
17501 5520 3303 8941 
17502 729 727 8853 
17503 9441 1277 10102 
17504 8454 9040 9557 
17505 6948 6947 9988 
17506 50 51 9432 
17507 824 8153 8754 
17508 6706 3864 9885 
17509 3842 8224 9841 
17510 1056 2237 9556 
17511 10231 764 10547 
17512 9001 6461 10076 
17513 5681 4537 9465 
17514 5976 4603 8719 
17515 2745 2747 10024 
17516 6370 5815 8891 
17517 1423 654 9367 
17518 7103 8043 9368 
17519 6457 6818 10296 
17520 6592 6590 10357 
17521 2610 2608 8858 
17522 1378 1380 9422 
17523 3019 8603 9160 
17524 5768 4529 9366 
17525 291 6969 9726 
17526 2832 2830 10418 
17527 5120 5956 10399 
17528 5497 5498 9715 
17529 2820 2897 9110 
17530 7227 5292 9888 
17531 9543 5320 10105 
17532 5225 8890 8986 
17533 6385 9737 10093 
17534 6627 6630 9333 
17535 7010 304 9905 
17536 3062 2746 8728 
17537 6731 5926 10218 
17538 7156 5167 10316 
17539 6012 6013 9613 
17540 1583 1584 9320 
17541 8797 3903 9409 
17542 5928 5694 9512 
17543 1950 1948 10518 
17544 7125 7124 9452 
17545 8285 5464 10066 
17546 3686 3959 8836 
17547 2135 8169 9372 
17548 7401 7403 9373 
17549 3089 623 8779 
17550 6327 6328 9585 
17551 2155 1472 9055 
17552 7176 7178 9483 
17553 7141 7140 9441 
17554 5315 9355 9596 
17555 3893 7179 9709 
17556 5333 5853 8846 
17557 5763 4668 9057 
17558 8799 8462 10004 
17559 6446 5930 10145 
17560 8499 8500 9323 
17561 6703 5038 10654 
17562 7228 252 9304 
17563 6076 6078 10243 
17564 3735 3839 10362 
17565 5484 9364 10341 
17566 5425 6008 8995 
17567 4109 5829 10592 
17568 5008 5212 8920 
17569 3024 585 8790 
17570 8246 8225 10364 
17571 7219 7220 10339 
17572 8932 8933 9335 
17573 3041 4477 8848 
17574 2056 2055 9810 
17575 3912 3566 8729 
17576 1570 826 8754 
17577 3322 4511 8851 
17578 8517 3987 10576 
17579 8030 8029 9376 
17580 5744 3033 8956 
17581 4572 5745 8732 
17582 265 7172 9407 
17583 7418 7870 9377 
17584 3579 8429 9978 
17585 6452 6451 10204 
17586 479 476 10252 
17587 9124 1963 10287 
17588 2136 2139 8927 
17589 9046 3347 9398 
17590 8364 8661 9962 
17591 6400 6480 10094 
17592 1852 3135 8967 
17593 4450 9746 10174 
17594 4528 5462 9035 
17595 5276 5610 9053 
17596 9341 5287 9434 
17597 9339 5328 10025 
17598 9445 6528 10483 
17599 5561 5562 9789 
17600 3146 664 8663 
17601 8304 8783 10050 
17602 922 924 8915 
17603 10427 7691 10538 
17604 3051 3514 8675 
17605 1681 1507 9388 
17606 5938 8365 9651 
17607 4437 5980 8747 
17608 1459 1457 9067 
17609 331 342 8642 
17610 5609 9684 9731 
17611 4706 2812 10281 
17612 3515 4438 8865 
17613 8770 1021 10011 
17614 6080 8866 10257 
17615 4057 4480 10030 
17616 2313 4116 8867 
17617 3019 9160 9240 
17618 6921 9220 10275 
17619 5441 4409 8960 
17620 9431 6743 9987 
17621 8156 5517 10522 
17622 4536 5681 10164 
17623 3952 3950 8870 
17624 1465 1463 9084 
17625 4452 4450 10174 
17626 8984 6390 9599 
17627 8959 8958 9423 
17628 8585 5983 10432 
17629 4045 3334 8962 
17630 8521 5751 9035 
17631 5298 7164 10611 
17632 4016 4370 9383 
17633 3301 9308 9715 
17634 5460 4560 8957 
17635 1951 1953 8828 
17636 1402 634 8996 
17637 5830 8561 10343 
17638 1947 1949 8874 
17639 2427 2678 8832 
17640 583 3024 8760 
17641 2580 3187 8840 
17642 8219 6316 10278 
17643 3794 5466 9054 
17644 2237 7068 9556 
17645 4610 5087 9102 
17646 7193 8713 9453 
17647 660 659 8893 
17648 6325 6327 10023 
17649 5738 7181 9840 
17650 3548 5067 8504 
17651 6220 4263 10463 
17652 10149 6651 10184 
17653 3423 5806 9034 
17654 5631 9744 9862 
17655 632 1402 8775 
17656 313 7336 9365 
17657 1671 1669 9177 
17658 5909 7315 10379 
17659 6432 5322 9396 
17660 8375 6191 10173 
17661 1398 8761 9283 
17662 625 629 8779 
17663 154 257 10301 
17664 2108 9656 9667 
17665 1719 1727 9146 
17666 7808 3400 9431 
17667 8839 8838 9306 
17668 5702 9970 10110 
17669 3760 2484 9152 
17670 2015 1416 9149 
17671 615 738 8783 
17672 327 7326 8796 
17673 4224 4444 9148 
17674 7440 7613 9402 
17675 6897 6898 10166 
17676 9963 6553 10221 
17677 5337 5727 9602 
17678 6595 6594 10648 
17679 2153 1998 8942 
17680 6543 6544 9770 
17681 602 605 8785 
17682 9514 6519 10314 
17683 9398 3578 9577 
17684 4691 5510 9086 
17685 596 1392 8787 
17686 4456 3267 8894 
17687 617 619 9251 
17688 8166 3456 9400 
17689 2509 2308 9154 
17690 2343 9380 9860 
17691 9109 6343 9645 
17692 5279 5277 8884 
17693 8419 6057 9380 
17694 589 592 8789 
17695 738 617 9251 
17696 1420 744 9563 
17697 939 937 8855 
17698 7311 6496 9383 
17699 3595 3023 9155 
17700 4703 3480 9056 
17701 1355 1074 9668 
17702 5628 5333 8846 
17703 1064 1062 8856 
17704 3582 3550 9157 
17705 6770 257 10392 
17706 4184 9401 10068 
17707 9355 7022 9596 
17708 2561 6093 10274 
17709 3060 2750 9158 
17710 1265 7561 10264 
17711 350 352 10069 
17712 105 318 9882 
17713 1363 1365 8900 
17714 1590 1594 9161 
17715 2464 2462 9024 
17716 5681 8539 10164 
17717 5010 5012 8771 
17718 8471 9072 9598 
17719 1798 6870 10324 
17720 1046 1070 8861 
17721 665 663 1571 
17722 8159 4979 9480 
17723 7907 5844 9412 
17724 9915 7318 10134 
17725 8729 5653 9211 
17726 8329 6012 9613 
17727 4357 8119 9413 
17728 5846 5946 8873 
17729 2837 3326 10239 
17730 6214 6764 9819 
17731 9677 5914 10288 
17732 2862 7327 10334 
17733 5355 5354 10475 
17734 88 89 9644 
17735 6022 7314 9980 
17736 2382 2385 9495 
17737 6187 6188 9517 
17738 7827 9823 10022 
17739 5009 4633 9142 
17740 1326 3252 8812 
17741 3269 8791 10619 
17742 3474 3471 9165 
17743 5851 9673 10517 
17744 6423 6651 10096 
17745 3924 3132 9545 
17746 3188 3191 8881 
17747 9058 6092 9250 
17748 3100 4021 9166 
17749 5357 4067 8898 
17750 6159 8412 9337 
17751 2816 6950 9828 
17752 3762 3256 9167 
17753 3223 8691 9132 
17754 9230 4062 10234 
17755 10326 1573 10388 
17756 8853 5035 10467 
17757 1418 1294 9419 
17758 1564 1554 8901 
17759 1572 1385 9612 
17760 3300 3365 8879 
17761 3203 8809 9675 
17762 4529 5752 9366 
17763 8146 3834 9453 
17764 5508 5940 9503 
17765 9393 5820 9439 
17766 4598 5621 8664 
17767 1081 1079 8875 
17768 251 7128 9909 
17769 341 337 9169 
17770 9338 4500 9518 
17771 5932 6119 10272 
17772 6415 8722 9560 
17773 4398 4452 9624 
17774 4980 6406 8876 
17775 1647 1650 9178 
17776 4370 3513 9622 
17777 2642 4322 9878 
17778 5788 9259 9902 
17779 4253 4567 8878 
17780 4293 4988 9535 
17781 7155 8684 10114 
17782 8906 5721 9338 
17783 8620 2248 8862 
17784 5632 844 8551 
17785 5612 9104 9714 
17786 5854 6234 10125 
17787 8434 2256 9119 
17788 4524 3746 9172 
17789 4530 6504 8811 
17790 1484 10117 10201 
17791 4923 9261 10598 
17792 2764 2762 9092 
17793 5493 4580 9171 
17794 4867 4868 9194 
17795 297 8755 9505 
17796 986 984 9426 
17797 8840 6195 10465 
17798 4682 6004 8990 
17799 2713 2717 9085 
17800 6825 5878 8863 
17801 9308 5497 9715 
17802 1425 1411 8905 
17803 7918 7938 9531 
17804 4476 6226 9116 
17805 8581 767 9704 
17806 4316 3943 8954 
17807 5099 6894 9893 
17808 3155 4431 9098 
17809 7308 8985 10617 
17810 7171 420 9745 
17811 1832 10081 10267 
17812 6859 287 10376 
17813 2591 2480 9025 
17814 1658 1659 9174 
17815 5086 5089 9049 
17816 4563 4564 9170 
17817 5023 8219 10278 
17818 1077 955 8885 
17819 5347 3852 9340 
17820 3406 3408 9000 
17821 7293 9779 10128 
17822 8312 4188 10277 
17823 1434 1432 10346 
17824 8432 1355 9668 
17825 9365 6576 10059 
17826 3204 9522 10116 
17827 2651 2649 8969 
17828 6388 9230 10234 
17829 5863 4666 9080 
17830 6238 8831 10387 
17831 1170 1168 9430 
17832 6965 9609 10531 
17833 6714 10036 10451 
17834 1198 9343 9531 
17835 6696 3906 10295 
17836 7691 1017 10538 
17837 4564 4609 9170 
17838 6399 6400 10259 
17839 9126 6050 9830 
17840 5101 4331 8869 
17841 6246 5001 8918 
17842 5675 6612 10273 
17843 6035 6032 8868 
17844 3481 4384 9056 
17845 2045 5978 8950 
17846 8361 7240 9620 
17847 8549 869 9922 
17848 732 700 9433 
17849 3888 8309 10369 
17850 5801 5041 8919 
17851 7044 10047 10620 
17852 5548 9169 9616 
17853 242 6957 9353 
17854 4463 4461 10315 
17855 1426 8329 9613 
17856 1659 1668 9174 
17857 6532 6535 9906 
17858 10222 268 10410 
17859 5183 4007 10398 
17860 4141 7328 10245 
17861 3819 8747 9456 
17862 5287 5664 9434 
17863 8244 5988 9378 
17864 1163 1165 9436 
17865 6609 6606 9322 
17866 3791 9228 9686 
17867 8341 6751 10327 
17868 2434 2431 9363 
17869 5506 8180 9654 
17870 8733 6753 9695 
17871 4567 6870 8916 
17872 1864 1867 8860 
17873 6137 5673 9437 
17874 310 76 10479 
17875 8399 7141 10102 
17876 5820 5821 9439 
17877 5424 2069 9181 
17878 8866 3216 10257 
17879 8828 1953 8829 
17880 5750 8314 10068 
17881 1012 1010 8899 
17882 7712 5631 9862 
17883 8355 4271 9858 
17884 7044 509 10047 
17885 8832 2678 9096 
17886 6683 6691 10491 
17887 4392 2821 8921 
17888 1007 1009 8770 
17889 5731 8367 9267 
17890 189 8924 9960 
17891 737 6445 10070 
17892 4357 9413 9476 
17893 4648 4130 10092 
17894 3636 9207 10057 
17895 8952 6464 10592 
17896 2653 8685 9794 
17897 7325 5298 9342 
17898 6160 6383 10201 
17899 5731 9267 9746 
17900 4006 7248 10398 
17901 478 482 8793 
17902 9032 9022 9033 
17903 8445 4087 10340 
17904 6980 6983 9797 
17905 8991 5604 9669 
17906 1843 9959 10084 
17907 9105 5530 10187 
17908 9084 7176 9483 
17909 8365 6453 9651 
17910 3418 9349 10154 
17911 2468 2470 9300 
17912 2494 2853 8862 
17913 8524 293 9979 
17914 8519 5616 9101 
17915 8029 9083 9376 
17916 308 7241 9874 
17917 1192 1190 9449 
17918 5292 7227 10099 
17919 9656 2108 9821 
17920 9601 1954 10372 
17921 1626 8448 9489 
17922 5324 6497 9983 
17923 8320 5680 9685 
17924 5727 5338 10167 
17925 5404 8382 10577 
17926 2363 2539 8956 
17927 9100 6828 10406 
17928 5616 5786 9101 
17929 9587 251 9909 
17930 2264 4364 9144 
17931 7712 9862 9970 
17932 3897 6061 9454 
17933 6181 6183 9470 
17934 9298 2549 10306 
17935 3207 2543 8940 
17936 9289 7274 9778 
17937 2825 207 9162 
17938 2542 2757 8940 
17939 1984 3757 9516 
17940 7226 5032 9112 
17941 5055 6830 10090 
17942 5764 9826 10035 
17943 5879 5880 9335 
17944 8876 6406 10418 
17945 6851 8445 10340 
17946 3145 8973 9555 
17947 8359 8358 9509 
17948 5749 8616 9713 
17949 6651 6650 10184 
17950 2353 2351 8815 
17951 5660 9318 10428 
17952 1412 4128 8905 
17953 8525 607 9568 
17954 5680 4649 8955 
17955 6882 6618 10378 
17956 6379 6583 10029 
17957 7161 4416 10506 
17958 4869 7185 10357 
17959 6382 6381 10396 
17960 2121 2117 9195 
17961 8577 7616 10489 
17962 4044 2121 9195 
17963 9517 1107 9630 
17964 8878 4567 8916 
17965 7337 267 9418 
17966 2205 2207 9591 
17967 3731 8991 9669 
17968 5661 4383 9116 
17969 5918 9817 10221 
17970 477 8519 9101 
17971 5744 8956 9508 
17972 9797 6983 10647 
17973 3956 5148 8960 
17974 9391 1616 10282 
17975 8119 9348 9413 
17976 4704 5730 10269 
17977 3444 8750 10636 
17978 7210 1295 10399 
17979 6849 5758 9736 
17980 2378 2732 10570 
17981 5623 9039 9040 
17982 8633 4538 10559 
17983 7056 5282 10075 
17984 5614 5613 9360 
17985 9932 6858 10487 
17986 6036 6034 9891 
17987 6804 973 10656 
17988 1616 1609 10282 
17989 5245 5195 8970 
17990 2020 1866 9017 
17991 3330 6081 8962 
17992 1661 1665 9196 
17993 5139 5136 9131 
17994 7143 5961 10335 
17995 7873 5975 9461 
17996 6471 7280 9479 
17997 1660 1661 9196 
17998 6212 4637 8922 
17999 8311 2444 9786 
18000 7658 682 9462 
18001 8338 4796 10183 
18002 321 132 9851 
18003 5066 6886 9303 
18004 6119 5933 9656 
18005 4439 6322 9417 
18006 4380 5488 10088 
18007 9841 6815 10511 
18008 287 13 9647 
18009 6251 6361 10482 
18010 5400 5401 9374 
18011 7269 6144 9488 
18012 394 392 9723 
18013 4175 4176 9466 
18014 9919 565 10615 
18015 1132 1130 9394 
18016 3183 8984 9599 
18017 5726 8935 9241 
18018 5175 8760 9473 
18019 3302 3304 9275 
18020 10237 9461 10639 
18021 5895 9462 10631 
18022 8934 9304 9657 
18023 6556 9256 9302 
18024 9003 1504 9691 
18025 9510 4018 9550 
18026 8838 2081 9306 
18027 6968 123 9799 
18028 2716 7090 9567 
18029 9072 1809 9598 
18030 7100 5179 10572 
18031 4071 3314 9288 
18032 2080 2122 10408 
18033 6226 5008 8920 
18034 6067 5793 9931 
18035 5986 5987 10557 
18036 7022 2797 9596 
18037 3090 3842 9841 
18038 7818 1980 9469 
18039 4604 8078 10614 
18040 10614 8078 10616 
18041 342 329 8796 
18042 7653 7767 9471 
18043 5543 4540 9006 
18044 2306 2361 9010 
18045 10059 6478 10377 
18046 5961 5960 9617 
18047 8078 4606 10616 
18048 4145 5884 9025 
18049 5315 8822 9355 
18050 292 6623 8939 
18051 9104 5638 9714 
18052 570 769 9036 
18053 5633 4266 8993 
18054 7177 7175 10401 
18055 6664 6663 10295 
18056 3572 4662 9005 
18057 552 1493 9038 
18058 8180 8769 9654 
18059 4358 4357 9476 
18060 8633 6504 10118 
18061 4185 4184 10068 
18062 8541 8542 9973 
18063 2724 2728 9059 
18064 5759 4981 9764 
18065 4648 10092 10536 
18066 3928 3926 8971 
18067 9667 6045 9752 
18068 4462 4464 9387 
18069 7270 5553 9688 
18070 380 382 9670 
18071 3411 1623 10582 
18072 4845 4842 8968 
18073 5053 3702 10574 
18074 5894 9398 9577 
18075 5791 6227 9939 
18076 8448 6508 9489 
18077 6305 8263 10099 
18078 8530 9239 10149 
18079 1096 1094 9853 
18080 1985 2294 9042 
18081 1159 1161 9481 
18082 4471 5447 9684 
18083 709 746 9482 
18084 231 320 9590 
18085 3383 8455 9989 
18086 587 8789 8790 
18087 3116 8644 10219 
18088 6660 6661 10305 
18089 1395 1334 8812 
18090 9016 3824 9708 
18091 8988 3052 9627 
18092 5952 5605 9425 
18093 8608 5663 10083 
18094 6336 6418 9666 
18095 3984 3977 8979 
18096 5460 8957 8965 
18097 1784 1780 9497 
18098 1453 8902 9111 
18099 2462 8368 9024 
18100 3261 2817 9034 
18101 9581 8440 10491 
18102 5335 6973 9524 
18103 4232 5943 8971 
18104 5513 6987 9818 
18105 8308 4255 9370 
18106 5991 5561 10255 
18107 4864 5898 8968 
18108 6797 7056 10075 
18109 5934 8843 9254 
18110 6795 4302 9889 
18111 3022 8244 9378 
18112 5196 4294 9091 
18113 8508 8969 10139 
18114 9671 9364 10107 
18115 4291 6066 8979 
18116 6843 6101 9682 
18117 9296 9452 10085 
18118 7487 6114 9907 
18119 7577 7838 9485 
18120 6591 6590 10607 
18121 1676 2004 9838 
18122 5971 5969 10445 
18123 6259 6105 9309 
18124 5426 4832 9168 
18125 5212 6113 8920 
18126 6056 9003 9691 
18127 8328 2151 9720 
18128 6524 8770 10011 
18129 1563 8421 10205 
18130 4839 4836 8999 
18131 1384 3048 9831 
18132 7172 309 9381 
18133 6171 5425 8995 
18134 2004 2003 9189 
18135 8567 8568 10017 
18136 5841 6431 9755 
18137 1843 1844 10119 
18138 2722 2720 8985 
18139 2178 8654 10339 
18140 5659 7050 9631 
18141 1442 1440 8973 
18142 9340 3990 9501 
18143 1438 1436 8975 
18144 6693 7096 8992 
18145 801 1339 9494 
18146 6197 9027 10634 
18147 9036 769 9064 
18148 3439 3983 8993 
18149 3480 3481 9056 
18150 3979 3274 9054 
18151 8504 6578 9582 
18152 5277 5310 8884 
18153 6715 6716 10638 
18154 6971 9063 9917 
18155 4083 4085 8982 
18156 9945 6308 10543 
18157 3802 3805 8987 
18158 3742 5604 8991 
18159 496 499 8988 
18160 3555 901 8765 
18161 2139 2144 8927 
18162 9378 5988 10227 
18163 2894 8477 9212 
18164 4635 3801 8987 
18165 2620 8588 9420 
18166 1370 2152 10008 
18167 8663 7269 9488 
18168 8954 7330 9475 
18169 650 653 9500 
18170 5363 495 8988 
18171 9369 6062 10202 
18172 9361 3203 9675 
18173 3728 3726 8991 
18174 2693 8527 9455 
18175 10097 6349 10456 
18176 4263 6702 9914 
18177 8067 5535 9502 
18178 730 8618 9832 
18179 3213 7696 9503 
18180 8690 5636 9484 
18181 5553 5551 9688 
18182 6688 9031 9542 
18183 5515 5994 9653 
18184 4067 4068 8898 
18185 4292 3571 9005 
18186 5827 8328 9720 
18187 9891 7078 10624 
18188 5001 5537 8918 
18189 2152 8818 8847 
18190 5672 7229 9856 
18191 2295 2293 9070 
18192 5041 6157 8919 
18193 1810 1807 9072 
18194 1471 1504 9003 
18195 3384 2155 9055 
18196 7072 2908 10549 
18197 6434 4687 9007 
18198 1554 1556 8901 
18199 5475 5477 9051 
18200 973 9250 10656 
18201 5766 5763 9057 
18202 2574 2439 9136 
18203 1500 1486 9734 
18204 3168 3102 9137 
18205 4477 6051 9313 
18206 3342 3180 9139 
18207 5919 9453 9886 
18208 5964 5095 9141 
18209 4506 5501 9796 
18210 4075 3410 8998 
18211 1653 10032 10640 
18212 1411 1412 8905 
18213 4289 9151 9348 
18214 3821 3824 9016 
18215 3398 3020 9094 
18216 2767 2769 8997 
18217 7014 8700 10323 
18218 8807 7488 9449 
18219 6224 9016 9708 
18220 3852 3990 9340 
18221 8933 5679 9696 
18222 9531 7938 9759 
18223 2409 2481 9200 
18224 1742 6582 10213 
18225 8754 5882 10182 
18226 5429 5431 9511 
18227 3177 1069 9023 
18228 5969 5970 9757 
18229 5926 6240 10045 
18230 9538 2966 10304 
18231 1400 4139 9026 
18232 7197 5475 9051 
18233 4360 1470 9003 
18234 5167 8260 10316 
18235 5526 5524 9150 
18236 4662 4665 10242 
18237 4138 8550 9623 
18238 4415 5313 9007 
18239 9485 7838 9546 
18240 6443 9058 9250 
18241 2828 9678 10330 
18242 9482 746 9564 
18243 6865 5717 9153 
18244 8606 2377 8995 
18245 7009 239 9643 
18246 6779 2796 9766 
18247 3407 2731 9159 
18248 5925 10006 10276 
18249 4378 3895 9128 
18250 8956 2539 9508 
18251 6623 6629 8939 
18252 2350 9208 9392 
18253 6768 5352 10320 
18254 4837 4840 9235 
18255 2240 9479 10430 
18256 2543 2542 8940 
18257 2360 1734 9041 
18258 4500 4501 9518 
18259 8163 2999 9765 
18260 7330 302 9475 
18261 7019 6634 10337 
18262 9682 3138 10606 
18263 3940 3545 9011 
18264 5461 8963 10520 
18265 2821 3348 8921 
18266 8958 976 9423 
18267 5752 8596 9366 
18268 5918 5774 9817 
18269 4401 1527 9052 
18270 690 688 9522 
18271 3544 2835 9060 
18272 2880 3506 9399 
18273 4051 3432 9198 
18274 9751 4698 10290 
18275 7792 7794 9637 
18276 1112 1111 9414 
18277 3071 2637 9014 
18278 5959 6160 10117 
18279 6962 9205 9583 
18280 1001 1003 10093 
18281 9466 4176 9593 
18282 2389 2300 9015 
18283 4632 3820 9016 
18284 2853 4570 8862 
18285 8321 2618 10415 
18286 7262 10425 10633 
18287 2632 2650 9190 
18288 760 7635 10131 
18289 3871 7227 9079 
18290 8315 3519 9076 
18291 8382 1718 10577 
18292 8911 2077 9299 
18293 609 1391 9568 
18294 4140 1552 9081 
18295 1548 1459 9067 
18296 5835 3922 9082 
18297 9234 7189 10214 
18298 9033 6327 9585 
18299 1566 1564 9143 
18300 3744 4485 9270 
18301 6613 8743 9771 
18302 1812 1816 9022 
18303 5552 8726 9120 
18304 5835 9082 9748 
18305 7231 2101 9927 
18306 894 3002 9525 
18307 5702 7712 9970 
18308 2639 3249 9277 
18309 2292 9516 9903 
18310 3351 3593 9527 
18311 8228 2723 9059 
18312 3725 3722 9093 
18313 2012 1708 9179 
18314 5177 5176 9717 
18315 3348 2820 9110 
18316 8629 2304 9895 
18317 6006 9658 10280 
18318 2498 2785 9188 
18319 6459 6462 10076 
18320 1068 1089 9023 
18321 1547 1465 9084 
18322 5063 4433 9205 
18323 10490 10286 10629 
18324 2257 1399 9026 
18325 9118 5229 9957 
18326 4304 4509 9027 
18327 5718 6865 10213 
18328 8148 1198 9531 
18329 5051 4055 9028 
18330 1818 1829 9598 
18331 6849 4439 9417 
18332 7252 7253 9134 
18333 9937 7065 10390 
18334 2309 2012 9180 
18335 5612 3520 9104 
18336 1375 1371 9029 
18337 1437 1439 9595 
18338 6429 5151 9533 
18339 3000 8161 9530 
18340 8173 4457 9287 
18341 9255 3384 9256 
18342 1837 1839 10084 
18343 5751 4528 9035 
18344 414 417 10003 
18345 2715 2713 9085 
18346 9256 3384 9302 
18347 4137 1451 9111 
18348 4431 8738 9234 
18349 8641 5196 9091 
18350 9617 5960 9663 
18351 4129 3131 9132 
18352 6725 6723 9979 
18353 3923 6637 9128 
18354 2627 3214 9109 
18355 6149 4376 9120 
18356 3245 3374 9541 
18357 6927 6889 10594 
18358 5942 5794 10547 
18359 9271 8467 9869 
18360 5265 5263 9187 
18361 5339 4394 9140 
18362 1408 1405 9133 
18363 3292 3166 9176 
18364 2705 2703 9405 
18365 6691 6692 10491 
18366 5255 5253 9193 
18367 6375 6377 9790 
18368 4842 4864 8968 
18369 1955 5650 9175 
18370 1469 1425 9164 
18371 6478 6477 10377 
18372 5622 6151 9039 
18373 1142 6913 10529 
18374 1733 5412 9041 
18375 6190 6191 9415 
18376 7838 4004 9546 
18377 5510 8243 9086 
18378 3080 2896 9182 
18379 3012 4236 9061 
18380 4266 3439 8993 
18381 5649 4292 9005 
18382 1357 938 9044 
18383 3926 4232 8971 
18384 7312 3975 9703 
18385 4550 4551 9808 
18386 8413 2446 9492 
18387 1727 4058 9146 
18388 5985 5228 9075 
18389 2467 2464 9024 
18390 3999 5638 9104 
18391 5833 5230 9071 
18392 4419 4691 9183 
18393 3571 3572 9005 
18394 2762 4044 9092 
18395 9018 3251 9099 
18396 4115 2015 9149 
18397 9859 6348 10400 
18398 4444 5666 9148 
18399 5195 5714 8970 
18400 6428 6279 9880 
18401 3977 4291 8979 
18402 816 814 9107 
18403 4104 4565 9305 
18404 2259 9144 9693 
18405 1525 1528 9052 
18406 3983 5346 8993 
18407 2157 4153 9114 
18408 6394 8797 9409 
18409 3508 4552 9099 
18410 4684 8772 9553 
18411 9008 7082 10091 
18412 3408 4025 9118 
18413 1020 8474 10129 
18414 4786 4784 9145 
18415 4088 4083 8982 
18416 2302 2441 9030 
18417 1701 1695 9554 
18418 5710 5147 9127 
18419 2834 3067 9060 
18420 9433 6050 10603 
18421 9026 6363 9678 
18422 3801 3802 8987 
18423 6430 9342 10611 
18424 3682 3679 9125 
18425 495 496 8988 
18426 4510 2509 9154 
18427 5920 4548 9964 
18428 7160 6288 9740 
18429 6124 5279 8884 
18430 2677 3144 9062 
18431 9305 6275 10012 
18432 1065 1067 9336 
18433 3432 3431 9198 
18434 3064 1814 9032 
18435 5980 5981 9491 
18436 2976 9662 10492 
18437 6186 6190 10319 
18438 2723 2724 9059 
18439 5547 4703 9056 
18440 5440 4147 10017 
18441 5728 3595 9155 
18442 2950 3527 9219 
18443 5310 5276 9053 
18444 5597 6802 10140 
18445 4495 3582 9157 
18446 9154 2188 9692 
18447 7733 8359 9780 
18448 9085 9048 9800 
18449 9596 2797 9760 
18450 3410 3434 8998 
18451 3726 3742 8991 
18452 5606 3060 9158 
18453 3187 8881 9447 
18454 2408 2409 9200 
18455 5087 5086 9049 
18456 8367 4651 9267 
18457 6507 5108 10565 
18458 1594 4076 9161 
18459 3544 9060 9749 
18460 976 956 9423 
18461 272 16 9802 
18462 6596 6595 10648 
18463 1470 1471 9003 
18464 746 7276 9564 
18465 4687 4415 9007 
18466 9096 2678 9097 
18467 7259 5402 9519 
18468 1295 1065 9336 
18469 1016 1390 9073 
18470 3642 7591 9566 
18471 3968 3289 9079 
18472 1391 611 10053 
18473 5776 8209 9235 
18474 1650 4074 9178 
18475 2637 2654 9014 
18476 7415 7417 10022 
18477 2300 2302 9015 
18478 3371 3756 9076 
18479 3820 3821 9016 
18480 9063 8759 9917 
18481 3756 5026 9076 
18482 8183 5341 9204 
18483 5228 8216 9075 
18484 5709 6088 9712 
18485 4582 5958 9078 
18486 1390 3211 9073 
18487 2631 2632 9190 
18488 3545 3546 9011 
18489 1654 2370 9316 
18490 3810 3812 9082 
18491 1069 1068 9023 
18492 6913 6914 10088 
18493 4981 8762 9764 
18494 4801 4803 10056 
18495 3812 3815 9082 
18496 1399 1400 9026 
18497 6197 4304 9027 
18498 548 550 9081 
18499 6742 9124 10287 
18500 4055 4576 9028 
18501 5230 5359 9071 
18502 1371 1372 9029 
18503 3144 3937 9062 
18504 9049 5469 9050 
18505 7289 6286 10318 
18506 9136 2616 9201 
18507 3067 5624 9060 
18508 2441 2862 9030 
18509 3345 3064 9032 
18510 4577 3968 9079 
18511 4578 5816 9733 
18512 1814 1812 9022 
18513 7323 9216 9807 
18514 8992 6978 9797 
18515 5672 4392 8921 
18516 6919 419 9676 
18517 4066 7092 10176 
18518 3477 3474 9165 
18519 5623 5622 9039 
18520 1734 1733 9041 
18521 938 939 9044 
18522 8358 1999 9509 
18523 3205 1357 9044 
18524 4021 5549 9166 
18525 6309 6259 9309 
18526 1527 1525 9052 
18527 4384 5662 10052 
18528 680 683 9576 
18529 9173 2693 9455 
18530 7309 5019 9446 
18531 6410 4555 9535 
18532 4132 8068 9614 
18533 2835 2834 9060 
18534 8772 5340 9553 
18535 1850 1849 10064 
18536 5684 3762 9167 
18537 2678 2677 9062 
18538 3076 8182 9816 
18539 4983 7287 9088 
18540 3202 1375 9029 
18541 5895 5894 9577 
18542 6562 5051 9028 
18543 4509 6917 9027 
18544 3038 2764 9092 
18545 9546 4004 9597 
18546 1472 1016 9073 
18547 3519 3371 9076 
18548 1151 3309 9523 
18549 2165 6439 9774 
18550 4668 4582 9078 
18551 6729 5881 10297 
18552 6224 4632 9016 
18553 1552 548 9081 
18554 4141 2389 9015 
18555 3516 3071 9014 
18556 3131 3130 9132 
18557 5089 5469 9049 
18558 3318 3923 9128 
18559 3142 9041 9690 
18560 3384 9055 9302 
18561 2161 2347 9291 
18562 5313 8576 9007 
18563 6056 4360 9003 
18564 9372 8169 9898 
18565 5530 4075 8998 
18566 2731 2729 9159 
18567 8627 8626 9273 
18568 4854 4845 8968 
18569 6051 4983 9088 
18570 9376 5392 9634 
18571 4236 6236 9061 
18572 3721 5006 9093 
18573 5548 341 9169 
18574 4085 4103 8982 
18575 6153 4635 8987 
18576 9867 97 10178 
18577 3289 3871 9079 
18578 3403 3012 9061 
18579 2034 2032 9206 
18580 3462 5038 9294 
18581 3251 3250 9099 
18582 4033 3155 9098 
18583 1451 1450 9111 
18584 8751 2709 10338 
18585 3922 3810 9082 
18586 4394 4393 9140 
18587 3520 3387 9104 
18588 2270 2272 9273 
18589 2420 2419 9109 
18590 5521 3928 8971 
18591 4376 4375 9120 
18592 8428 8879 10224 
18593 4466 4462 9387 
18594 3731 3728 8991 
18595 5965 9113 9855 
18596 1405 1404 9133 
18597 2877 8504 9582 
18598 5538 9567 10200 
18599 3206 7359 10367 
18600 6606 6607 9322 
18601 3976 5862 9290 
18602 8396 2178 10339 
18603 4040 3413 9249 
18604 3722 3721 9093 
18605 6154 9154 9692 
18606 1331 1318 9540 
18607 3072 6476 10260 
18608 6249 6248 10534 
18609 4633 6037 9142 
18610 5236 5461 9442 
18611 8915 924 9951 
18612 5401 7150 9406 
18613 7224 4271 9944 
18614 9082 3815 9748 
18615 4294 4296 9091 
18616 5700 4524 9172 
18617 2038 2036 9215 
18618 6253 5493 9171 
18619 2043 2040 9216 
18620 2622 2514 9217 
18621 607 609 9568 
18622 370 9520 9934 
18623 1389 7136 9358 
18624 3250 3508 9099 
18625 1457 1456 9114 
18626 8904 7143 9460 
18627 5271 9193 10054 
18628 8272 9052 9699 
18629 6625 6627 9185 
18630 8579 3191 9966 
18631 2272 2399 9273 
18632 2647 6952 10447 
18633 43 44 9938 
18634 5807 5808 10222 
18635 8433 8432 9668 
18636 2138 2124 9445 
18637 6263 5716 10310 
18638 3178 1658 9174 
18639 2538 2258 9693 
18640 9808 7230 10458 
18641 3479 3962 10461 
18642 3387 3999 9104 
18643 3254 1936 9175 
18644 743 741 9224 
18645 3464 2459 9350 
18646 3847 3536 9223 
18647 748 745 9225 
18648 3876 8502 9947 
18649 5189 4110 9226 
18650 753 750 9227 
18651 5818 5817 9993 
18652 578 770 9286 
18653 5326 9311 9361 
18654 8938 944 9351 
18655 564 3276 9284 
18656 4176 4180 9593 
18657 560 1398 9283 
18658 556 3277 9282 
18659 5477 5497 9051 
18660 5977 5976 9458 
18661 6107 4563 9170 
18662 4440 3930 9229 
18663 2238 2020 9017 
18664 2077 2073 9299 
18665 6649 6647 10106 
18666 6629 6625 9185 
18667 8417 6920 10006 
18668 1011 1013 9611 
18669 1805 1808 9280 
18670 6407 5237 9504 
18671 8850 3232 9603 
18672 1627 10314 10655 
18673 4636 8398 10590 
18674 6886 8436 9753 
18675 3288 820 9297 
18676 4112 3984 9209 
18677 7472 5315 9596 
18678 4004 7681 9597 
18679 5772 7174 9739 
18680 2419 2627 9109 
18681 5769 5201 9416 
18682 1052 3418 10645 
18683 8891 5814 10062 
18684 1463 1461 9231 
18685 5708 7537 10492 
18686 3007 3904 9260 
18687 8845 4538 10164 
18688 3737 3734 9221 
18689 5929 4389 9713 
18690 7285 10238 10367 
18691 5617 5737 9726 
18692 9055 1472 9073 
18693 1743 1545 9233 
18694 3679 3683 9125 
18695 1456 2157 9114 
18696 1936 1934 9175 
18697 2868 3278 9276 
18698 6685 5910 10162 
18699 3844 4435 9289 
18700 3146 8663 9488 
18701 6608 6609 10371 
18702 9057 4668 9078 
18703 9168 4813 9701 
18704 6368 6079 9636 
18705 3122 8641 10180 
18706 4148 3328 9259 
18707 1450 1453 9111 
18708 2900 6412 10458 
18709 3356 3359 9258 
18710 7488 7487 9907 
18711 7053 5610 10225 
18712 1364 1361 9272 
18713 2 28 10229 
18714 4569 8517 10576 
18715 5860 9252 9815 
18716 6250 6251 10191 
18717 6288 6289 10363 
18718 3907 3739 9237 
18719 9907 6114 10156 
18720 2447 2819 9271 
18721 4784 4796 9145 
18722 6372 6370 9967 
18723 1944 1940 9269 
18724 9060 5624 9749 
18725 5172 4328 9266 
18726 6566 7308 10617 
18727 5852 5236 9442 
18728 5718 9292 9798 
18729 875 873 9230 
18730 6889 6086 10481 
18731 5783 4369 9652 
18732 1382 1379 9265 
18733 1091 3414 9236 
18734 2785 3162 9188 
18735 1104 1107 9264 
18736 1100 3279 9263 
18737 8621 3019 9240 
18738 1095 1098 9262 
18739 5946 5945 9457 
18740 2729 3050 9159 
18741 5300 4040 9249 
18742 5660 8093 9605 
18743 7140 5734 9660 
18744 1059 1061 9526 
18745 7359 774 10442 
18746 814 8559 9107 
18747 869 816 9107 
18748 2686 3207 9288 
18749 4375 5552 9120 
18750 5888 6277 9879 
18751 3338 3336 9242 
18752 2900 7230 10157 
18753 3873 2880 9399 
18754 7274 5468 9778 
18755 4670 4671 10437 
18756 4359 3168 9137 
18757 3948 3951 9268 
18758 5741 3342 9139 
18759 765 8930 9562 
18760 5143 7539 10354 
18761 8794 5323 10128 
18762 4555 4293 9535 
18763 2117 2123 9195 
18764 3088 3084 9239 
18765 6341 5526 9150 
18766 4065 2659 9257 
18767 4447 2643 9255 
18768 3876 7049 10546 
18769 9151 7357 9348 
18770 7173 5614 9478 
18771 2124 2245 9445 
18772 4800 4798 9243 
18773 5824 4574 9253 
18774 5860 4249 9252 
18775 286 7332 9561 
18776 4805 4802 9244 
18777 5500 6494 9606 
18778 8324 3912 9211 
18779 2413 1566 9143 
18780 7808 9431 9987 
18781 4391 5302 9996 
18782 3957 3324 9248 
18783 8366 7426 9537 
18784 1628 9514 10314 
18785 3253 2546 9247 
18786 3084 3082 9239 
18787 3283 2388 9246 
18788 3944 3292 9176 
18789 4385 1660 9196 
18790 3895 3318 9128 
18791 402 400 10082 
18792 4817 4805 9244 
18793 6764 6763 10352 
18794 8757 6217 9468 
18795 4823 4800 9243 
18796 2388 2386 9246 
18797 3741 3737 9221 
18798 2546 2424 9247 
18799 1404 5533 9133 
18800 4023 2879 9582 
18801 9562 8931 10308 
18802 1551 1469 9164 
18803 2757 3007 9260 
18804 2590 2309 9180 
18805 3324 2810 9248 
18806 5269 5265 9187 
18807 6254 9171 10030 
18808 5271 5255 9193 
18809 3323 2034 9206 
18810 3130 3223 9132 
18811 5645 4112 9209 
18812 5926 10045 10218 
18813 5712 3907 9237 
18814 6504 4532 10118 
18815 3880 3338 9242 
18816 3161 3844 9289 
18817 4337 5520 9463 
18818 9067 1457 9114 
18819 3282 1743 9233 
18820 294 7294 9983 
18821 4393 5809 9140 
18822 5911 4440 9229 
18823 765 753 9227 
18824 3281 748 9225 
18825 5353 3847 9223 
18826 5452 8954 9475 
18827 1484 743 9224 
18828 2042 2038 9215 
18829 4231 2043 9216 
18830 3280 2622 9217 
18831 9503 5940 10112 
18832 5522 2408 9200 
18833 6089 10110 10151 
18834 8665 1044 9866 
18835 6104 6258 10303 
18836 4249 3920 9252 
18837 4574 4324 9253 
18838 8424 8428 9238 
18839 1934 1955 9175 
18840 942 7052 9970 
18841 3687 3682 9125 
18842 9588 4818 10056 
18843 3638 8361 9620 
18844 1050 848 9349 
18845 2003 2353 9189 
18846 2643 2404 9255 
18847 7310 5023 10278 
18848 10299 3839 10581 
18849 2659 2657 9257 
18850 3316 2948 9219 
18851 8353 9340 9501 
18852 550 9038 9081 
18853 8533 9290 10232 
18854 9034 5806 9594 
18855 9666 6418 9892 
18856 5897 9385 9912 
18857 6001 4227 10134 
18858 2896 4023 9182 
18859 4128 2357 9277 
18860 2439 2616 9136 
18861 3102 3104 9137 
18862 3180 4359 9139 
18863 5095 5741 9141 
18864 8576 5951 9427 
18865 4015 3918 9324 
18866 6743 6745 9987 
18867 5790 5791 9939 
18868 7194 7041 9754 
18869 8782 290 10288 
18870 5517 2631 9190 
18871 1049 875 9230 
18872 3195 3744 9270 
18873 9292 5718 10213 
18874 9123 8896 9913 
18875 6151 9096 10446 
18876 873 4062 9230 
18877 1809 1818 9598 
18878 956 1077 9423 
18879 2744 2705 9405 
18880 6189 6176 9619 
18881 5524 5547 9150 
18882 498 502 10175 
18883 5717 6341 9153 
18884 10367 7359 10442 
18885 7938 5917 9759 
18886 7352 6110 9706 
18887 4569 6914 9763 
18888 365 363 9314 
18889 5055 5628 10628 
18890 5892 9184 9469 
18891 8556 5303 9718 
18892 4037 3195 9270 
18893 4354 4378 9287 
18894 5330 6955 10432 
18895 1089 1091 9236 
18896 3147 3080 9182 
18897 6185 6180 9633 
18898 2073 2071 9299 
18899 3946 3948 9268 
18900 1267 1194 9629 
18901 2743 2699 9558 
18902 3431 4154 9198 
18903 8224 3842 9910 
18904 5179 4155 10572 
18905 5927 8964 9472 
18906 1093 1095 9262 
18907 6276 5505 9317 
18908 8263 5292 10099 
18909 1097 1100 9263 
18910 3108 8714 9238 
18911 1102 1104 9264 
18912 3354 3356 9258 
18913 3440 365 9314 
18914 5818 9456 9491 
18915 1820 1826 9493 
18916 1379 1377 9265 
18917 3328 3114 9259 
18918 8987 3805 9779 
18919 1708 2413 9179 
18920 6400 10094 10259 
18921 3166 4129 9176 
18922 3138 9682 9911 
18923 1948 1945 9695 
18924 8507 8508 10138 
18925 5758 5440 9736 
18926 6637 4419 9183 
18927 2412 2311 9468 
18928 1940 1938 9269 
18929 2164 2447 9271 
18930 8148 9531 9759 
18931 8209 4837 9235 
18932 8813 7146 9807 
18933 5263 5266 9187 
18934 2948 2950 9219 
18935 9 7073 9643 
18936 1361 1359 9272 
18937 2515 2412 9468 
18938 5253 5280 9193 
18939 4098 4455 9589 
18940 6894 6752 9893 
18941 6031 9627 10397 
18942 302 7047 9475 
18943 3133 7576 9641 
18944 5392 8184 9634 
18945 8528 9159 9857 
18946 2154 2403 9837 
18947 9901 6087 9902 
18948 8280 2402 9544 
18949 7078 6058 10624 
18950 2628 2868 9276 
18951 5691 5690 9648 
18952 6305 5457 10177 
18953 1866 8860 9017 
18954 3153 3299 9608 
18955 9054 5466 9607 
18956 3972 3970 9278 
18957 6983 6984 9575 
18958 477 9101 9649 
18959 5341 5672 9204 
18960 2032 4137 9206 
18961 5789 7226 9603 
18962 5646 6351 9894 
18963 9768 4646 10328 
18964 5819 8690 9484 
18965 1803 1805 9280 
18966 416 414 10003 
18967 1976 1975 9551 
18968 9476 8222 9737 
18969 1340 9126 9830 
18970 4330 2780 9515 
18971 4222 5233 9281 
18972 3087 3175 9408 
18973 4153 2159 9291 
18974 5226 5227 10438 
18975 6636 8497 10431 
18976 5282 9350 10075 
18977 2879 2877 9582 
18978 554 556 9282 
18979 6769 6498 9782 
18980 558 560 9283 
18981 6571 6572 10150 
18982 3413 5409 9249 
18983 562 564 9284 
18984 566 568 9285 
18985 10370 342 10420 
18986 5877 6154 10626 
18987 5537 4337 9463 
18988 4467 3862 9290 
18989 576 578 9286 
18990 7195 1356 9427 
18991 1013 1015 9390 
18992 5615 9361 9675 
18993 4570 2855 9294 
18994 2036 3323 9215 
18995 2040 2042 9216 
18996 2514 2515 9217 
18997 3734 3736 9221 
18998 5068 5066 9303 
18999 568 9036 9285 
19000 8776 5768 9451 
19001 112 113 9658 
19002 4841 4839 9375 
19003 7720 2368 9659 
19004 5415 5422 10498 
19005 313 9365 10059 
19006 1652 1654 9316 
19007 8489 8406 10073 
19008 6412 10231 10458 
19009 3536 3537 9223 
19010 745 1484 9225 
19011 741 3440 9224 
19012 4110 5353 9226 
19013 750 3281 9227 
19014 2699 2697 9558 
19015 5438 7494 9976 
19016 3930 5521 9229 
19017 3082 4140 9239 
19018 3114 3177 9259 
19019 3365 3354 9258 
19020 3918 3916 9324 
19021 7618 5708 9662 
19022 661 7 3974 
19023 1461 1548 9231 
19024 4066 730 9832 
19025 4020 576 9286 
19026 4252 3502 9775 
19027 8714 8424 9238 
19028 2076 2077 9306 
19029 4455 4100 9305 
19030 3276 566 9285 
19031 1545 1547 9233 
19032 1398 562 9284 
19033 8700 2887 10323 
19034 8861 6775 10292 
19035 3277 558 9283 
19036 4037 9270 9677 
19037 1493 554 9282 
19038 5026 4222 9281 
19039 6153 8987 9779 
19040 8345 5013 10018 
19041 8649 4813 10625 
19042 820 818 9297 
19043 4296 3553 9816 
19044 3211 1803 9280 
19045 8410 9609 10578 
19046 2740 2384 9549 
19047 3739 3741 9237 
19048 1005 3201 9845 
19049 3245 9541 9868 
19050 7528 3183 9599 
19051 3970 4577 9278 
19052 169 170 9664 
19053 9703 3975 10286 
19054 7093 7095 9955 
19055 3501 3503 9730 
19056 8609 8875 10553 
19057 2862 2628 9276 
19058 6929 5102 9610 
19059 3862 3976 9290 
19060 4798 4807 9243 
19061 4802 4823 9244 
19062 1359 3205 9272 
19063 6777 8609 10553 
19064 2424 3283 9247 
19065 2810 3253 9248 
19066 2386 2740 9246 
19067 6643 6642 9534 
19068 1938 3254 9269 
19069 1377 3202 9265 
19070 3435 2164 9271 
19071 2404 3384 9255 
19072 2657 3973 9257 
19073 3336 4045 9242 
19074 4324 5860 9253 
19075 3279 1102 9264 
19076 1098 1097 9263 
19077 3414 1093 9262 
19078 3920 4015 9252 
19079 308 9874 10289 
19080 4512 6971 9917 
19081 2159 2161 9291 
19082 5286 9359 9393 
19083 6322 9014 9751 
19084 7246 7247 10366 
19085 4804 4789 9539 
19086 8249 5543 10410 
19087 253 8167 10212 
19088 4058 3946 9268 
19089 2855 3462 9294 
19090 8626 2270 9273 
19091 3162 3161 9289 
19092 4100 4104 9305 
19093 2081 2076 9306 
19094 9311 7860 9361 
19095 6600 9391 10282 
19096 509 9450 10047 
19097 5167 7156 10586 
19098 8976 3537 9694 
19099 5894 9046 9398 
19100 8669 4986 9871 
19101 4551 3509 9856 
19102 5949 5158 9459 
19103 5845 8873 9785 
19104 3314 2686 9288 
19105 818 869 9297 
19106 6584 6378 9639 
19107 7313 4501 10428 
19108 8518 7947 9552 
19109 4074 1652 9316 
19110 8989 1730 9698 
19111 2071 5424 9299 
19112 9171 4122 10030 
19113 3261 9034 9594 
19114 5870 8289 10263 
19115 7472 9596 9760 
19116 5039 8350 9609 
19117 6523 5889 10525 
19118 2624 2346 9923 
19119 6525 6526 9889 
19120 2144 2141 9835 
19121 3218 9166 9805 
19122 2357 2639 9277 
19123 3874 2888 9689 
19124 2616 2436 9529 
19125 6146 6147 10391 
19126 6692 6694 9581 
19127 5962 10182 10504 
19128 4988 5649 9391 
19129 1608 2371 9572 
19130 6099 5767 10241 
19131 4457 4354 9287 
19132 5796 6349 10097 
19133 4328 5434 9266 
19134 8348 289 9499 
19135 4244 5781 9788 
19136 3279 9264 9330 
19137 260 144 9710 
19138 6811 6892 9686 
19139 6720 10171 10535 
19140 6114 6115 10156 
19141 6487 6485 10208 
19142 5935 5429 9511 
19143 1516 1518 9692 
19144 2701 2743 9571 
19145 8815 2498 9188 
19146 9970 7052 10110 
19147 2021 2378 9560 
19148 2436 2434 9529 
19149 2678 9062 9097 
19150 1517 1428 9579 
19151 6952 9213 10447 
19152 3104 9827 10310 
19153 9290 5862 10232 
19154 9628 5957 10566 
19155 10365 6975 10488 
19156 2836 10418 10589 
19157 9029 1372 9352 
19158 9208 2501 10325 
19159 5636 5335 9524 
19160 5720 6803 9574 
19161 8159 9480 9753 
19162 8337 1269 9681 
19163 4561 6242 10441 
19164 1530 1544 9699 
19165 4549 5780 9863 
19166 5764 6104 9826 
19167 8339 8816 9589 
19168 1983 9042 9551 
19169 8881 3191 9019 
19170 4469 4090 9767 
19171 5480 9123 9913 
19172 3000 9530 9898 
19173 2828 2415 9678 
19174 5239 5680 9496 
19175 8957 3940 9222 
19176 9678 6363 10330 
19177 6976 295 9583 
19178 4388 5749 9713 
19179 1619 1626 9489 
19180 6854 6546 9815 
19181 9158 3062 9813 
19182 6031 5365 9627 
19183 4694 8803 9958 
19184 7007 5009 10635 
19185 8696 9586 10307 
19186 9982 1613 9995 
19187 1520 3272 9890 
19188 6132 6294 9933 
19189 2350 9392 9477 
19190 2459 2421 9350 
19191 4382 9094 10378 
19192 9144 6064 9693 
19193 6660 9887 10565 
19194 4544 5635 9464 
19195 8931 1432 10308 
19196 5770 5771 9742 
19197 3979 9054 9607 
19198 8931 6659 10346 
19199 944 903 9351 
19200 6428 10141 10474 
19201 848 846 9349 
19202 8222 1019 9737 
19203 8020 6002 10380 
19204 6768 5239 9496 
19205 9637 3002 9744 
19206 6517 5861 10370 
19207 8509 300 10548 
19208 3181 8450 10250 
19209 6642 6645 9534 
19210 3882 4698 9751 
19211 9200 3181 9855 
19212 3957 9248 9945 
19213 9599 6390 10320 
19214 5735 5736 9513 
19215 8505 9149 9831 
19216 2311 8757 9468 
19217 8711 8712 9467 
19218 3916 8324 9324 
19219 2697 9173 9558 
19220 10415 2618 10534 
19221 1621 1619 9489 
19222 6087 5169 10135 
19223 4397 4398 9624 
19224 6322 9751 10290 
19225 9714 6675 10000 
19226 2703 2701 9571 
19227 6240 8813 10632 
19228 9084 1463 9231 
19229 9205 5648 9583 
19230 4461 4242 9645 
19231 8474 5950 10129 
19232 3858 2488 9854 
19233 9684 7681 9731 
19234 520 517 10618 
19235 9015 2302 9030 
19236 8751 7268 10556 
19237 5100 6929 10002 
19238 4857 4866 9532 
19239 9396 3215 9972 
19240 2827 2829 9448 
19241 4273 4640 9926 
19242 4691 9086 9183 
19243 6266 5519 9588 
19244 713 711 10627 
19245 6738 6737 10551 
19246 4859 4857 9532 
19247 1814 9022 9032 
19248 8440 6683 10491 
19249 7315 5909 10480 
19250 6530 6529 10186 
19251 476 474 9649 
19252 6132 9933 10581 
19253 6763 6215 9640 
19254 3912 8729 9211 
19255 4017 5103 9550 
19256 846 5632 9349 
19257 9475 7047 9935 
19258 8823 8693 10086 
19259 8503 9161 9877 
19260 6522 6521 10542 
19261 3805 8794 9779 
19262 1816 1820 9493 
19263 1055 8497 10123 
19264 3133 9641 9812 
19265 4418 384 9536 
19266 5891 5890 10258 
19267 3537 3442 9694 
19268 8871 2336 10235 
19269 7132 308 10289 
19270 8844 3511 10520 
19271 5461 5460 9356 
19272 685 687 9725 
19273 1564 8901 9143 
19274 7776 3058 9727 
19275 5752 8389 10562 
19276 9079 7227 9888 
19277 2200 2236 9952 
19278 8190 2801 9416 
19279 1053 1055 10123 
19280 5641 5642 9729 
19281 34 35 10434 
19282 7681 3172 9731 
19283 1944 8733 9695 
19284 2304 1674 9895 
19285 9759 5917 10021 
19286 3213 9503 10112 
19287 6759 6758 10459 
19288 2780 2506 9515 
19289 5711 8820 9724 
19290 903 3555 9351 
19291 5354 9093 9809 
19292 4162 4617 9999 
19293 3688 4467 9997 
19294 5237 6030 9504 
19295 4599 4347 10010 
19296 1730 1512 9698 
19297 958 9906 10476 
19298 8299 9395 9719 
19299 1651 1656 10032 
19300 9094 6882 10378 
19301 5661 9116 9346 
19302 5896 9375 10165 
19303 755 765 9562 
19304 1425 8905 9164 
19305 8918 5537 9435 
19306 5885 5317 9587 
19307 5762 5764 10035 
19308 8315 9076 9859 
19309 8895 4138 9203 
19310 6489 8775 10653 
19311 621 3089 10144 
19312 5505 8639 9317 
19313 8848 4477 9313 
19314 7026 5887 10392 
19315 363 8655 9314 
19316 5201 8190 9416 
19317 10199 6080 10243 
19318 7560 731 9741 
19319 1975 1983 9551 
19320 5351 9599 10320 
19321 5013 5011 10018 
19322 4018 4017 9550 
19323 8747 5980 9456 
19324 1858 2021 9560 
19325 4484 8981 9486 
19326 6163 5637 9570 
19327 567 565 9919 
19328 3024 8790 10255 
19329 4613 6426 9740 
19330 4855 4854 10327 
19331 5071 4861 9750 
19332 8696 6098 9586 
19333 4507 8127 9743 
19334 3002 7354 9744 
19335 2168 6948 9835 
19336 6550 6549 10536 
19337 908 910 9747 
19338 9921 6423 10096 
19339 2583 1059 9526 
19340 6161 5696 10061 
19341 8982 8552 9767 
19342 9000 3408 9118 
19343 6225 5712 9520 
19344 9502 5535 10212 
19345 8722 1858 9560 
19346 1532 8454 9557 
19347 5650 9521 10089 
19348 6191 6184 10173 
19349 5516 8865 9547 
19350 5887 6770 10392 
19351 6494 5040 10090 
19352 2381 8867 9549 
19353 3832 3476 9738 
19354 257 7026 10392 
19355 1107 1106 9630 
19356 474 477 9649 
19357 3736 3732 9899 
19358 6178 6189 9633 
19359 3193 4037 9966 
19360 7831 4827 9756 
19361 3638 9620 10147 
19362 1617 1621 9995 
19363 9589 4455 10412 
19364 5765 5766 9626 
19365 5617 9726 9883 
19366 3217 8711 10564 
19367 2825 8564 9761 
19368 6703 6038 10404 
19369 4627 3929 10356 
19370 10161 5989 10528 
19371 5299 5301 9505 
19372 9725 687 9804 
19373 5158 5156 9459 
19374 2376 2017 10613 
19375 3001 8148 9759 
19376 6648 9173 9455 
19377 757 755 9562 
19378 5679 9347 9696 
19379 9149 1388 9831 
19380 6635 5516 9547 
19381 5538 7472 9760 
19382 5362 7402 9762 
19383 9530 8161 10150 
19384 6347 8283 10220 
19385 6761 8569 9543 
19386 6603 6871 9711 
19387 1870 1819 10453 
19388 3512 8498 9969 
19389 6858 6857 10487 
19390 2384 2381 9549 
19391 5314 8874 9601 
19392 5839 5838 9783 
19393 8517 4569 9763 
19394 8022 8131 9765 
19395 6817 8224 9910 
19396 10156 6115 10409 
19397 9304 252 9657 
19398 6185 8375 10173 
19399 8884 5310 10612 
19400 7046 7173 9478 
19401 7156 5834 10586 
19402 2499 3321 9854 
19403 4534 4538 10118 
19404 8816 4096 9589 
19405 5832 5833 9632 
19406 5498 5479 9913 
19407 6067 9460 10132 
19408 8668 5701 10317 
19409 9216 2042 9807 
19410 9359 5820 9393 
19411 4789 4786 9539 
19412 4102 4469 9652 
19413 8886 3402 10569 
19414 3172 8628 9731 
19415 3446 3369 9773 
19416 8270 7329 10468 
19417 3590 4595 10552 
19418 7809 3579 9978 
19419 5953 7377 10580 
19420 6028 5470 9680 
19421 6196 6959 10244 
19422 8436 8159 9753 
19423 4852 6975 10365 
19424 2539 2858 9508 
19425 10012 10121 10412 
19426 7092 7093 10176 
19427 3345 8745 10393 
19428 124 7010 9799 
19429 7423 7422 10598 
19430 9602 5823 10100 
19431 6574 5867 10215 
19432 6029 8525 9568 
19433 6961 230 9590 
19434 8865 5900 9547 
19435 8867 8385 9549 
19436 5359 4160 10484 
19437 1999 2243 9509 
19438 5462 9198 9844 
19439 8940 2757 9260 
19440 4795 4793 10359 
19441 5148 6793 9672 
19442 9461 5975 10639 
19443 4577 9079 9888 
19444 9259 3177 9902 
19445 8213 8214 10601 
19446 8965 8957 9222 
19447 2591 9025 9728 
19448 2421 8730 9350 
19449 9196 1665 9838 
19450 5712 9237 9934 
19451 7396 8038 10485 
19452 4955 4953 9787 
19453 8304 10050 10189 
19454 1606 1608 9572 
19455 8408 5356 9732 
19456 3162 9289 9778 
19457 10121 5872 10412 
19458 5507 6196 10244 
19459 7796 241 10621 
19460 6617 2337 9724 
19461 1039 8378 10304 
19462 8324 9211 9506 
19463 8318 4190 9732 
19464 2207 2210 9591 
19465 5402 9234 9519 
19466 5266 9880 10225 
19467 9315 7733 9780 
19468 8746 5071 9750 
19469 8681 3111 10524 
19470 4205 4207 9791 
19471 9747 910 9842 
19472 3990 4453 9501 
19473 5958 5957 9628 
19474 8760 3024 9473 
19475 5181 7258 9490 
19476 6089 5702 10110 
19477 5925 5923 10095 
19478 4132 9614 10092 
19479 7785 2966 9795 
19480 3984 8979 9209 
19481 8679 5649 10242 
19482 6978 6980 9797 
19483 8532 9125 9997 
19484 4636 3557 10188 
19485 2119 2138 9949 
19486 9076 5026 9859 
19487 3122 10180 10297 
19488 8769 3588 9654 
19489 8612 732 10541 
19490 3104 2822 9827 
19491 2152 8847 10405 
19492 3287 5744 9694 
19493 8711 6043 10564 
19494 8974 1473 9852 
19495 10516 9628 10566 
19496 1021 1011 9611 
19497 8664 5621 10063 
19498 5460 8965 9356 
19499 687 689 9804 
19500 2012 9179 9180 
19501 9744 7354 9862 
19502 574 4020 10560 
19503 9586 8438 10307 
19504 9228 6811 9686 
19505 2744 8753 10338 
19506 3268 3133 9812 
19507 1831 3435 10159 
19508 2506 8706 9515 
19509 8874 1954 9601 
19510 2377 1437 9595 
19511 9351 6790 10637 
19512 5833 9371 10554 
19513 2644 2572 9806 
19514 7635 7607 10131 
19515 8615 2350 9477 
19516 5906 7072 10549 
19517 6365 8776 9451 
19518 9291 6787 10444 
19519 5838 5840 9839 
19520 4068 4009 9916 
19521 4096 4098 9589 
19522 1303 1301 9820 
19523 9504 3444 10636 
19524 3243 3245 9868 
19525 3097 8299 9719 
19526 6879 6883 9989 
19527 4521 3980 10393 
19528 9239 4140 10149 
19529 7414 7412 9823 
19530 7083 8989 9698 
19531 5729 5728 9861 
19532 7727 8952 9793 
19533 5808 9344 10222 
19534 4955 9787 9920 
19535 3940 9011 9222 
19536 10110 2861 10151 
19537 696 1340 9830 
19538 2105 2108 9667 
19539 4451 5731 9746 
19540 8706 8707 9515 
19541 3121 3230 9972 
19542 8762 5336 10575 
19543 8687 8686 9572 
19544 1058 1056 9556 
19545 8686 1606 9572 
19546 9023 1089 9236 
19547 9174 5555 9824 
19548 298 8491 10266 
19549 6607 8524 10226 
19550 9453 3834 9886 
19551 5981 5979 10170 
19552 8753 8751 10338 
19553 6005 4684 9553 
19554 9598 1829 10159 
19555 8819 939 10104 
19556 7831 9756 9937 
19557 6761 9543 10105 
19558 910 912 9842 
19559 5938 5937 9604 
19560 5233 5232 9559 
19561 27 2 10229 
19562 2274 2276 9776 
19563 5537 9463 9885 
19564 4643 4339 9848 
19565 9213 5331 10447 
19566 2258 2259 9693 
19567 5544 5612 9781 
19568 6105 5765 9626 
19569 9219 8398 10188 
19570 6229 6125 10469 
19571 5006 8342 9809 
19572 2646 8932 9335 
19573 6938 9257 10067 
19574 6164 9196 9838 
19575 8348 5311 10382 
19576 1106 1112 9630 
19577 540 522 10026 
19578 418 8178 9847 
19579 8214 8694 9952 
19580 5813 5812 10040 
19581 9025 5884 9728 
19582 8491 5499 10266 
19583 8303 8304 10189 
19584 9638 6789 9679 
19585 9624 6353 9954 
19586 5917 5742 10021 
19587 8790 5991 10255 
19588 8594 6489 9833 
19589 6204 8718 9664 
19590 7108 279 10384 
19591 3973 2655 10477 
19592 6058 7023 10624 
19593 5564 7305 10196 
19594 5921 2553 9924 
19595 8111 6530 10186 
19596 9033 9022 9493 
19597 5464 4350 10066 
19598 9505 6252 9777 
19599 7354 942 9862 
19600 4957 4955 9920 
19601 9251 619 10144 
19602 9483 9327 10172 
19603 8908 9148 9968 
19604 2434 9363 9529 
19605 1611 1613 9982 
19606 5819 9484 9996 
19607 4184 2836 10589 
19608 6142 6140 9864 
19609 2980 7660 9865 
19610 6898 246 10080 
19611 6752 4693 9893 
19612 5317 6219 9587 
19613 76 77 10479 
19614 252 7127 9657 
19615 8750 5750 9401 
19616 9456 5818 9993 
19617 9862 942 9970 
19618 3579 3153 9608 
19619 152 153 10649 
19620 3001 9759 10021 
19621 5997 7224 9944 
19622 9669 6951 9899 
19623 5441 8960 9672 
19624 8330 6526 10388 
19625 6102 5703 9876 
19626 153 154 10301 
19627 2188 1516 9692 
19628 9110 5790 9939 
19629 5426 9168 9701 
19630 9627 3052 10397 
19631 4126 4569 10576 
19632 9831 3048 10566 
19633 5484 9272 10107 
19634 6123 9118 9957 
19635 1432 1121 10308 
19636 2011 8438 9586 
19637 9309 6105 9626 
19638 9550 5103 9918 
19639 8418 4377 9570 
19640 9022 1816 9493 
19641 9951 3217 10564 
19642 4431 9234 10214 
19643 10313 5837 10466 
19644 379 9617 9663 
19645 1510 1729 10657 
19646 379 8657 9617 
19647 4663 4694 9958 
19648 9207 5778 10057 
19649 420 7043 9745 
19650 758 9053 10646 
19651 9737 1019 10093 
19652 613 8783 10053 
19653 5336 3848 10575 
19654 2618 8270 10534 
19655 5365 5363 9627 
19656 4482 5836 9929 
19657 5266 5261 10141 
19658 7011 6309 10395 
19659 7471 7467 9896 
19660 2908 7349 9897 
19661 2980 9865 9930 
19662 5834 8127 10586 
19663 8086 3875 9908 
19664 3887 3136 9911 
19665 1021 9013 10011 
19666 6115 6411 10409 
19667 660 10490 10629 
19668 1952 2029 10115 
19669 3719 8116 10542 
19670 5565 8419 9380 
19671 5651 6792 9829 
19672 8697 3145 10424 
19673 5606 9158 9813 
19674 4242 2420 9645 
19675 8169 3000 9898 
19676 7088 6303 9974 
19677 8767 8768 10194 
19678 6224 7108 10384 
19679 6544 9548 9770 
19680 8941 2059 9846 
19681 9255 9256 9963 
19682 6153 7293 10293 
19683 5671 9008 10091 
19684 3534 3531 9915 
19685 6176 6174 9619 
19686 6002 6001 10380 
19687 5452 9475 9935 
19688 5714 4468 9985 
19689 8648 5720 9705 
19690 3500 3261 9594 
19691 2420 9109 9645 
19692 2336 2018 10235 
19693 9783 5838 9839 
19694 1057 2583 10431 
19695 6955 8585 10432 
19696 3553 3076 9816 
19697 5288 7809 9978 
19698 9631 248 9867 
19699 2072 2075 10312 
19700 6180 6178 9633 
19701 2210 8482 9772 
19702 8010 5640 9925 
19703 3052 8727 10397 
19704 2028 1950 10518 
19705 9456 5980 9491 
19706 8451 5181 9490 
19707 5026 8947 9859 
19708 9660 5734 9943 
19709 9166 5549 9805 
19710 8241 8418 9570 
19711 9405 2703 9571 
19712 7741 2980 9930 
19713 5554 6685 9946 
19714 2245 6972 10651 
19715 2836 2832 10418 
19716 5734 5733 9943 
19717 382 4418 9670 
19718 7241 7242 9874 
19719 735 7827 10022 
19720 6632 10326 10388 
19721 8075 416 9936 
19722 5577 7831 9937 
19723 5922 7914 9940 
19724 3191 3190 9966 
19725 8178 9634 9847 
19726 8400 5500 9606 
19727 6652 9640 10537 
19728 5456 6305 10099 
19729 3126 8950 9683 
19730 4070 5055 10090 
19731 491 479 10252 
19732 3442 3287 9694 
19733 4369 4102 9652 
19734 5988 8740 10227 
19735 5539 3979 9607 
19736 9501 5847 9792 
19737 9425 5605 9625 
19738 8793 494 10486 
19739 8745 4521 10393 
19740 6137 9703 10286 
19741 9161 4076 9877 
19742 1428 1386 9579 
19743 7093 9955 10176 
19744 8019 8020 10209 
19745 6452 8965 9222 
19746 5922 9940 9971 
19747 6892 6891 10383 
19748 8960 5148 9672 
19749 5259 5257 10474 
19750 6091 6089 10151 
19751 6349 6597 10456 
19752 4417 9383 10443 
19753 5785 5615 9675 
19754 4576 6696 10233 
19755 5630 8085 9961 
19756 8788 314 9925 
19757 1388 1384 9831 
19758 9486 5782 9487 
19759 6124 8884 10413 
19760 9309 1572 9612 
19761 188 189 9960 
19762 10021 5742 10253 
19763 2192 2194 10005 
19764 3178 9174 9824 
19765 10050 6655 10189 
19766 4156 9730 10073 
19767 5869 5355 10475 
19768 1044 8716 9866 
19769 5363 8988 9627 
19770 8568 9070 9834 
19771 8076 652 10055 
19772 5923 5922 9971 
19773 7358 2909 10013 
19774 7327 7328 10334 
19775 9691 2343 9860 
19776 450 9274 10493 
19777 8999 6516 9375 
19778 5862 5863 9697 
19779 6091 10151 10656 
19780 10092 6550 10536 
19781 9448 3886 9861 
19782 4573 6020 9976 
19783 9260 5832 10020 
19784 9065 769 10560 
19785 418 9847 10137 
19786 7124 7123 9761 
19787 8124 8321 10077 
19788 8398 5904 10590 
19789 658 656 9977 
19790 447 9001 10076 
19791 8796 6047 10420 
19792 5677 5597 10140 
19793 6716 6717 10638 
19794 2415 2257 9678 
19795 9324 8324 9506 
19796 5072 5909 10379 
19797 5039 8410 10654 
19798 9148 5666 9968 
19799 5950 8312 10129 
19800 4430 8246 9754 
19801 7052 2861 10110 
19802 5910 5911 9600 
19803 4989 7808 9987 
19804 5905 5906 10549 
19805 7305 6321 10196 
19806 1074 1078 9668 
19807 9730 8489 10073 
19808 5940 6014 10112 
19809 4719 4720 9990 
19810 8879 3365 10224 
19811 7158 1479 10563 
19812 7182 7183 9881 
19813 4372 5671 10091 
19814 6131 6132 10581 
19815 315 8168 9981 
19816 3352 8301 9992 
19817 6187 9517 9630 
19818 9748 4588 10037 
19819 6330 6329 9771 
19820 8462 8460 10004 
19821 6247 6246 9769 
19822 1402 8996 9584 
19823 5847 5845 9785 
19824 8887 3162 9778 
19825 9534 4541 9973 
19826 9650 6773 10228 
19827 7741 9930 10087 
19828 8894 8451 9490 
19829 6040 8189 10640 
19830 1824 1832 10267 
19831 5412 5414 9690 
19832 8625 2646 10203 
19833 133 6963 9851 
19834 4786 9145 9539 
19835 4087 9047 10340 
19836 8798 6756 9573 
19837 5800 5799 10013 
19838 9565 5939 10400 
19839 6893 104 9882 
19840 3578 8128 10016 
19841 10192 6060 10245 
19842 9603 3232 10637 
19843 3975 6 10629 
19844 7054 5986 10060 
19845 8061 8062 10298 
19846 9014 2654 9751 
19847 8662 5851 10419 
19848 5604 5868 9669 
19849 8339 9589 10412 
19850 7120 5577 10390 
19851 8088 3001 10021 
19852 8559 2958 9635 
19853 243 9432 10593 
19854 2009 8802 10445 
19855 9906 6535 10476 
19856 114 115 10103 
19857 5423 7351 10027 
19858 7050 5177 9717 
19859 6182 6185 10173 
19860 7017 8213 10601 
19861 5303 9594 9718 
19862 6030 8894 9490 
19863 10410 9006 10561 
19864 1528 1530 9699 
19865 4156 3501 9730 
19866 4088 8982 9767 
19867 2707 2744 10338 
19868 1945 1944 9695 
19869 5351 7528 9599 
19870 6767 9339 10025 
19871 5610 7053 10646 
19872 6920 6921 10276 
19873 2257 9026 9678 
19874 4074 8696 10307 
19875 3047 8671 10097 
19876 1583 9320 9784 
19877 4793 4791 10436 
19878 5726 6261 10650 
19879 9687 3937 9863 
19880 8165 250 10033 
19881 248 96 9867 
19882 8409 2353 10311 
19883 5618 8665 9866 
19884 4281 4283 10042 
19885 9874 7242 10143 
19886 8864 8428 10224 
19887 6017 5506 9654 
19888 5751 8521 10015 
19889 5876 5875 10593 
19890 5837 4659 10466 
19891 165 166 10048 
19892 4966 8050 10051 
19893 8439 9315 9780 
19894 2141 2168 9835 
19895 1542 1573 10326 
19896 9041 5412 9690 
19897 3160 9085 9800 
19898 3182 8417 10006 
19899 9008 5671 9766 
19900 8113 8112 9900 
19901 5032 3584 10451 
19902 4130 4132 10092 
19903 4161 4561 10375 
19904 310 9127 10532 
19905 7672 7673 10057 
19906 1504 1557 9691 
19907 8521 3491 10015 
19908 5638 8948 9714 
19909 4861 4859 9750 
19910 9838 2004 10425 
19911 9052 1528 9699 
19912 1690 2548 10058 
19913 8472 5441 9672 
19914 2883 1434 10346 
19915 7296 5120 10399 
19916 8075 9936 10207 
19917 8950 5978 9683 
19918 5434 5931 9642 
19919 6511 8937 10641 
19920 8283 5053 10220 
19921 6127 9208 10325 
19922 8389 6644 10562 
19923 5346 5831 9650 
19924 7377 7380 10580 
19925 9522 7097 10116 
19926 3491 8389 10015 
19927 4813 4809 10625 
19928 869 9107 9922 
19929 6584 9639 9934 
19930 1512 1513 9698 
19931 2859 2591 9728 
19932 7257 8927 9548 
19933 5995 8644 9768 
19934 9424 6744 10287 
19935 1267 9907 10156 
19936 3824 3826 9708 
19937 8433 9668 10355 
19938 10016 8128 10142 
19939 4389 4388 9713 
19940 6552 5609 10079 
19941 8727 8868 10397 
19942 4839 8999 9375 
19943 8840 3187 9447 
19944 3476 3477 9738 
19945 3128 3126 9683 
19946 9864 6140 10490 
19947 5435 6060 10192 
19948 4813 8649 10583 
19949 5777 5776 9735 
19950 7024 5723 10306 
19951 5428 5426 9701 
19952 5778 4670 10437 
19953 4701 8061 10298 
19954 4966 10051 10120 
19955 2887 8560 10323 
19956 2240 7741 10087 
19957 9455 8527 10106 
19958 7225 5963 10205 
19959 5637 8241 9570 
19960 1620 1628 10314 
19961 5728 9448 9861 
19962 7172 9381 9407 
19963 9266 5434 9642 
19964 1285 8013 10094 
19965 6027 5063 9679 
19966 10151 6804 10656 
19967 6003 9631 9867 
19968 2488 2499 9854 
19969 8671 2011 10001 
19970 2109 2113 9821 
19971 8694 2198 9952 
19972 3343 3345 10393 
19973 3850 4448 10101 
19974 3435 9271 9869 
19975 3502 5303 9775 
19976 8953 5547 10052 
19977 5742 6427 10253 
19978 146 297 9777 
19979 5782 5783 10146 
19980 1381 1382 10414 
19981 9477 5977 9988 
19982 10117 6160 10201 
19983 9959 1843 10119 
19984 8332 5172 10659 
19985 5842 5544 9781 
19986 2444 8251 9786 
19987 7293 275 10293 
19988 9805 6175 10321 
19989 8814 3992 9636 
19990 4447 9255 9963 
19991 3222 9683 10153 
19992 8979 6066 9875 
19993 732 8825 10541 
19994 7285 5908 10467 
19995 7675 3213 10112 
19996 2574 9136 9827 
19997 9175 5650 10089 
19998 1532 9557 10553 
19999 7270 4709 9661 
20000 9055 9073 9956 
20001 9145 6447 9539 
20002 6899 6591 10607 
20003 3874 9689 9814 
20004 5801 8919 9618 
20005 8088 10021 10253 
20006 1019 1001 10093 
20007 8716 8674 9866 
20008 8330 1583 9784 
20009 2059 2056 9810 
20010 7097 6994 10116 
20011 8948 6163 9704 
20012 2732 3433 10570 
20013 2214 8535 9702 
20014 4020 9065 10560 
20015 5310 7188 10612 
20016 9874 8780 10289 
20017 4964 4966 10120 
20018 6823 5837 10313 
20019 7807 7612 10124 
20020 5104 4417 10443 
20021 769 572 10560 
20022 9943 5733 10264 
20023 5614 9360 9478 
20024 3834 8212 9886 
20025 3546 3544 9749 
20026 7318 5849 10134 
20027 407 418 10137 
20028 8140 4400 10133 
20029 2654 3882 9751 
20030 171 2135 10127 
20031 5776 9235 9735 
20032 3815 3817 9748 
20033 9170 6859 10376 
20034 4329 4136 10236 
20035 5522 9200 9855 
20036 6756 9077 9573 
20037 8674 5618 9866 
20038 1107 9517 10584 
20039 8873 3437 9785 
20040 6067 8904 9460 
20041 8128 3829 10142 
20042 5935 7158 10563 
20043 518 7727 9793 
20044 9731 8628 10079 
20045 10081 6332 10267 
20046 153 10301 10649 
20047 6215 8288 10537 
20048 10042 4283 10291 
20049 774 713 10627 
20050 5624 5936 9749 
20051 9827 6263 10310 
20052 1484 9224 10117 
20053 2399 2274 9776 
20054 4430 9754 10484 
20055 9209 8979 9875 
20056 6156 8303 10189 
20057 5743 5920 10034 
20058 8524 6724 10226 
20059 1628 8803 9514 
20060 8692 4010 9696 
20061 9198 4154 9844 
20062 7704 1267 10156 
20063 9429 6300 9961 
20064 9746 6041 10174 
20065 8819 5740 9671 
20066 8161 256 10150 
20067 8056 6265 10166 
20068 7068 8355 9858 
20069 9192 5113 10644 
20070 3017 8353 9792 
20071 10094 8013 10259 
20072 3893 9709 10007 
20073 9090 3477 10074 
20074 5869 9723 10215 
20075 6321 9655 10196 
20076 4122 4057 10030 
20077 2894 9212 9962 
20078 8904 6067 9931 
20079 5825 5795 10181 
20080 1976 9551 10477 
20081 9452 7124 10085 
20082 7334 313 10059 
20083 8391 6695 10647 
20084 5856 5855 9928 
20085 7616 2943 10185 
20086 9999 6188 10319 
20087 9159 3050 9857 
20088 3873 7251 10507 
20089 2822 2574 9827 
20090 9984 3327 10494 
20091 10009 5435 10192 
20092 5812 9394 10040 
20093 8203 7352 9706 
20094 7023 483 10624 
20095 9715 5498 10246 
20096 9719 6698 10284 
20097 3092 3090 9841 
20098 6695 9797 10647 
20099 8546 4463 10315 
20100 3254 9175 10089 
20101 8619 447 10472 
20102 4723 5953 10349 
20103 4090 4088 9767 
20104 1077 8885 9653 
20105 10253 6427 10485 
20106 9136 6263 9827 
20107 7256 310 10532 
20108 8693 5183 10086 
20109 5927 9472 10285 
20110 1000 998 10199 
20111 6154 9890 10626 
20112 4613 9740 10363 
20113 7280 1774 10430 
20114 5305 4550 9808 
20115 7807 10124 10283 
20116 4014 3424 9904 
20117 2994 8075 10207 
20118 6080 6076 10243 
20119 246 7344 10080 
20120 8421 9556 10358 
20121 7605 701 10210 
20122 5566 8836 10360 
20123 1688 1686 10211 
20124 9709 6051 10007 
20125 5535 8018 10212 
20126 4370 9622 9991 
20127 4416 9232 10506 
20128 9073 3211 9956 
20129 8369 3567 10028 
20130 10080 7344 10098 
20131 6517 10370 10420 
20132 7260 4634 10223 
20133 7344 7342 10098 
20134 2840 10152 10567 
20135 4348 8439 9780 
20136 183 766 10217 
20137 10142 3829 10270 
20138 9463 6706 9885 
20139 5399 8443 9998 
20140 5340 5769 9615 
20141 5479 5480 9913 
20142 5447 9597 9684 
20143 8134 3888 10237 
20144 6357 8604 9884 
20145 8683 6046 10254 
20146 8530 10149 10184 
20147 5035 7361 10238 
20148 1840 10160 10530 
20149 958 9095 9906 
20150 4859 9532 9750 
20151 8342 6937 9809 
20152 7662 1275 10241 
20153 5520 8941 9846 
20154 5836 9527 9528 
20155 9527 3593 9528 
20156 5965 9855 10250 
20157 8864 8462 10433 
20158 8553 738 10373 
20159 7242 7243 10354 
20160 6035 8868 9580 
20161 8332 6511 10641 
20162 6034 7078 9891 
20163 5468 7274 10539 
20164 2113 2119 9949 
20165 7019 10337 10551 
20166 10210 701 10283 
20167 9612 1427 10395 
20168 8900 5327 10516 
20169 1348 8088 10253 
20170 4190 8408 9732 
20171 5733 7238 10264 
20172 1274 1278 10256 
20173 6079 8574 9636 
20174 7704 10156 10409 
20175 8848 9313 10078 
20176 9957 5229 10216 
20177 6255 8683 10254 
20178 6072 6074 10257 
20179 2501 8172 10325 
20180 8574 8814 9636 
20181 611 613 10053 
20182 7168 6234 10630 
20183 8013 4960 10259 
20184 6113 5540 9986 
20185 7794 9525 9637 
20186 6082 5606 9813 
20187 5527 9242 10072 
20188 8599 7182 9881 
20189 5549 6172 9805 
20190 6549 8955 10536 
20191 8715 3093 10062 
20192 5539 9948 10066 
20193 7350 716 10268 
20194 3226 3178 9824 
20195 6744 6742 10287 
20196 6556 9302 9569 
20197 4464 5807 9965 
20198 8253 5617 9883 
20199 6638 8633 10559 
20200 7953 5925 10276 
20201 6721 6725 10171 
20202 9356 8965 10204 
20203 5628 8846 9722 
20204 4009 5183 9916 
20205 8225 4591 10364 
20206 684 681 10279 
20207 268 8249 10410 
20208 701 7807 10283 
20209 6138 6137 10286 
20210 5645 9209 10019 
20211 4283 4285 10291 
20212 5873 7154 10109 
20213 5284 5800 10294 
20214 4552 6291 10247 
20215 9383 6496 10443 
20216 5730 9908 10269 
20217 5485 9097 9687 
20218 5135 5133 10200 
20219 9655 7184 10196 
20220 8261 5104 10443 
20221 9472 6383 10285 
20222 1869 4613 10363 
20223 2717 8751 10556 
20224 9203 4138 9623 
20225 6427 7396 10485 
20226 8586 6860 10261 
20227 6072 10257 10427 
20228 5530 8392 10187 
20229 6309 9309 9612 
20230 7184 5564 10196 
20231 9578 6425 10419 
20232 8441 3122 10297 
20233 5826 7285 10367 
20234 5113 3836 10644 
20235 7201 7199 10389 
20236 7705 3015 10332 
20237 1547 9084 9483 
20238 9632 5833 10554 
20239 4290 5423 10344 
20240 8609 5713 10524 
20241 1348 10253 10485 
20242 4746 7545 10348 
20243 6046 5445 9994 
20244 9125 3683 9997 
20245 7060 6306 9914 
20246 4474 5330 10432 
20247 7334 10059 10377 
20248 5469 9100 10406 
20249 885 883 10361 
20250 10348 7545 10381 
20251 4335 8134 10639 
20252 8192 5777 10488 
20253 1665 1676 9838 
20254 4154 5531 9844 
20255 776 778 10374 
20256 6383 4712 10285 
20257 6138 10286 10490 
20258 1398 9284 9665 
20259 7545 5915 10381 
20260 1538 7683 10383 
20261 10086 5183 10398 
20262 5320 9543 10572 
20263 2996 8076 10386 
20264 9740 6288 10363 
20265 2193 2177 10394 
20266 5536 9233 10172 
20267 5745 6524 10011 
20268 1479 7185 10563 
20269 6239 5826 10442 
20270 3972 9278 9944 
20271 6516 1296 10165 
20272 6822 6821 10452 
20273 9212 5757 9962 
20274 6544 6545 10179 
20275 8601 8787 9655 
20276 4076 4078 9877 
20277 3376 7704 10409 
20278 1314 2246 10417 
20279 3842 9728 10429 
20280 3829 8252 10270 
20281 3050 8675 9857 
20282 7477 4707 10423 
20283 428 426 10426 
20284 9543 7100 10572 
20285 6070 6072 10427 
20286 4501 4499 10428 
20287 7705 10332 10599 
20288 1774 1772 10430 
20289 9157 9010 10044 
20290 6117 6824 9984 
20291 8841 6162 9822 
20292 5532 8812 10043 
20293 5011 5452 10018 
20294 9517 6800 10584 
20295 7648 1700 10387 
20296 6658 8348 10382 
20297 6045 9254 9752 
20298 9655 6321 9950 
20299 8177 5886 10548 
20300 8655 379 9663 
20301 9093 5006 9809 
20302 1674 2166 9895 
20303 8208 6268 10366 
20304 250 9043 10033 
20305 4752 7453 10454 
20306 763 10206 10550 
20307 619 621 10144 
20308 3938 9548 10179 
20309 3205 9044 9671 
20310 8858 8575 9712 
20311 9113 5522 9855 
20312 4015 9324 10071 
20313 8260 6436 10316 
20314 9392 5620 9477 
20315 7865 7821 10470 
20316 5084 6212 9969 
20317 2353 8815 10311 
20318 6070 10427 10538 
20319 9099 4552 10247 
20320 8551 8648 9705 
20321 8038 1348 10485 
20322 6140 6138 10490 
20323 7537 7536 10492 
20324 6408 9395 10193 
20325 9380 6057 9860 
20326 1239 1226 10495 
20327 1239 10495 10497 
20328 7898 1239 10497 
20329 5647 4334 10499 
20330 6061 6062 10502 
20331 1254 7728 10503 
20332 8076 10055 10386 
20333 8127 5167 10586 
20334 9675 8809 10507 
20335 6281 9251 10144 
20336 297 9505 9777 
20337 649 735 10505 
20338 2646 9335 10203 
20339 6054 9550 9918 
20340 5973 5972 10509 
20341 5973 10509 10512 
20342 5975 5973 10512 
20343 924 926 9951 
20344 2744 9405 9512 
20345 2553 4141 9924 
20346 8107 4974 10514 
20347 1781 1776 10515 
20348 9190 3174 10522 
20349 6785 6123 9957 
20350 8628 5285 10079 
20351 3937 4549 9863 
20352 1207 1205 10523 
20353 6736 5404 10525 
20354 4532 4534 10118 
20355 6062 8720 10202 
20356 5806 8580 9718 
20357 8572 3638 10147 
20358 6395 3957 9945 
20359 6068 6070 10538 
20360 9153 6341 9707 
20361 1254 10503 10604 
20362 983 985 10544 
20363 9933 6294 10473 
20364 4478 9322 10226 
20365 6119 9656 9821 
20366 4796 8475 10183 
20367 6351 6350 10024 
20368 534 8331 10540 
20369 4527 4475 10588 
20370 5900 5802 9903 
20371 7578 7758 10579 
20372 5499 8934 9657 
20373 9335 5880 10203 
20374 4423 3901 10587 
20375 7422 7583 10598 
20376 1076 7705 10599 
20377 7533 1254 10604 
20378 918 920 10605 
20379 3140 4275 10606 
20380 4605 4604 10610 
20381 7600 7898 10614 
20382 7600 10614 10616 
20383 7599 7600 10616 
20384 7960 7659 10622 
20385 4654 4653 10623 
20386 6563 5692 10631 
20387 8667 958 10476 
20388 8137 4978 10652 
20389 3205 9671 10107 
20390 9197 5520 9846 
20391 1707 8125 10191 
20392 9324 9506 10071 
20393 9880 5266 10141 
20394 940 8799 10004 
20395 9381 5566 10360 
20396 5609 9731 10079 
20397 8312 9467 10129 
20398 8553 6655 10050 
20399 4147 4544 10017 
20400 1372 1370 10008 
20401 3260 8858 9712 
20402 1840 1835 10160 
20403 5172 8332 10641 
20404 4468 5797 9985 
20405 5898 5897 9912 
20406 8461 8864 9825 
20407 8540 4066 10176 
20408 9395 5705 9719 
20409 5826 10367 10442 
20410 3588 8840 10465 
20411 9313 6051 9709 
20412 7256 10532 10621 
20413 9244 4823 10557 
20414 9063 6971 10271 
20415 9102 5087 10487 
20416 9668 1078 10355 
20417 8410 6703 10654 
20418 8252 3874 10421 
20419 5003 8608 10083 
20420 4347 4348 10010 
20421 8726 5554 9946 
20422 9173 6648 9558 
20423 8644 9249 10219 
20424 9964 7007 10635 
20425 2198 2200 9952 
20426 8691 6007 10609 
20427 2236 8897 10049 
20428 6042 8173 9884 
20429 3316 9219 10188 
20430 10532 5858 10621 
20431 6503 6501 10567 
20432 9902 6087 10135 
20433 5666 6146 9968 
20434 5338 5967 10167 
20435 10105 7168 10630 
20436 8349 6003 10178 
20437 629 8594 9833 
20438 4045 8611 10072 
20439 5621 5623 10063 
20440 6570 9133 10462 
20441 5321 8990 9828 
20442 1402 9584 10653 
20443 5696 8400 10061 
20444 6597 8702 10456 
20445 300 8177 10548 
20446 240 7334 10377 
20447 8309 5090 10369 
20448 9487 5782 10146 
20449 8601 9655 9950 
20450 5103 8617 9918 
20451 9070 2518 9834 
20452 3511 9442 10520 
20453 269 9487 10146 
20454 3190 3193 9966 
20455 8575 5709 9712 
20456 5931 5435 10009 
20457 5872 8339 10412 
20458 8247 450 10493 
20459 4271 3972 9944 
20460 5346 9650 10228 
20461 4693 8651 9893 
20462 9346 9116 10065 
20463 4569 4380 10088 
20464 8482 2214 9879 
20465 9452 4068 9916 
20466 2371 1611 9982 
20467 9528 6482 9929 
20468 6406 6407 10589 
20469 6445 9985 10070 
20470 4665 4663 9958 
20471 8955 4648 10536 
20472 6087 9901 10385 
20473 1511 1509 10152 
20474 10022 7417 10505 
20475 6137 9437 9703 
20476 8812 3252 10043 
20477 5725 9298 10306 
20478 7539 5137 10143 
20479 8468 4156 10073 
20480 2892 6899 10607 
20481 5121 4273 9926 
20482 2451 1053 10123 
20483 3365 9825 10224 
20484 9525 3002 9637 
20485 2077 8911 10336 
20486 8371 5048 10500 
20487 1036 1039 10304 
20488 9349 5632 10154 
20489 8836 5695 10360 
20490 8642 342 10370 
20491 9629 7488 9907 
20492 6826 8625 10203 
20493 9577 3578 10016 
20494 9389 5824 10521 
20495 1048 8861 10292 
20496 8502 5813 9947 
20497 9896 760 10131 
20498 10270 8252 10421 
20499 8707 8380 10496 
20500 5947 8553 10373 
20501 4959 6028 10435 
20502 7333 311 10455 
20503 4429 9458 10113 
20504 9223 3537 9755 
20505 5889 10265 10525 
20506 10265 6736 10525 
20507 9018 9099 10247 
20508 9458 5976 10113 
20509 9142 5920 10635 
20510 9010 6864 10044 
20511 8938 9351 10637 
20512 7083 9698 10552 
20513 3991 10105 10630 
20514 3683 3688 9997 
20515 10272 2138 10483 
20516 9047 5706 10340 
20517 5723 5725 10306 
20518 9133 5533 10462 
20519 6245 5468 10539 
20520 605 8525 9840 
20521 9048 2717 10556 
20522 1572 9309 9626 
20523 8824 5819 9996 
20524 4538 4536 10164 
20525 9821 2113 9949 
20526 2346 8441 9923 
20527 6528 4458 10526 
20528 10371 6609 10569 
20529 8527 2893 10106 
20530 6084 6085 10126 
20531 6007 6006 10280 
20532 8710 8711 10277 
20533 8505 9831 10566 
20534 6164 9838 10425 
20535 6915 9266 9642 
20536 9140 5809 10546 
20537 5858 7796 10621 
20538 4986 8959 9871 
20539 8405 8489 10464 
20540 1392 8599 9881 
20541 9654 3588 10465 
20542 9625 4129 10609 
20543 4418 9536 10333 
20544 1839 1843 10084 
20545 4061 8904 9931 
20546 8555 5180 10240 
20547 6519 6518 10655 
20548 1613 1617 9995 
20549 8365 5938 10450 
20550 3207 10020 10302 
20551 9209 9875 10019 
20552 2812 7279 10281 
20553 5994 8959 10513 
20554 9278 5997 9944 
20555 6775 6774 10292 
20556 7125 9452 9916 
20557 8380 3212 10322 
20558 9302 9055 9956 
20559 8869 4330 10496 
20560 9394 1330 10040 
20561 5328 8145 10025 
20562 2214 9702 9879 
20563 5853 5334 10554 
20564 6538 8667 10476 
20565 9781 5612 10000 
20566 3092 9841 10511 
20567 5823 9164 10100 
20568 9091 4296 9811 
20569 9056 4384 10052 
20570 4330 9515 10496 
20571 6065 5835 10037 
20572 6694 8391 10486 
20573 9137 3104 9798 
20574 5040 4070 10090 
20575 7061 3269 10619 
20576 3283 9246 9826 
20577 6017 9654 10465 
20578 6046 9994 10254 
20579 6057 6056 9860 
20580 9043 5626 10033 
20581 8661 2894 9962 
20582 757 9562 10308 
20583 5543 9006 10410 
20584 9263 6927 10594 
20585 5884 5885 10429 
20586 500 498 10175 
20587 3097 9719 10284 
20588 4153 10444 10596 
20589 522 520 10026 
20590 5880 6826 10203 
20591 8613 9017 10608 
20592 3517 8848 10078 
20593 3836 8538 10644 
20594 6496 8261 10443 
20595 3276 9285 10170 
20596 1023 8394 10350 
20597 6865 9153 9853 
20598 9579 1386 10414 
20599 9284 3276 10169 
20600 6661 9982 9995 
20601 8482 9879 10473 
20602 9650 5831 10190 
20603 8792 3705 10275 
20604 8765 1110 9892 
20605 5881 8441 10297 
20606 9298 5725 10108 
20607 7248 8823 10086 
20608 1844 1847 10119 
20609 6463 8619 10472 
20610 9360 4624 9478 
20611 6562 9028 9850 
20612 9597 7681 9684 
20613 5970 8578 10391 
20614 5867 5869 10215 
20615 8730 6797 10075 
20616 7294 7293 10128 
20617 5206 8829 9941 
20618 4350 5539 10066 
20619 3283 9826 10303 
20620 10068 8314 10342 
20621 9553 5340 9615 
20622 3732 3731 9899 
20623 2648 8490 10568 
20624 5547 9056 10052 
20625 5229 5985 10216 
20626 6188 6186 10319 
20627 4058 9323 10471 
20628 9954 6747 10461 
20629 8759 6924 9917 
20630 6363 8876 10330 
20631 9261 7423 10598 
20632 4547 8847 10341 
20633 6302 6304 10064 
20634 9591 2210 9772 
20635 9949 2138 10272 
20636 5893 5870 10263 
20637 1547 9483 10172 
20638 5632 8551 9705 
20639 8411 8410 10578 
20640 9257 3973 10067 
20641 4595 4372 10091 
20642 9462 682 10631 
20643 5928 9405 9571 
20644 241 7256 10621 
20645 6390 6768 10320 
20646 7227 5456 10099 
20647 6041 6042 10174 
20648 5722 9701 10583 
20649 9314 8655 9663 
20650 5785 9675 10507 
20651 3823 3822 10230 
20652 8922 5697 9991 
20653 9985 5797 10070 
20654 5895 9577 10622 
20655 9204 5672 9856 
20656 5923 9971 10095 
20657 9405 5928 9512 
20658 4698 7190 10290 
20659 3803 8530 10184 
20660 9416 2317 10643 
20661 9457 7131 10571 
20662 9873 6305 10177 
20663 1832 8286 10081 
20664 8969 3437 10139 
20665 3509 9204 9856 
20666 9683 5978 10153 
20667 767 8948 9704 
20668 9313 6026 10078 
20669 29 8939 10597 
20670 5247 9130 10309 
20671 6223 6224 10384 
20672 5610 9187 10225 
20673 592 8601 9950 
20674 1954 8828 10372 
20675 5331 7309 10447 
20676 6943 8405 10464 
20677 1953 1952 10115 
20678 10481 1098 10594 
20679 9905 304 10628 
20680 5352 5351 10320 
20681 6241 5496 10439 
20682 5019 8744 10642 
20683 4624 4625 10585 
20684 6250 10077 10415 
20685 9764 8762 10575 
20686 9754 7041 10484 
20687 10228 6773 10402 
20688 9049 9050 9932 
20689 4378 9397 10368 
20690 6277 6276 10299 
20691 8654 7219 10339 
20692 5261 5259 10141 
20693 270 9425 10280 
20694 3272 8863 10626 
20695 8471 9598 10159 
20696 6492 9584 9900 
20697 8560 5189 10323 
20698 1077 9653 10513 
20699 3364 8908 9968 
20700 9294 5038 10404 
20701 8825 732 10603 
20702 8638 8715 10062 
20703 9107 8559 10460 
20704 9446 5019 10642 
20705 6184 6182 10173 
20706 5995 9768 10328 
20707 9435 5537 9885 
20708 6629 9186 10597 
20709 8815 6019 10311 
20710 5700 8795 10317 
20711 10197 5893 10198 
20712 6537 8577 10489 
20713 5172 9266 10659 
20714 3557 3316 10188 
20715 6003 9867 10178 
20716 3402 8240 10569 
20717 9445 2245 10651 
20718 1829 1831 10159 
20719 8391 8793 10486 
20720 5227 8529 10273 
20721 9274 6222 10493 
20722 5320 7168 10105 
20723 9048 5753 9800 
20724 7046 9478 10585 
20725 9478 4624 10585 
20726 10198 5893 10263 
20727 9318 7313 10428 
20728 5409 9300 10219 
20729 4807 4795 10359 
20730 9096 5486 10446 
20731 5978 7322 10153 
20732 9369 5205 10502 
20733 6062 9369 10502 
20734 7329 8523 10468 
20735 1078 1080 10355 
20736 5302 8824 9996 
20737 6147 8433 10251 
20738 10206 5903 10550 
20739 377 8642 10158 
20740 5831 6022 10190 
20741 9698 1513 10552 
20742 5635 5788 10416 
20743 7051 8620 10168 
20744 9876 416 10003 
20745 260 9710 10041 
20746 9665 9284 10169 
20747 8298 3097 10284 
20748 2492 9356 10204 
20749 4866 4855 10327 
20750 6232 9412 10124 
20751 4495 10044 10331 
20752 4434 9650 10190 
20753 2830 2828 10330 
20754 8240 10371 10569 
20755 4447 9963 10221 
20756 6643 9534 9973 
20757 3517 10078 10300 
20758 276 6964 10531 
20759 9569 9302 9956 
20760 6647 9455 10106 
20761 9116 6226 10065 
20762 9370 4255 10208 
20763 9400 5423 10027 
20764 8166 9400 10027 
20765 9584 6490 10653 
20766 8216 5226 10438 
20767 9165 8463 10074 
20768 3988 4126 10576 
20769 1331 9540 9801 
20770 9327 5536 10172 
20771 9903 5802 10248 
20772 6936 8943 10309 
20773 7059 8612 10541 
20774 3702 3704 10574 
20775 9077 6805 9573 
20776 6928 8662 10419 
20777 7185 5935 10563 
20778 5625 4185 10342 
20779 9342 5298 10611 
20780 9670 4418 9843 
20781 5851 9578 10419 
20782 8843 6764 9927 
20783 8438 9178 10307 
20784 9038 1493 10351 
20785 8581 5439 10615 
20786 6043 6044 10564 
20787 8295 3218 10321 
20788 9594 5806 9718 
20789 3348 9110 9939 
20790 1701 9554 9849 
20791 5885 9587 9909 
20792 5976 8719 10113 
20793 9262 1098 10481 
20794 3285 3092 10511 
20795 5797 8877 10070 
20796 5414 5415 10498 
20797 5802 6849 10248 
20798 2018 2376 10235 
20799 6432 9396 9972 
20800 8353 9501 9792 
20801 5999 10483 10526 
20802 2709 2707 10338 
20803 4155 5320 10572 
20804 376 8659 10132 
20805 9282 3277 9921 
20806 9697 3257 10232 
20807 3062 8728 10155 
20808 8875 1532 10553 
20809 9879 6277 10473 
20810 8847 8818 10341 
20811 6857 9102 10487 
20812 4007 4006 10398 
20813 7095 9741 9955 
20814 10074 8463 10300 
20815 5565 9380 10194 
20816 9581 6694 10486 
20817 8868 6031 10397 
20818 1826 1824 10267 
20819 8397 4636 10590 
20820 1121 757 10308 
20821 9551 8545 10477 
20822 2059 9810 9846 
20823 5982 9403 10500 
20824 518 9793 10343 
20825 5233 8678 10527 
20826 9520 5712 9934 
20827 8212 1570 10345 
20828 1707 10191 10482 
20829 5788 9902 10135 
20830 3207 8940 10020 
20831 8596 5752 10562 
20832 9936 5825 10349 
20833 5836 9528 9929 
20834 8684 6775 10114 
20835 5048 5982 10500 
20836 9575 8391 10647 
20837 9350 8730 10075 
20838 8809 3873 10507 
20839 1054 1052 10645 
20840 5175 9473 9789 
20841 8704 5942 10448 
20842 5904 8397 10590 
20843 9994 3866 10254 
20844 9515 8707 10496 
20845 6051 9088 10007 
20846 8905 4128 10100 
20847 4455 9305 10012 
20848 3177 9901 9902 
20849 5866 8825 10603 
20850 7107 8935 10650 
20851 7251 5785 10507 
20852 4538 8845 10559 
20853 8489 4254 10464 
20854 9886 8212 10345 
20855 5957 8505 10566 
20856 1570 8754 10182 
20857 9616 377 10158 
20858 6195 6017 10465 
20859 3177 9023 9901 
20860 6370 8891 9967 
20861 5305 9808 10458 
20862 4160 4430 10484 
20863 9922 9107 10460 
20864 1701 9849 10422 
20865 6291 5305 10231 
20866 280 9870 9980 
20867 9653 5994 10513 
20868 5901 5072 10379 
20869 8134 10237 10639 
20870 6165 6164 10425 
20871 9769 6246 10591 
20872 9640 6215 10537 
20873 8959 9423 10513 
20874 6395 9945 10543 
20875 1544 1542 10326 
20876 8863 5877 10626 
20877 9941 8829 10519 
20878 5087 9049 9932 
20879 9621 534 10540 
20880 3437 8873 10139 
20881 2017 4631 10613 
20882 6007 9625 10609 
20883 4397 9954 10461 
20884 9112 5032 10036 
20885 6117 9984 10494 
20886 7131 7130 10558 
20887 4397 9624 9954 
20888 4129 9132 10609 
20889 4823 9243 10060 
20890 9098 4431 10214 
20891 6152 6153 10293 
20892 6947 8615 9988 
20893 5996 5995 10328 
20894 9657 7127 10266 
20895 3980 3343 10393 
20896 6741 6738 10551 
20897 10161 5635 10416 
20898 8940 9260 10020 
20899 8380 8869 10496 
20900 7055 9281 10527 
20901 1386 1381 10414 
20902 8711 9467 10277 
20903 7898 10497 10610 
20904 6044 9951 10564 
20905 28 9186 10229 
20906 7049 9140 10546 
20907 5466 4161 10375 
20908 4188 8710 10277 
20909 5814 8638 10062 
20910 517 518 10618 
20911 3962 4397 10461 
20912 8323 1707 10482 
20913 7124 9761 10085 
20914 3839 10299 10362 
20915 9281 5233 10527 
20916 1570 10182 10345 
20917 6209 10058 10407 
20918 8502 3876 10546 
20919 8463 3517 10300 
20920 9548 6544 10179 
20921 9023 9236 9901 
20922 4495 9157 10044 
20923 6229 9592 10157 
20924 10191 6251 10482 
20925 3218 9805 10321 
20926 2011 9586 10001 
20927 9914 6306 10463 
20928 9344 268 10222 
20929 8062 9454 10298 
20930 1953 10115 10519 
20931 5311 8253 10382 
20932 3848 5619 10575 
20933 8657 371 10335 
20934 9516 5900 9903 
20935 9256 6554 9963 
20936 6277 9933 10473 
20937 9221 3736 10029 
20938 1267 9629 9907 
20939 9813 3062 10155 
20940 9829 2451 10123 
20941 8935 5903 10206 
20942 1573 8330 10388 
20943 3323 9206 10045 
20944 9410 5353 10411 
20945 1327 9346 10065 
20946 4791 4804 10436 
20947 5977 9458 10031 
20948 8480 9579 10414 
20949 5257 5271 10474 
20950 5701 5700 10317 
20951 8911 6247 10336 
20952 6870 5319 10324 
20953 8350 276 10531 
20954 8240 5557 10371 
20955 3584 4495 10451 
20956 3323 10045 10632 
20957 9395 2163 10193 
20958 9617 8657 10335 
20959 3298 9511 10545 
20960 6298 9941 10519 
20961 5533 6762 10462 
20962 4120 9769 10591 
20963 5628 9722 9905 
20964 8944 6245 10539 
20965 9050 5469 10406 
20966 5619 9764 10575 
20967 9682 6101 9911 
20968 2655 1976 10477 
20969 7141 9441 10102 
20970 8780 5787 10289 
20971 10444 7177 10596 
20972 5788 10135 10416 
20973 3874 9814 10421 
20974 9814 7555 10421 
20975 6 660 10629 
20976 5903 5901 10550 
20977 9272 3205 10107 
20978 8641 9091 10180 
20979 9364 5484 10107 
20980 10180 6729 10297 
20981 6119 9821 9949 
20982 5835 9748 10037 
20983 9241 4297 10108 
20984 10207 5953 10580 
20985 9567 7090 10200 
20986 6959 8966 10244 
20987 939 8855 10104 
20988 9467 8312 10277 
20989 8475 8192 10488 
20990 9702 5888 9879 
20991 6306 6434 10463 
20992 5444 9362 10261 
20993 9164 8905 10100 
20994 5768 9366 10478 
20995 6392 9621 10540 
20996 10060 5986 10557 
20997 9870 7028 9980 
20998 572 574 10560 
20999 9028 4576 10233 
21000 9826 6104 10303 
21001 10119 1847 10396 
21002 5809 8502 10546 
21003 1513 3590 10552 
21004 10006 5925 10095 
21005 6889 10481 10594 
21006 8620 8862 10168 
21007 2236 10049 10601 
21008 9741 731 9955 
21009 6056 9691 9860 
21010 9849 6121 10422 
21011 7190 6117 10494 
21012 3048 8900 10516 
21013 9400 3456 10209 
21014 3822 8888 10230 
21015 3819 9456 9993 
21016 7730 9461 10237 
21017 5054 9370 10014 
21018 5318 9296 10085 
21019 6248 10415 10534 
21020 5457 8882 10177 
21021 9464 5635 10161 
21022 8671 10001 10097 
21023 7131 10138 10571 
21024 9417 6322 10290 
21025 5612 9714 10000 
21026 8739 6314 10333 
21027 6225 9520 10069 
21028 8615 9477 9988 
21029 9556 7068 10358 
21030 3731 9669 9899 
21031 738 9251 10373 
21032 6125 6124 10469 
21033 6582 9292 10213 
21034 8726 581 10573 
21035 5875 9733 10130 
21036 8943 5247 10309 
21037 9407 9381 10360 
21038 4140 10148 10149 
21039 9474 5769 10643 
21040 9322 6607 10226 
21041 6314 9843 10333 
21042 9127 5858 10532 
21043 1847 8967 10396 
21044 9242 4045 10072 
21045 10299 6276 10362 
21046 4809 4817 10625 
21047 8935 5726 10650 
21048 5577 9937 10390 
21049 5452 9935 10018 
21050 494 9581 10486 
21051 5009 9142 10635 
21052 9233 1547 10172 
21053 735 10022 10505 
21054 4140 9081 10148 
21055 9574 3418 10154 
21056 8829 1953 10519 
21057 8985 3160 10617 
21058 5499 9657 10266 
21059 9401 6407 10636 
21060 8965 6452 10204 
21061 5794 9018 10247 
21062 6833 9146 10471 
21063 5327 9628 10516 
21064 652 9739 10055 
21065 6466 9687 9863 
21066 6428 9880 10141 
21067 6825 8863 10240 
21068 9138 6705 10508 
21069 9420 5633 10402 
21070 8702 3047 10456 
21071 5901 10379 10550 
21072 6528 9445 10651 
21073 5439 6149 10615 
21074 4153 9291 10444 
21075 6735 9446 10642 
21076 6266 9588 10056 
21077 9401 5750 10068 
21078 9473 3024 10255 
21079 9711 5121 9926 
21080 9134 7253 10271 
21081 8860 6701 10608 
21082 6405 9105 10187 
21083 3477 9165 10074 
21084 10045 6240 10632 
21085 10032 6040 10640 
21086 7231 9927 10352 
21087 9858 7225 10358 
21088 9330 9264 10584 
21089 9511 5431 10545 
21090 8378 9538 10304 
21091 9288 3207 10302 
21092 9632 5334 10302 
21093 5395 9326 10620 
21094 5633 8993 10228 
21095 9371 5853 10554 
21096 9225 1484 10201 
21097 9053 5610 10646 
21098 9005 4662 10242 
21099 8888 6846 10230 
21100 9458 4647 10031 
21101 5633 10228 10402 
21102 9249 5409 10219 
21103 9081 9038 10148 
21104 9187 5266 10225 
21105 6843 9682 10606 
21106 9995 1621 10305 
21107 9848 6898 10080 
21108 9132 8691 10609 
21109 3111 8609 10524 
21110 9897 5905 10549 
21111 5949 9459 10260 
21112 4650 9781 10000 
21113 9027 6917 10239 
21114 9739 7174 10055 
21115 9479 7280 10430 
21116 732 9433 10603 
21117 5038 5039 10654 
21118 8839 10336 10602 
21119 9757 2009 10445 
21120 2399 9776 10136 
21121 10314 6519 10655 
21122 8862 4570 10168 
21123 9287 4378 10368 
21124 5860 9815 10555 
21125 6348 9565 10400 
21126 6102 9876 10003 
21127 6431 9410 10411 
21128 9250 6091 10656 
21129 9114 4153 10596 
21130 5885 9910 10429 
21131 5353 9223 10411 
21132 5875 10130 10593 
21133 6001 10133 10380 
21134 4263 9914 10463 
21135 8993 5346 10228 
21136 6800 9330 10584 
21137 9120 8726 10573 
21138 5649 9005 10242 
21139 10012 6275 10121 
21140 9247 3283 10303 
21141 9397 6296 10368 
21142 9236 3414 10385 
21143 5910 9600 10162 
21144 8750 9401 10636 
21145 9178 4074 10307 
21146 9850 9028 10233 
21147 9375 6516 10165 
21148 9039 6151 10446 
21149 9364 4547 10341 
21150 6246 8918 10591 
21151 2138 9445 10483 
21152 5862 9697 10232 
21153 1493 10096 10351 
21154 342 8796 10420 
21155 9673 4597 10517 
21156 2004 9189 10633 
21157 9609 8350 10531 
21158 3232 8938 10637 
21159 8775 1402 10653 
21160 9030 2862 10334 
21161 8939 6629 10597 
21162 6276 9317 10362 
21163 10425 2004 10633 
21164 9091 9811 10180 
21165 9662 5708 10492 
21166 6294 9772 10473 
21167 9779 8794 10128 
21168 10152 6503 10567 
21169 9442 5461 10520 
21170 5068 9303 10318 
21171 6407 9504 10636 
21172 9757 5970 10251 
21173 5961 9617 10335 
21174 6149 9120 10573 
21175 4665 9958 10600 
21176 9506 6548 10071 
21177 290 9333 10288 
21178 5632 9705 10154 
21179 9443 6255 10501 
21180 6085 9734 10126 
21181 9067 9114 10596 
21182 1548 9067 10401 
21183 5909 9563 10480 
21184 5695 9407 10360 
21185 9578 5851 10517 
21186 9423 1077 10513 
21187 9160 5070 10440 
21188 5946 9457 10571 
21189 6717 9623 10638 
21190 6107 9170 10376 
21191 6381 9959 10119 
21192 6119 9949 10272 
21193 7471 9896 10131 
21194 6381 10119 10396 
21195 9553 9615 10274 
21196 3182 10006 10095 
21197 5769 9416 10643 
21198 9264 1107 10584 
21199 5824 9253 10521 
21200 9600 2503 10162 
21201 9253 5860 10555 
21202 9843 4418 10333 
21203 6309 9612 10395 
21204 9927 6764 10352 
21205 9772 8482 10473 
21206 10401 9067 10596 
21207 10122 8111 10186 
21208 6005 9553 10274 
21209 5517 9190 10522 
21210 9769 6771 10602 
21211 9875 2682 10019 
21212 9887 6660 10305 
21213 9017 8860 10608 
21214 5803 9873 10177 
21215 10185 5778 10437 
21216 3108 9238 10433 
21217 9146 4058 10471 
21218 5861 10158 10370 
21219 10238 7285 10467 
21220 6663 9850 10233 
21221 9223 9755 10411 
21222 8559 9635 10460 
21223 9798 3104 10310 
21224 9215 3323 10632 
21225 1621 9887 10305 
21226 5710 9127 10595 
21227 10169 3276 10170 
21228 10337 6741 10551 
21229 9728 5884 10429 
21230 5938 9604 10450 
21231 10171 244 10535 
21232 7068 9858 10358 
21233 9901 9236 10385 
21234 6596 10197 10198 
21235 9604 6448 10450 
21236 9924 4141 10245 
21237 9825 8864 10224 
21238 5777 9735 10365 
21239 7539 10143 10354 
21240 10143 7242 10354 
21241 8315 9859 10400 
21242 10183 8475 10488 
21243 6692 9581 10491 
21244 9432 5876 10593 
21245 6255 10254 10501 
21246 3145 9555 10424 
21247 2548 10313 10407 
21248 6149 9919 10615 
21249 10181 4723 10349 
21250 7248 10086 10398 
21251 9855 3181 10250 
21252 10336 6247 10602 
21253 5334 9632 10554 
21254 6983 9575 10647 
21255 10389 774 10627 
21256 10077 8321 10415 
21257 5969 9757 10445 
21258 6540 9922 10460 
21259 6060 9924 10245 
21260 9933 6277 10299 
21261 3048 10516 10566 
21262 9910 3842 10429 
21263 5807 10222 10561 
21264 518 10343 10618 
21265 9811 6729 10180 
21266 271 10198 10263 
21267 1098 9263 10594 
21268 9615 2561 10274 
21269 7177 10401 10596 
21270 10001 5796 10097 
21271 4455 10012 10412 
21272 9701 4813 10583 
21273 10158 8642 10370 
21274 4314 10122 10186 
21275 9836 1076 10599 
21276 6203 9836 10599 
21277 9266 6915 10659 
21278 4495 10331 10451 
21279 5847 9785 10568 
21280 10058 2548 10407 
21281 9755 6431 10411 
21282 5825 10181 10349 
21283 10133 4400 10380 
21284 2908 9897 10549 
21285 5087 9932 10487 
21286 10096 6651 10351 
21287 5979 10169 10170 
21288 5628 9905 10628 
21289 10148 9038 10351 
21290 10138 8508 10571 
21291 6661 9995 10305 
21292 9890 3272 10626 
21293 4823 10060 10557 
21294 6975 10183 10488 
21295 3054 10161 10528 
21296 5035 10238 10467 
21297 10182 5882 10504 
21298 7616 10185 10437 
21299 4185 10068 10342 
21300 9609 6965 10578 
21301 10254 3866 10501 
21302 10343 8561 10618 
21303 9887 6508 10565 
21304 6247 9769 10602 
21305 10521 9253 10555 
21306 10512 4335 10639 
21307 10331 6714 10451 
21308 9965 5807 10561 
21309 5920 9964 10635 
21310 2994 10207 10580 
21311 6124 10413 10469 
21312 10610 4604 10614 
21313 7898 10610 10614 
21314 10049 7017 10601 
21315 10130 243 10593 
21316 764 10448 10547 
21317 10448 5942 10547 
21318 7201 10389 10627 
21319 10413 768 10469 
21320 10286 3975 10629 
21321 2617 10521 10555 
21322 5975 10512 10639 
21323 9092 4044 9519 
21324 9141 5741 10038 
$EndElements
